state_index,snr_db,delta_near,delta_far,sigma_n2,eta,relay_alpha_2_selected_relay,relay_alpha_2_gain,relay_alpha_2_optimal_rho,relay_alpha_2_min_avg_pep,relay_alpha_3_selected_relay,relay_alpha_3_gain,relay_alpha_3_optimal_rho,relay_alpha_3_min_avg_pep,lambda_1_optimal_rho,lambda_1_min_avg_pep
0,5.82368963597508,0.07486069004847877,0.3801657519924735,0.5008775507609291,0.8396092571669395,2,0.8484655470148067,0.353,0.30530101875736027,2,2.4778074447528122,0.277,0.259277505651046,0.343,0.2974395310976804
1,32.2003181986783,0.04003033619934976,0.04017959259872148,0.7112665507606308,0.7173776205307771,5,0.18242637045656757,0.066,0.0002899333538824711,5,1.0532914190304419,0.029,0.0002636814607877014,0.029,0.00026414858939075025
2,2.002800543193802,0.0029011228179523685,0.372003229884704,0.9790128376915841,0.6175487754411074,6,0.08326970075850705,0.418,0.4622190902940284,6,0.3278711650248691,0.404,0.4289808628857197,0.372,0.38969106118638835
3,23.491600719403202,0.02901444706192103,0.13138642956673777,0.7240351111660043,0.9453721309719619,8,0.8500701256679558,0.07200000000000001,0.009426441314973583,8,8.162520470807326,0.025,0.008578800665842129,0.067,0.009324353814412961
4,13.202631672537263,0.047003403371041995,0.07841746642075673,0.7525871115177117,0.9862054031621335,8,0.1076041023850941,0.324,0.08870765298219838,7,0.30590044958493295,0.23900000000000002,0.058778533233935726,0.154,0.04247909284033269
5,23.105600233740834,0.06296375033045316,0.19536210136837484,0.6058710306499522,0.7578519195346255,6,0.26351787417846717,0.154,0.02980089729167798,1,1.3895780979849954,0.074,0.025817866349376578,0.08600000000000001,0.026335237441062115
6,7.941684533899316,0.6307171039017958,0.8737148810275271,0.7623991247096342,0.8402219206789164,3,1.4009955924208737,0.28,0.3401544715799194,3,9.966695231201761,0.137,0.314243170638196,0.309,0.34723506224202016
7,0.17801566724189755,0.0733636693786178,0.3292098615575994,0.7024460454572938,0.8084946299022759,6,1.1923383442647502,0.381,0.42586542551016326,6,6.591905060305331,0.306,0.3699053294935983,0.386,0.43101891051367563
8,38.88529540001378,0.002437869333479714,0.4153954397387124,0.6033205766186336,0.9246417883168785,1,0.10656693865146555,0.042,0.08616998751264726,4,0.564184725783749,0.019000000000000003,0.0848204748879044,0.014000000000000002,0.0845641621434153
9,7.8963042829771934,0.17325389708638184,0.7129832884878522,0.9596151107530648,0.9628393618179626,4,0.46611277852277594,0.316,0.2836735244445939,4,3.6797005665975067,0.16,0.23506388571985445,0.255,0.2604397427163717
10,31.794073267910935,0.022511765739834988,0.07572138807799597,0.5112672542123434,0.604341110219359,1,0.36864099400974665,0.066,0.0012836663210880617,1,1.0501139461606024,0.04,0.0012130605352839163,0.041,0.001215520697666811
11,14.529141757921376,0.04978020536474503,0.8987499593165476,0.5188652734636737,0.730612897393109,2,0.7932303011593664,0.218,0.1902516105514443,8,5.785311286648714,0.099,0.17641959516714212,0.2,0.18776839077136154
12,34.3675351462523,0.02758367554559907,0.11953209354461904,0.9190777229492078,0.7287236945446098,3,0.3432148706128796,0.036000000000000004,0.005281594745398049,3,1.0543006937092023,0.021,0.005141630128221886,0.022000000000000002,0.005146577906711303
13,6.214092611392134,0.03423789473668553,0.14697304314195053,0.7421366071760679,0.684143054954671,2,0.3903742176652118,0.371,0.3004829850191675,2,2.4501158982809423,0.245,0.21180447302946917,0.312,0.24962468962725223
14,18.568269351324748,0.04690162853409819,0.5047700753063222,0.9078814706284858,0.8712519600334452,8,0.30911674885523205,0.17500000000000002,0.12250316622322152,8,0.708165651342897,0.125,0.11754888928586896,0.108,0.11604408193407159
15,29.468284151508072,0.11755581951403109,0.13388150531863457,0.6379298746456165,0.9298229350757845,3,0.12138091853000357,0.10500000000000001,0.014756099155134261,3,0.3044531310827588,0.069,0.01373236890124191,0.039,0.012999693414451757
16,25.1455754087781,0.009180603953024403,0.01058541894556047,0.784927822780808,0.884924253671111,1,0.14745916044453064,0.106,0.0002825170195384086,1,0.4128862328595751,0.066,0.00023602377409639996,0.043000000000000003,0.00021453228474982433
17,11.94960403840265,0.013745196616271159,0.018128145420004453,0.7695214721781606,0.654174969318855,3,0.686994468792987,0.224,0.06727046288589211,7,3.7744124494877513,0.114,0.04531728127274859,0.196,0.06022058025336077
18,17.95947384129689,0.04678630195985701,0.08223954498574466,0.903508523541153,0.9674034794467066,3,1.8356273435831263,0.07,0.009594147091436911,3,8.920407420779696,0.033,0.008590461788466758,0.093,0.010304568349513571
19,37.000523637315624,0.0941108013461172,0.09783996760181285,0.5140664186524242,0.9032342105854054,2,0.11869553172293655,0.054,0.005199294919941033,7,0.2990320210413694,0.035,0.0050079875033222365,0.019000000000000003,0.00486606003587875
20,7.087104764000904,0.002310517999640197,0.009817309056155356,0.5776315271620214,0.8318360681445979,5,1.8275177441134236,0.249,0.1851802365913011,5,11.415790623226425,0.127,0.13940562294921807,0.294,0.21082071261953395
21,10.452402378541441,0.01176602502177621,0.013259239078605068,0.596567929046063,0.9529486063409581,7,1.0707362215283973,0.20900000000000002,0.0903643032110216,7,4.141868773719755,0.123,0.06885817196499594,0.214,0.09197502092807558
22,6.9618250285335925,0.007485583862643864,0.02660381661106264,0.8887365689941045,0.9292710275852446,2,1.655941599929045,0.218,0.17467046481039342,2,10.605588052998339,0.106,0.13678364315085087,0.256,0.19235689188046123
23,9.043399528951161,0.0064963430133011596,0.017420772610847533,0.7134798107720564,0.7378548064698042,4,0.13773514810752202,0.385,0.24218025643633728,4,0.32512405715258014,0.333,0.18722278028777956,0.248,0.1361185859725742
24,17.41074385796751,0.00994652986633226,0.22641958518328364,0.8445086063533763,0.7945054296691032,5,0.13766654322001787,0.263,0.061221047625029,5,0.6109409986490506,0.151,0.047237426285209994,0.123,0.04478039582053997
25,21.558486188300265,0.06359453239790992,0.3840849299928518,0.7173208318586025,0.70142545571312,4,0.2966569839129497,0.164,0.09075039012822317,4,1.19016796603189,0.091,0.08437281818404699,0.098,0.08493823416215643
26,30.14122712550148,0.01815876823466451,0.9600542846096208,0.6002174460593763,0.6447879086647762,2,1.262993567713911,0.04,0.16666955950765874,2,12.211424221396058,0.013000000000000001,0.16555672478047734,0.045,0.16687266504541665
27,28.90301615687147,0.03502214221289734,0.07562851128304297,0.6810899117333437,0.7061240695929533,5,0.25544536928347905,0.084,0.001588249078041365,5,0.8287092758007378,0.048,0.0014578862615955424,0.044000000000000004,0.0014440710971953263
28,27.99703312388531,0.009340312799257719,0.03040840908607319,0.7854095322633627,0.982513683990944,6,0.5721209189555102,0.044000000000000004,0.0001465434008300348,6,3.228447055437733,0.019000000000000003,0.0001351631870245562,0.033,0.00014163537446962304
29,20.37965880745937,0.01413274439501156,0.6312286860121338,0.7767111843053203,0.7408942256535894,2,2.7948133723370843,0.066,0.13272669273085957,2,24.372895530517514,0.023,0.13022129082171066,0.10500000000000001,0.13529567307462603
30,4.462715602448357,0.0020823606976622952,0.019478875391827605,0.6603755565228904,0.8518988289912655,4,0.11799329029782078,0.41300000000000003,0.40828304985603603,4,0.4500493455727925,0.375,0.3451361498487069,0.333,0.3038985990298998
31,39.36282982848023,0.044475510948892884,0.06093805795252582,0.9531110044115959,0.641249163151115,6,1.2768088112860847,0.011,0.00060648287832471,6,7.275799807133313,0.005,0.0005987178466803633,0.013000000000000001,0.0006082335257464877
32,27.42762240850819,0.05141461650982634,0.5120363195369526,0.7605917999253728,0.6975011095881672,7,0.44338244160480633,0.076,0.1112355034951946,7,1.8432344293404126,0.039,0.10890138070456373,0.052000000000000005,0.10970178282702722
33,29.119602257898684,0.03247359698760317,0.10225453869723504,0.7670353358799404,0.7096482641739107,7,1.2348082952125101,0.038,0.0034956787261518074,4,7.881769230414428,0.015,0.0033470088958572064,0.042,0.0035238813872767727
34,32.4900525176459,0.07918329159540939,0.17234797481559136,0.5970088056157535,0.8382823881924452,4,0.29109890585748355,0.055,0.017397190116896083,2,1.963207984104139,0.022000000000000002,0.016521731372817317,0.031,0.01673693203895807
35,35.58729235473756,0.017472748296568984,0.07756660136752173,0.7689189851627818,0.8515187494732208,2,0.3042077986741146,0.034,0.0012071400925078024,2,0.6381423736691754,0.024,0.0011828103807972612,0.019000000000000003,0.0011720755938758876
36,33.263218498782855,0.8407438648030698,0.9167625082089572,0.6811496403521687,0.9885817458037935,1,0.47337464187600925,0.035,0.31859152801395363,1,1.129558374361906,0.023,0.3175274898563222,0.024,0.3176504815817879
37,20.91275545243722,0.12300053452017641,0.179014886554454,0.9992893262454131,0.8079714033505027,3,0.20998369129618644,0.162,0.036032125015233146,3,0.6416965501957913,0.1,0.031636655831012606,0.082,0.030555389859694443
38,29.400146020772233,0.01599671123772749,0.02914863660688721,0.5911301901948978,0.9916603155819641,3,0.5113201020793213,0.046,0.00010794501318803218,3,3.1903332821140475,0.019000000000000003,9.917610320589465e-05,0.033,0.00010367787501355807
39,32.681938878836725,0.18174729852292393,0.695313667857191,0.9257859548936944,0.7924744825060797,7,0.07380785552384066,0.08600000000000001,0.16090352292489338,3,0.2798232102778357,0.046,0.15754407089377997,0.025,0.15590377688669033
40,2.4278672821587786,0.006754749569663551,0.13569563688085237,0.8479648766901926,0.6830348479165865,5,0.7735753466014722,0.373,0.3834721539252488,3,3.910370042639127,0.28500000000000003,0.31593770889199707,0.363,0.3725492069912828
41,24.135118628719038,0.07467608188038263,0.09260813443923165,0.8152702205216918,0.6163275755101437,3,0.6310028756592599,0.08700000000000001,0.005507680280960936,3,3.2475994631778744,0.04,0.004914555483733041,0.07100000000000001,0.005280994529894861
42,35.9680604318213,0.011112738656734067,0.0763200656119551,0.5037061474212932,0.6591426976465032,5,0.3116350106826092,0.044000000000000004,0.0011558477853040594,6,0.9136371706043083,0.026000000000000002,0.0011144100970933157,0.025,0.0011118970341180978
43,27.703119675993296,0.05586495516927657,0.06375323887067846,0.7281195830163593,0.7895355093912011,7,1.2567325640217268,0.041,0.0013652955564860958,7,7.221980607971486,0.017,0.0012921738857862852,0.045,0.0013810658832546507
44,27.981602010667984,0.028974037596622922,0.7176468574601995,0.6843671906368876,0.9132189220283996,8,0.5666361715284901,0.059000000000000004,0.14322956057165348,8,2.4907476493093044,0.029,0.14165645439819197,0.045,0.14248538295522778
45,0.6826596322273604,0.08829222296719515,0.11446397261704164,0.7080190545578924,0.7279637296508746,4,0.44439842168398797,0.397,0.4445593780424558,4,1.2606214145088097,0.375,0.4136901713576121,0.382,0.42131397144461125
46,37.55626198987526,0.19092080921306803,0.47905803479410897,0.8106984381005005,0.6254264118736257,6,1.736092844188552,0.013000000000000001,0.1192447687240551,6,11.159601307490894,0.005,0.11860754580160765,0.017,0.1195807619640527
47,13.475732932745863,0.009650926172121365,0.07084435844138721,0.6346338353906993,0.6711953460304737,8,0.8557045455633719,0.196,0.0434241580978775,8,7.154732759380731,0.08,0.028887366333078035,0.184,0.04154984608671014
48,11.53170288263332,0.013898591162067965,0.9533536796697039,0.9462045260800518,0.9163539484502494,1,2.419756453289666,0.131,0.19869642090213044,1,23.68904477253015,0.047,0.18871101281406932,0.185,0.20727508954568924
49,9.982204633981322,0.009971331103691063,0.06095154864894467,0.965876609364247,0.6684248668386636,8,0.9147526336130767,0.222,0.10658284268621837,8,4.052931197401402,0.125,0.07982419412088212,0.215,0.10426229670821266
50,37.90865301770539,0.016166156796235107,0.06275552301551389,0.7077235082318571,0.8312848594462534,2,0.3006484807534934,0.028,0.0005443970581090196,2,1.9426748365754278,0.011,0.0005265567562470486,0.015,0.0005310464463285092
51,31.879973741015917,0.011209222409118444,0.023642340240078615,0.7792086592992948,0.8689987212146629,7,0.5298577159159996,0.033,3.7936704105734353e-05,7,4.458671347895933,0.011,3.561722061729e-05,0.024,3.695320580784922e-05
52,9.75406431549223,0.017584237805603364,0.05396598310010137,0.916171900935021,0.7939450838021106,4,0.5307110511361055,0.259,0.12607405884429226,2,1.8255222893087961,0.168,0.09429272096032063,0.21,0.10707580513106196
53,17.30835722585088,0.04393236376019629,0.527563951138414,0.6484814741382381,0.6137338114823719,7,4.135751331563407,0.08800000000000001,0.12063202158633457,7,32.95859779600994,0.033,0.11645183434390965,0.16,0.12755790311676546
54,33.90861281638507,0.0475891497302406,0.9542931626985204,0.8113016856834814,0.6309330432331611,6,0.9221079920371514,0.027000000000000003,0.16582485132793864,6,6.852390767631371,0.010000000000000002,0.16513088499452339,0.026000000000000002,0.16578128428673952
55,22.400110632229516,0.005271862270745871,0.9099393177021393,0.7483792517558054,0.904104363546938,8,0.9675266757053541,0.081,0.16484936311660375,8,5.05857600316759,0.037000000000000005,0.16277395313832435,0.079,0.1647889759547671
56,29.75228323155794,0.02497235957679795,0.7891494931125242,0.6391008468722147,0.9740408008362561,4,0.32755543234657947,0.064,0.15183341936612738,4,0.8035886483862692,0.042,0.15073205663502073,0.038,0.15053082820021663
57,19.154117519244515,0.07550707225555782,0.17422055963747546,0.5683646682619184,0.7778649958103532,1,1.2016552066508615,0.115,0.02808763681803611,1,11.490072548519192,0.04,0.024244228910120375,0.124,0.028678631858460757
58,30.682078929340882,0.01582795466415056,0.19001817601501322,0.7313713354978263,0.8073062529542017,2,0.12748825842714553,0.091,0.021873047846762556,5,0.7012583633062642,0.041,0.020280253758223565,0.035,0.020096192330460727
59,25.983462481531756,0.061749651065236576,0.17312502385747444,0.652684224160598,0.7503494341291357,3,0.2860541119103647,0.11,0.019626524819451485,6,0.8406274076732705,0.067,0.01819283301184607,0.062,0.01803311196025456
60,9.62964459910854,0.07876293683318947,0.7070013993436552,0.9664790206363406,0.6702270450424642,7,1.7956742609624379,0.199,0.2122002488150468,7,15.636777141989478,0.081,0.18936284677072845,0.243,0.2241754051959713
61,10.843111173366554,0.05819861711976409,0.16321008763563447,0.8487883453556192,0.7601229358960739,4,0.28934009103464203,0.306,0.14104983299379584,4,2.1338901363587413,0.155,0.08914654582029896,0.20800000000000002,0.10244839050890275
62,20.260016006446445,0.04050235621813927,0.056392395710798016,0.972883986851985,0.6745549624131119,6,2.925905930091414,0.05,0.0034358567706484766,6,28.516341741976454,0.016,0.0030933695747633327,0.082,0.0038344744460219182
63,35.13208208497436,0.03988799296725709,0.09391254286177347,0.6857401695519428,0.7474654200333203,3,0.23187388747141272,0.046,0.002511716383897744,3,0.5847240456465699,0.029,0.002432377119860163,0.022000000000000002,0.0024014906899893773
64,8.903236513681424,0.0645778525659827,0.07267707729379443,0.9173163831428429,0.9514242461336339,2,0.7126723898037074,0.24000000000000002,0.14120252882592815,2,4.664148798192076,0.11800000000000001,0.10214797448408919,0.215,0.13098698708724824
65,36.56651720754162,0.04870967083148554,0.06831708591215228,0.5430865962526435,0.8261321788642102,5,0.19038896385393286,0.045,0.0009984178385076814,5,0.4760200566408751,0.029,0.0009648974520988507,0.02,0.0009475822112029186
66,9.084670002218154,0.4767530704531899,0.8705412664263538,0.6827480803848097,0.6839271032623719,8,0.3958821185324156,0.384,0.35129800733471206,8,1.7673382998422769,0.259,0.3122441331708791,0.308,0.32476390085261436
67,0.14399098441950717,0.0029548790387848734,0.02389033811651285,0.933801036431016,0.7399492270560076,5,0.720056120490015,0.384,0.43256190495436253,5,3.0542107134380907,0.334,0.3849297788162146,0.376,0.4227354099362598
68,16.031400130001735,0.028593904715928545,0.02961679458934243,0.9325401310035958,0.6890726966832752,8,0.22441061380082902,0.219,0.020638372507686686,8,0.701657968226516,0.14,0.014338896708431248,0.12000000000000001,0.01322971045034077
69,6.822804369627389,0.16242966932036268,0.992950660537274,0.6241595924118599,0.8330898599036365,7,3.8308125547652194,0.215,0.2800764378787076,7,35.65791685028928,0.08700000000000001,0.25334856985455284,0.32,0.31527086714821617
70,16.159347641905892,0.02953083558679708,0.06672853992135831,0.6060309079302055,0.7631386117469408,1,0.3345886762960652,0.216,0.022666011035496175,1,1.8262230451779764,0.108,0.014565283290164155,0.14,0.016422454584541835
71,2.0030038159071695,0.9417128882422975,0.9726973854852229,0.691891410536818,0.8155750225146441,2,10.943075083116472,0.263,0.38529736757130983,2,98.70343318429882,0.117,0.3629963414344208,0.41300000000000003,0.4357775572566347
72,38.04561826896341,0.008071397437931655,0.8328624351924709,0.5626717750833123,0.9060594823041355,3,0.36608961618273533,0.027000000000000003,0.15458080939264326,3,1.0877764185426244,0.016,0.15408654434428168,0.016,0.15411588598923348
73,32.91084498164286,0.09839650195610479,0.15896539476200663,0.8668045638165183,0.812625398763725,4,0.06478193079426328,0.091,0.016751665029510532,4,0.15121209860829074,0.061,0.015890735317688115,0.025,0.014955001571722276
74,37.087745583981054,0.013319011757862927,0.03690118615405815,0.758384746610804,0.7046678330717643,5,0.25581385454223116,0.033,8.156024982380883e-05,5,1.1220840180586238,0.016,7.84814538027645e-05,0.017,7.864442104363323e-05
75,36.52765496917406,0.06470852765460819,0.07872968565359709,0.6716977581963146,0.7042459216649515,3,0.15915759172547958,0.049,0.0019328277862521726,3,0.6222164122942827,0.025,0.001842432769772473,0.02,0.0018235760106588006
76,30.759345670382345,0.019024895930266666,0.1537329580361659,0.7093736473937949,0.979226573736253,3,0.44393958453099147,0.047,0.011640953143027849,3,4.093092519280974,0.016,0.01108314500519303,0.032,0.011359563935096795
77,17.5257859115643,0.24734033262021127,0.9076595561831681,0.6174913234441367,0.7658556214449084,6,1.0275669074163565,0.148,0.21728236100460827,6,4.004195032398892,0.082,0.20924859472297785,0.15,0.2175086158834798
78,7.843278336804923,0.025816971360715327,0.15569852579428006,0.6428895783506424,0.8312593848061993,5,0.3798539456310297,0.34700000000000003,0.23784250627427633,5,1.1516398849595593,0.266,0.18412634926682864,0.277,0.18979666514095672
79,29.712383184413305,0.0014724248927966877,0.046205500448052134,0.9377775335387426,0.974753874346293,8,1.3303504092870733,0.025,0.0002605972587080563,3,7.441300910151909,0.011,0.00025167586363453176,0.028,0.00026303179999528914
80,21.641843016575663,0.13758123261609864,0.7140426712868384,0.6662930153303085,0.859550268415607,2,0.3137494308864095,0.152,0.16176844311045424,2,1.1284118659610414,0.08700000000000001,0.15589169930195126,0.092,0.1562929843962847
81,10.66364888169567,0.0035857727980986385,0.07224476816372138,0.9009554245126024,0.635531907508964,1,1.9038299265396,0.166,0.07822799454355195,1,16.809729099786324,0.065,0.05887083600044174,0.212,0.09052483438067771
82,31.46759472459273,0.003334323464546357,0.06363944770465704,0.9438206966134637,0.8321816198571016,1,1.9114580608612575,0.019000000000000003,0.0006372885013576912,1,11.569009810041235,0.008,0.0006221482549835788,0.027000000000000003,0.0006472724135977992
83,26.241572163754896,0.03288917586381533,0.16586552377946315,0.7448593884801382,0.8549192663381916,8,0.6874126681165169,0.064,0.015533097056599082,8,2.9983318813995705,0.032,0.014739432265941127,0.054,0.01526793535268936
84,3.089605615348794,0.019641975729774448,0.04590578684570157,0.8184120093099783,0.7120093449987416,7,0.47843826713945514,0.383,0.3838589889518359,7,1.9476374630817403,0.315,0.32003803039468387,0.353,0.35026098732403754
85,22.944193645872225,0.0006692384549102137,0.05047321295451734,0.8198360882292323,0.9956319866200988,2,1.5160280160046606,0.046,0.001162500999000865,2,14.774406182601332,0.015,0.0010535309702903173,0.056,0.0012022055435585988
86,8.165800062908163,0.018937570617215037,0.02482013733529357,0.6038430179622409,0.7332482603108605,1,0.27797267432863987,0.367,0.24438981863485065,1,0.9009024453990594,0.28700000000000003,0.17871161756003115,0.279,0.17407204690193764
87,35.871506280067585,0.00690333893687293,0.11825743533974298,0.9266113246330288,0.8733449371817386,7,0.8013483558570286,0.019000000000000003,0.00488604584874508,7,2.541696866632261,0.010000000000000002,0.004819694742267622,0.017,0.004870063066704067
88,12.24350428121658,0.08899515374937395,0.14513644049341556,0.924397375071399,0.6573303380690425,5,0.14570026051207027,0.343,0.13387286989119504,7,0.5761150529614066,0.231,0.08708466193055595,0.189,0.07663593552262637
89,2.404171499696149,0.059092206563583,0.13579695860127844,0.677550935627355,0.6492177546625594,5,4.15318400254756,0.3,0.3253373247746642,5,31.186902063403473,0.161,0.2663334527550002,0.374,0.38517496836553455
90,29.15739447954585,0.29472014666817226,0.6310385868247145,0.5607197478954583,0.6699052316065179,1,0.9794745821104848,0.051000000000000004,0.18280948666988872,1,6.386209061002291,0.021,0.1796002606686896,0.051000000000000004,0.18275448373840825
91,36.597260164804176,0.017110064874607346,0.16457394137766362,0.6683775107839152,0.6710398392301986,5,0.11815046009631633,0.057,0.014039850220330385,5,0.15726464376525942,0.05,0.013878363798388471,0.02,0.013264176094691577
92,22.599647299944888,0.02632391674271296,0.07765588598432045,0.7524402778496139,0.7960709752270354,6,1.8324348601811924,0.054,0.002880479715700074,6,10.738632803711143,0.023,0.0026498772766840595,0.07200000000000001,0.003029639095100789
93,19.654985203689645,0.0003124537226635493,0.01796843142293118,0.8806178093381595,0.8657610346406804,5,0.24568222384386912,0.14100000000000001,0.0033729868224650628,5,1.2981797500512957,0.067,0.0024272357571595016,0.075,0.0025152941439472165
94,25.52103436604951,0.021794672566551154,0.06786093884740092,0.9141212962103523,0.9509312463698681,7,2.611487139351295,0.029,0.0012809767077787415,7,18.250853187295103,0.011,0.0012264632420216914,0.045,0.001337670914538236
95,10.741384639608176,0.056922027999974194,0.06497418890131222,0.9976921031702092,0.706529007971806,4,0.5645461762806057,0.23900000000000002,0.09974981467760732,4,2.0188938738287683,0.149,0.07458350015126317,0.196,0.08611144615454375
96,2.5736524303929627,0.04217663270927014,0.07526862513691394,0.6241199815986764,0.9154640232056703,8,0.18894026915741496,0.406,0.4320598490210878,2,0.5294509429645324,0.384,0.3949913247808138,0.361,0.36785988919510154
97,9.155621363291486,0.008100282142209873,0.028604390693951525,0.6110736057571484,0.7297208238734609,5,0.164985303189335,0.384,0.23668257088247832,5,0.4828278632574529,0.314,0.17075697665686312,0.258,0.13870679237599245
98,30.440736865605405,0.09979477032169562,0.8589190705644212,0.5700168122283295,0.8515156076806638,6,0.48712576376472316,0.055,0.1616504749956393,6,2.3706222006358066,0.026000000000000002,0.16012948008903052,0.039,0.1608085673068024
99,20.474312111974413,0.702588708154776,0.8444586200540715,0.773375801662962,0.6568182477274964,5,0.7231958338709122,0.128,0.30680279929334103,5,2.3802162228690737,0.075,0.300758463056397,0.111,0.30479061905559635
100,21.322791533407287,0.9345589605554634,0.953380506908033,0.73341317645586,0.7340919707817507,4,0.3531084356096186,0.155,0.34236129750180444,4,1.183850854358405,0.092,0.3357132432001232,0.099,0.33642146714360627
101,29.901632868220997,0.002765309208810718,0.005390852969788533,0.8850643920951984,0.8889975613688345,4,0.7807258043313506,0.027000000000000003,2.2126690142315608e-05,4,4.4133829516399885,0.012,2.0787353791990038e-05,0.024,2.1850516740501424e-05
102,10.499404213322306,0.6797137360273325,0.9843018017931886,0.5311822092956731,0.6310182851409678,2,0.1950065179399016,0.442,0.39502203859011925,2,0.5326653687787893,0.367,0.3669676769678317,0.313,0.35262077186314444
103,31.55450750769545,0.9918907837643789,0.9949502267488681,0.7716806116890188,0.8700936526037706,1,0.6580717402737788,0.036000000000000004,0.33808092678802254,1,5.029458342198692,0.013000000000000001,0.33626015643711293,0.030000000000000002,0.3375423740145539
104,7.106872804600777,0.10417727387418269,0.1817394549858865,0.5153200573089242,0.6714477998685905,3,1.636071135930979,0.291,0.2206487135194881,3,16.013820636798705,0.131,0.1581607556198971,0.327,0.24384837166465667
105,22.62446770194552,0.41792566416923727,0.42861927006523043,0.5601730252767213,0.9742823419867158,2,0.6379312544468049,0.10500000000000001,0.18630385037299602,2,3.041151873956084,0.051000000000000004,0.17909628750191608,0.08600000000000001,0.18360871036935272
106,23.567798262552362,0.004481178082797514,0.0685387140071465,0.5899539768361104,0.9373721397276421,8,2.0621864145553213,0.048,0.0017548358926198493,8,18.039914481045944,0.017,0.0016128067930245849,0.067,0.0018557156739937575
107,2.19494038869803,0.3026197986229404,0.4181800830003115,0.6646558488535448,0.6123890754133292,5,0.3347128122136548,0.418,0.4410627720634474,5,1.0759982230635285,0.391,0.40443701543831845,0.393,0.40702703762219095
108,9.471002578473776,0.012626181820193805,0.027218068037074054,0.7448009110311504,0.6291598829615268,8,1.1697635230565149,0.23600000000000002,0.12153089201362605,8,7.200796615373449,0.11800000000000001,0.08591065613318474,0.248,0.12661964578080961
109,29.272068753468204,0.03779961152702615,0.05662690031478683,0.6815368706440096,0.6863184907962887,2,0.6020972092682484,0.054,0.0006788935343608749,2,4.001481638334247,0.021,0.0006273936897371324,0.042,0.0006594907552854579
110,23.686227775243463,0.1776162299531676,0.4167996804409887,0.880346710507707,0.7070916660784465,2,0.09950608003194251,0.194,0.12304636539471858,2,0.17902022166382506,0.153,0.11739439035474919,0.07200000000000001,0.10828907883825434
111,0.8886828417089351,0.012573294080084112,0.018339394923997436,0.9297868670583624,0.6398618943175528,4,0.191106929509692,0.403,0.4570075353654512,4,1.5544270155051665,0.36,0.39525025561701,0.375,0.41112795348154973
112,32.28793003928224,0.28337122965195594,0.5852701898809934,0.7758828832357663,0.8504029238708346,8,1.035099319738774,0.027000000000000003,0.16897293796194476,8,5.351173808973453,0.012,0.1674775852626136,0.028,0.16901999163883186
113,34.639035520473044,0.013251706931543466,0.018206345457644536,0.9093227789555404,0.6415109117925245,8,4.05450733476152,0.010000000000000002,1.3623989428807048e-05,8,38.3244572317962,0.003,1.3379440745336924e-05,0.019000000000000003,1.4000374047445918e-05
114,14.687897611749243,0.0213741406202179,0.05390782755043332,0.6435656893412317,0.9229704851580475,5,1.4104304195803044,0.124,0.022252452288619717,5,12.670744162088354,0.045,0.01699486333250322,0.14300000000000002,0.02394762129931416
115,21.64895030645845,0.16519300751466348,0.19837236700989835,0.9490881769256356,0.9877417807959977,8,1.3146145962720337,0.064,0.042408785919055614,4,9.361482185006478,0.025,0.03996450692937814,0.07200000000000001,0.043002923552486694
116,14.374366894865217,0.1460415840645789,0.16373028561619554,0.5801065389386555,0.6202230959115728,4,0.5017470916922969,0.257,0.08375139095964626,4,1.0541379298755684,0.198,0.07051902706833091,0.202,0.07127166437293178
117,13.084667397321393,0.040508460042083874,0.06201305176053877,0.67894890843954,0.671848200526842,2,0.2953630663124683,0.281,0.07052612953887691,2,2.1565617847198912,0.137,0.03911990476677124,0.186,0.04672816604299965
118,12.370160777218524,0.018146381586833668,0.024542701562115684,0.5157163574744317,0.693840959528326,6,1.9084736406196343,0.168,0.04875672628101449,6,16.93759753805958,0.065,0.03462062727007509,0.214,0.058281186532784246
119,20.160358519505607,0.023681364330433212,0.24071200714662117,0.929494630216216,0.6183698588493308,3,2.4785688281114053,0.069,0.04035192805773635,3,22.043964459394672,0.024,0.03804715782934376,0.10400000000000001,0.04244682138971062
120,15.413089277761612,0.01966688317102269,0.1874080070745582,0.7197088877070734,0.8180314492053709,5,1.1024473391531808,0.14400000000000002,0.04418078530343511,5,6.715643208632393,0.065,0.03709381969649023,0.15,0.04482257687312019
121,9.139650141320114,0.011183425737639925,0.07559191889403653,0.713885301457027,0.6330886288305696,7,0.2720096373375704,0.356,0.20671871191485633,7,1.1954616350545906,0.245,0.13591791022466787,0.259,0.14221013418960254
122,19.04755434422556,0.03764387766799167,0.0688201676902732,0.7055826849172121,0.8484335460379924,2,1.4190738470639068,0.083,0.0061697465476723,2,7.554525378739721,0.038,0.0053311726213843835,0.097,0.006480505527513586
123,10.720635027590648,0.07586633186542384,0.1351059012531902,0.7706055047081167,0.7598629915277337,4,2.089332550946955,0.164,0.0894421237811951,4,20.365565360842055,0.061,0.0698437099717368,0.216,0.1035162046276906
124,13.653676624369654,0.013442824650402493,0.07097350901116774,0.7833125856553527,0.9843089312671846,7,0.3761346857677336,0.21,0.043976155969451425,7,2.7105701596709357,0.093,0.028703113606436265,0.14300000000000002,0.034029628837034975
125,10.079941145869215,0.004113298446758293,0.0528795160058455,0.6935243256250807,0.7065488380991133,6,0.11637888889749275,0.388,0.21611626444374707,6,0.48448240450971225,0.29,0.1338811091828627,0.234,0.10821285818585799
126,10.747083952681708,0.00804685775864191,0.02305010307877854,0.8971352614887118,0.6345920487888267,2,3.331516996323531,0.13,0.06564931937742524,2,29.562769426144143,0.049,0.05222223328372416,0.20900000000000002,0.08466405257876664
127,17.81714662321009,0.003330783518624437,0.009323327410637596,0.5077766410003549,0.6562138071057873,5,0.6079743321883334,0.162,0.0075132309533130215,5,2.524577915289803,0.08700000000000001,0.005372338746709698,0.132,0.006509199333291665
128,21.49563543291449,0.03707324476784689,0.1632144648000523,0.9067995617086403,0.6516856427810047,3,1.0378660892502187,0.08700000000000001,0.018215368249383024,3,9.374315024613727,0.031,0.016435809641844934,0.08800000000000001,0.018268133369526207
129,12.630840396766235,0.012255978080127789,0.020675851409772232,0.6574605821721934,0.6652422251606517,7,0.5263667456072142,0.243,0.0614450282698725,7,2.580982564403639,0.133,0.039716022056454164,0.194,0.04988997180487348
130,37.87878261578045,0.008179522677081514,0.016730140574859102,0.8160060607124693,0.9745855952379405,7,2.780727694109704,0.007,5.534651000949076e-06,7,22.952940515802005,0.003,5.469543559177836e-06,0.012,5.60280333256058e-06
131,10.017221562851173,0.06368850505643968,0.7462009874970243,0.644715363077239,0.6375153448934894,5,1.232657615144794,0.254,0.2253298948571695,5,4.351415924496536,0.162,0.20260614624346673,0.271,0.23069534324699575
132,16.206786767754796,0.18464404312059593,0.6505239141270055,0.5960221928260807,0.7896171589201216,5,2.6287368461340024,0.112,0.16924698505520153,5,25.685741871642144,0.039,0.16119100248768112,0.167,0.17689834532183976
133,12.615860337049218,0.08916061341421715,0.12846335855911875,0.9425969785317668,0.6430664660887645,7,0.1917696671841246,0.313,0.10765918882765521,7,0.967886874055746,0.185,0.06753840009986287,0.182,0.06707089704015476
134,22.329342874680933,0.05661023019594166,0.09571288797110539,0.5912966112050714,0.8905352173049578,6,0.5621421960642463,0.10500000000000001,0.006220284180806723,6,4.09040115262028,0.042,0.005266568282625145,0.081,0.005821063100149626
135,9.484865738314884,0.0025949059507274675,0.03988612878239704,0.5580440889336493,0.9088236213002278,4,0.2741431233530907,0.34,0.18222862092909925,4,0.9864657676835188,0.243,0.12453111046578222,0.242,0.12408851487202832
136,28.598894519822082,0.028581831941820884,0.03347298035963055,0.6990318649132089,0.9478804967640925,8,3.5060779040244587,0.019000000000000003,0.0001995175242775482,8,27.670627513038518,0.007,0.00019272868723468894,0.035,0.00020914262396098948
137,22.354319419290725,0.008522118474722985,0.015291377708499546,0.8208253965346382,0.6343975833769117,5,1.4386834989894424,0.057,0.0007642674394248428,5,8.783359004493489,0.024,0.000669118775815214,0.068,0.0007990592160945775
138,29.310863013179862,0.027900466378437024,0.06081362569846997,0.9910246089304047,0.8683653093693646,1,0.4165960605040262,0.048,0.0007154684050332261,1,2.2876632877903442,0.021,0.0006711371196561899,0.031,0.000687666893713218
139,10.934752777404555,0.07736859902905521,0.12545130645573643,0.9512420050287024,0.8041653871998937,7,1.4428883132208998,0.167,0.08523160538208308,7,12.483025470589455,0.065,0.06625729778537875,0.192,0.09149669622707024
140,18.649045075711904,0.020517747666587847,0.4896978671512222,0.9811244613878414,0.9897273395862645,2,0.6935500469349142,0.115,0.11251553545601828,2,2.3664170275966128,0.066,0.1087186511649165,0.098,0.11112159872139932
141,0.8064967439776435,0.06888802998259376,0.4439754306029256,0.9478640185742379,0.9035864666299909,1,1.7461197711192564,0.34800000000000003,0.3885839539434089,1,11.995898334264169,0.223,0.330194267645473,0.372,0.40770967482076864
142,3.0923198193560837,0.015633852277055424,0.04269798138521191,0.5279501316322841,0.917510117088488,6,1.0122815800404203,0.361,0.3581241985495114,6,4.772981637981362,0.267,0.29110993053900797,0.362,0.35868938017780116
143,9.270489159112167,0.8624867344412835,0.9351178873767452,0.555984741035223,0.8608350665702919,3,0.26404144705085175,0.41700000000000004,0.39693518089442986,3,0.8405579883212209,0.324,0.36965028483901063,0.309,0.3662853236613718
144,27.515005993044532,0.016467054954236338,0.01696481983681722,0.855855343300384,0.6324989069545308,7,0.3421963517376671,0.066,0.00012004306427004785,1,1.1598680953112614,0.037000000000000005,0.00010739026859044043,0.039,0.00010848926396997416
145,28.21212093955819,0.8900206147603296,0.9551656080795317,0.9029378913946121,0.9608370125951241,1,0.6068331117655603,0.048,0.3276732807626163,1,2.1772486917256333,0.026000000000000002,0.32575566258420874,0.038,0.3267755003934703
146,9.130999543803243,0.02677136683495759,0.11982280251809854,0.93947303586991,0.7220030087796828,6,0.3568470632388672,0.311,0.1752753348998603,6,1.3922574321951682,0.20600000000000002,0.12579007581577653,0.231,0.13493579580321277
147,14.802385445730195,0.005172116333539535,0.13021431886237922,0.5390724618260251,0.9964605604220568,7,0.18491551948837498,0.28500000000000003,0.057966284723810824,7,0.5403935625348314,0.199,0.040853448901383566,0.156,0.03541762842220664
148,17.993159205844343,0.023104164873174238,0.03295161423878584,0.7139077683120439,0.7336358235004702,7,0.4620322221076873,0.151,0.007565551742633181,5,3.598981838968927,0.060000000000000005,0.0052102478078459025,0.108,0.006290967817542903
149,34.8441316183578,0.019947053432861957,0.0630919642453632,0.6117060022178533,0.8585999977538081,3,1.3735960951325994,0.019000000000000003,0.0005745623661294053,3,6.8789430125762285,0.009000000000000001,0.0005623032600570455,0.023,0.0005784381247650183
150,17.603317468110372,0.1486310431439457,0.1568340983936354,0.6288185217426132,0.7218724332616925,8,0.628446667253941,0.17200000000000001,0.04595217583844699,8,2.76565081249362,0.091,0.03823787653985633,0.14200000000000002,0.04275652336060928
151,37.51453694156752,0.022982171112859943,0.033501301146324415,0.8454685027176017,0.9996116754498421,4,0.12555591345132705,0.036000000000000004,6.949653929452793e-05,5,0.43452921010369416,0.02,6.69571944429681e-05,0.013000000000000001,6.598179159064688e-05
152,15.365508937985686,0.012585119020787069,0.07547468959383324,0.7771649855281395,0.8073620279327222,2,0.10227763494713359,0.302,0.04538162299397161,1,0.26290320638530273,0.225,0.03008267700305889,0.133,0.020612280795260424
153,12.507039479792159,0.015986608167818044,0.058217311108352654,0.51708201321786,0.9118969286478702,3,6.776634805436587,0.08600000000000001,0.03755097412080102,3,60.194401503551276,0.031,0.03193604247870244,0.192,0.05387100716158261
154,20.876176717205418,0.06455878781767536,0.6911447759581401,0.9435653711400338,0.98283873234065,6,0.3891450697758177,0.121,0.14643719145208448,6,2.3593370349807343,0.054,0.1418788569280592,0.08,0.14353984124050334
155,8.618410618993664,0.7130368479982301,0.9603025247792315,0.8627009787275961,0.872705793722662,5,0.8012074232000368,0.302,0.3560131456502498,5,4.240825332558905,0.17,0.33234656292237685,0.28300000000000003,0.35182693231352363
156,17.315080532871526,0.0006442556292811286,0.009317671003281102,0.6465985322015764,0.6627335120205204,2,0.11579558416617632,0.279,0.017828097752330213,2,0.1581063829819231,0.253,0.015014975525533852,0.124,0.0076362452788447666
157,33.10880632558217,0.009888527947854157,0.02850160516784546,0.5331410789952531,0.9777556076831501,5,3.07318526002965,0.014000000000000002,4.461106034941986e-05,5,29.45462441123963,0.005,4.350730509464218e-05,0.025,4.587639408137889e-05
158,19.31401707552754,0.008295564965586913,0.13589432030974163,0.936846133597786,0.7759160756569043,2,1.3729851738035024,0.083,0.014357438219457674,2,10.036222181544941,0.032,0.012837884454265036,0.095,0.01480150414550549
159,3.5231714357302133,0.0011115041149678138,0.022906044785700335,0.7720824931802143,0.9458758717025489,2,0.9564469392577002,0.336,0.32693093964681474,2,3.4292497617061537,0.251,0.27336195334218605,0.334,0.3248331219488544
160,12.72877634290768,0.0887441054802529,0.12849177731022687,0.9517653799197727,0.873215616161788,2,0.14874006067858303,0.306,0.10246628414525091,5,0.23844139438700523,0.267,0.08747182769783435,0.16,0.06134975279473037
161,22.16959065320657,0.0889158912487305,0.16812328056852957,0.7361901025125753,0.7246450241473796,7,0.5575260408409525,0.113,0.022994358625030825,7,2.3073580508544738,0.059000000000000004,0.020708233833767964,0.08700000000000001,0.021825151313126706
162,14.216847319716027,0.02765675779695553,0.5536303048822333,0.8292132131833923,0.9951428014413379,1,0.26574738919301083,0.249,0.15749638777997294,1,0.43870581342339415,0.21,0.14994516487138457,0.154,0.1412729790290766
163,28.346627928487514,0.0805484100423339,0.12029661715745948,0.9031880602925505,0.6661260825889179,2,0.1270572527070644,0.113,0.008581553301236944,6,0.4014113017797882,0.067,0.00776437803567534,0.044000000000000004,0.007409678809947001
164,7.5941245350262845,0.016276935254863376,0.10876099992212722,0.6023957772912891,0.8035197423002629,4,1.0850176122418584,0.28,0.19338610559723,4,9.976258415727921,0.128,0.1334338199270935,0.28600000000000003,0.19697759268554313
165,5.363580961122504,0.05788999039770792,0.3174601919263238,0.7911488874740586,0.8820013169150059,5,1.6041936303298325,0.278,0.2623890280044564,5,7.429677799423155,0.167,0.21885566893886743,0.313,0.28172143104488645
166,11.935966141653966,0.23604649673065348,0.8408516768797774,0.8262668016300568,0.6865846936710018,5,2.3071040840035244,0.164,0.22821636843884358,5,18.984053036969218,0.065,0.213608342060061,0.224,0.24008944633783016
167,4.333511106965706,0.08154590386425507,0.12503952067904625,0.9131730750838329,0.8369849864758278,1,0.10700779113516712,0.41200000000000003,0.40507002268612335,1,0.19190488722549795,0.398,0.37939983830335167,0.319,0.29798974563537123
168,37.36300185308784,0.0007685435325297996,0.022652688430871745,0.7446352447895602,0.7397672383621096,8,0.23917840080777622,0.032,1.4267431392683827e-05,8,0.8157391123361786,0.017,1.377429029972288e-05,0.016,1.3719091728675581e-05
169,11.848862465726409,0.029537614176954715,0.0967525182300712,0.9091783403944766,0.6383050819218927,6,0.5287466026187383,0.24000000000000002,0.08158335054446211,6,1.9884572604645758,0.147,0.05924014398647526,0.192,0.06856315860113471
170,33.11626086089217,0.026038200850257282,0.06942931851320616,0.8527257009639212,0.7445357602993183,5,1.8782936891799304,0.018000000000000002,0.000846268872703726,8,13.044358987532295,0.007,0.0008272040798812108,0.025,0.0008578980510321188
171,3.7594837978131457,0.12455797751793683,0.16247164262476252,0.5014574362465606,0.8313836758348676,1,0.40499649758112755,0.399,0.39092957701008885,1,2.1118454786494603,0.323,0.3144360817286197,0.365,0.34926968778170175
172,33.185083544990526,0.02247799931597981,0.022919604149358046,0.57410452489153,0.6877974772733644,1,0.23142115567825738,0.057,4.6925967992828e-05,1,0.5754940792650414,0.037000000000000005,4.4277803021020024e-05,0.028,4.322023171665634e-05
173,6.405391160821577,0.022950363155671647,0.02983911808390194,0.911249564549972,0.926664442050559,3,0.11308548170500984,0.397,0.33107763733565554,3,0.40768859847696376,0.331,0.25536170655645885,0.267,0.2121468998169349
174,35.20443698612107,0.02211072174450685,0.07328911319826373,0.653202045631785,0.9878824261429717,7,0.4234982529192713,0.030000000000000002,0.0009932910885903368,7,4.147593620042648,0.010000000000000002,0.0009540337432323576,0.02,0.0009729014551631832
175,38.50978579117133,0.010386816741739444,0.10433919375994061,0.9054489877781342,0.6389876373828498,7,1.2235015898677983,0.013000000000000001,0.0031782095575261793,7,11.713579953139076,0.004,0.003129407083658692,0.015,0.0031859869418911224
176,0.5751945878936882,0.027418841009735403,0.03850028869977391,0.7941006063854632,0.6510946792151748,6,1.463211171954032,0.371,0.41024374337402514,6,13.90549434857095,0.248,0.3326118839891675,0.381,0.42282563089568326
177,33.19256503283787,0.0594528215345485,0.06421891253719197,0.6054890329449306,0.7508797019957135,7,0.2746248821449895,0.054,0.0011781905641239654,7,1.2055282679875625,0.027000000000000003,0.0011092577429023531,0.029,0.0011152160191430782
178,25.123451759832943,0.021576484368152203,0.19931343596053558,0.5766903997787571,0.7997840567848385,2,0.556262163294558,0.092,0.025645111843670743,2,2.7861178775945845,0.043000000000000003,0.02383643715461825,0.07,0.024797704401502946
179,11.760609622633138,0.004916379319050241,0.05055092767858659,0.7567960825959826,0.9542204657777914,7,1.0458942929727377,0.17200000000000001,0.05953764162729003,7,6.824033126844544,0.077,0.04408278747395877,0.17500000000000002,0.0601681682787909
180,11.379035789796122,0.06590067952122532,0.0663671404960082,0.5020416951828833,0.706459458307068,6,0.45979382623504883,0.299,0.11298763830873546,6,1.2050223113138219,0.222,0.08325228848270694,0.23700000000000002,0.08777189109866379
181,15.921409784036415,0.006543210065174151,0.012553809441043947,0.5566257846847743,0.7347198525206005,4,0.4567914348227196,0.199,0.01813722452244751,4,1.4354331594338403,0.125,0.012962749137412688,0.146,0.014159279438726857
182,30.445019132604497,0.010795746471360584,0.06401490578098364,0.9346725993889702,0.6790924753529749,6,0.3589232583965709,0.054,0.0007383646226513385,8,0.638353645182823,0.041,0.000716592101069613,0.033,0.0007038365770744015
183,10.582798381623906,0.07560640379812635,0.18343488698006474,0.6577035361692273,0.92357685068443,8,0.36887953883326763,0.298,0.14773740131667976,8,1.9759046782322118,0.17,0.10234626912109143,0.219,0.11597701995192486
184,5.580225252472263,0.14780004231308438,0.7257278650994509,0.7753468307512796,0.7239802070937704,3,0.26606727569526606,0.40900000000000003,0.3791270612194643,3,0.7853176068004591,0.35200000000000004,0.3336047841275729,0.336,0.32415939246127573
185,27.41715072618831,0.042858973144993644,0.06716749002993118,0.697012421061163,0.9695950691475831,5,0.25993172493648664,0.081,0.001388606999145725,4,0.7051524277522959,0.051000000000000004,0.00128329721231768,0.043000000000000003,0.0012586236115678107
186,19.501966525718732,0.08944536474414416,0.4285100566862783,0.7995679983007886,0.6406934033745965,3,1.4208790287512854,0.10200000000000001,0.10093577115890945,3,13.599629083301394,0.036000000000000004,0.09560580890630174,0.11900000000000001,0.10249160566359616
187,0.7001923253622655,0.013058493711680021,0.7111645204312659,0.7444395699433267,0.7351877198823619,8,0.9434068682774132,0.393,0.43137927666623355,8,6.6049634141525475,0.304,0.3716108590203683,0.391,0.4297407949540737
188,26.057244855955144,0.01896319359587796,0.06576347128367992,0.6567298261543111,0.7021312404897276,6,0.21519681160849535,0.11800000000000001,0.0014049271566104193,6,0.8110893751552208,0.064,0.0012025500754860863,0.058,0.0011831120237306425
189,37.97929118795702,0.01621136104525535,0.7230791453586202,0.8876610420729587,0.8143617164112404,1,1.3435094262910074,0.012,0.14134402614511088,1,12.480164619974698,0.004,0.14096380693340196,0.014000000000000002,0.14143415306720647
190,21.16938455441143,0.07569025445579186,0.08313524204335428,0.6585367614197045,0.6465113726924461,6,0.25126304927147836,0.177,0.009143892214915128,6,1.1006275143942956,0.094,0.006977491746850362,0.098,0.0070630308181347246
191,15.17515268110482,0.003592418505083472,0.2335658904027553,0.5132447656982421,0.8947982866346796,1,0.10719503958137264,0.35000000000000003,0.10598760839241853,1,0.3402560654711653,0.254,0.07594836773074765,0.17200000000000001,0.061892908950857
192,20.0072968548133,0.03024781242522655,0.23393371414701847,0.9624044709014619,0.6034613990738245,8,0.681809185449607,0.124,0.042006636940978226,8,2.5972992228251286,0.068,0.03857185739257599,0.10500000000000001,0.04074930909999108
193,22.099330616459426,0.011836485352530771,0.14201729338241956,0.8659282993890214,0.9611347923771636,4,0.16711233126641123,0.155,0.01466929869505651,7,0.29085054946779243,0.123,0.013564352279803571,0.07100000000000001,0.012112211186323996
194,28.480138307633037,0.39102467065173824,0.6865903688754827,0.7824108750860738,0.6789641849195942,8,1.5598509135683054,0.038,0.21755509972763915,8,11.729642276619932,0.014000000000000002,0.21502301866746257,0.047,0.2185528805551605
195,30.418927084009244,0.39003203379282037,0.8582865180288398,0.9187359292498108,0.8704401548336,6,1.4226707026708272,0.026000000000000002,0.2357894703352889,6,12.371693134113107,0.009000000000000001,0.23410562098530815,0.031,0.23628242262631066
196,6.591724013906685,0.016902143990782385,0.017407835843638336,0.9885667988237373,0.9272195405832682,8,0.9376501490971125,0.261,0.2042222115518889,8,9.152464459574084,0.113,0.1474182942423011,0.256,0.20166931971983534
197,18.234637326695314,0.04813885176460127,0.14211980541975025,0.7726254606300874,0.7625671798004612,1,0.7329181867031725,0.132,0.021395502663335675,1,4.6799126584989095,0.057,0.017813323411858012,0.115,0.020486663451545345
198,21.935162153028323,0.053323673083042915,0.07152055697350362,0.6302184245938159,0.9636065982255062,7,0.8664254117777115,0.081,0.003780850526662105,7,2.6839141426836575,0.048,0.0034274291293052705,0.076,0.0037217966157838123
199,32.88377669203795,0.92053245148824,0.9527278211333968,0.7025375765555097,0.8056638359539088,4,0.33654367135170066,0.047,0.3299851151193002,4,2.6277876577829233,0.017,0.32748402746985367,0.028,0.32834957063781384
200,26.472639933772044,0.017757980849251613,0.028919423804695796,0.594218454696968,0.8225565970076618,5,0.536583442515914,0.064,0.00025128079669686776,5,3.060610054677654,0.028,0.00022090050689393959,0.048,0.00023678917752686934
201,30.906648958229873,0.019167557606370837,0.19031790719076316,0.8921762140559802,0.7900738853637591,1,0.15705207108993835,0.075,0.02138600615603939,1,0.47704846263691214,0.044000000000000004,0.02044315415334369,0.031,0.020063554780257564
202,13.761079114037566,0.02625818659921256,0.06600402316320617,0.9523454608196301,0.7038419468098148,2,1.0758365929905194,0.146,0.03317875684126592,2,5.089329522158159,0.074,0.026030689611697022,0.15,0.0337197417335556
203,5.223535064172124,0.04431899866342809,0.12414713657616745,0.6532259424284844,0.8063259972828686,4,0.5794794345098002,0.359,0.3114482891444058,4,1.8475844708460698,0.28400000000000003,0.25435127136385155,0.326,0.28291198774439463
204,36.889427759734254,0.7201535421417024,0.7931830276456107,0.71588359483219,0.6574996149900297,5,1.2799877982860426,0.017,0.2911513490442502,5,8.875960560199788,0.007,0.2901671727776751,0.019000000000000003,0.2913604117707226
205,29.5367297963031,0.09247808683678321,0.7721522372316213,0.7877140434737256,0.7347076387041656,3,0.4372816454239148,0.059000000000000004,0.15217154897327673,3,0.9610354539403525,0.04,0.15115658106601054,0.04,0.1511152018840455
206,21.301984761275833,0.06549962807544603,0.6488586180637346,0.6935962491423853,0.6298168365974978,3,0.09559783760654138,0.268,0.15488754273102553,3,0.43976496926582714,0.152,0.1428515785654648,0.107,0.13935912450817484
207,29.250468682012524,0.05871044101294607,0.1962963744332972,0.7597135277276181,0.7228011057222321,8,0.11144372288005082,0.115,0.025413289588300636,3,0.24416576461128653,0.081,0.02404053599972722,0.042,0.02267544222183618
208,35.52399734389282,0.16755737590812525,0.7214678954400818,0.8675431554814265,0.9471293063722942,6,0.5721321645992875,0.023,0.15565233312601184,6,2.7061154570174764,0.011,0.15482538824473985,0.017,0.1552783090647703
209,29.030437523193076,0.004949709436535928,0.012162331548310801,0.7920874484203368,0.7948796892666784,3,0.11262845293842341,0.085,5.047799711632717e-05,3,0.3388685350509171,0.051000000000000004,4.3644078613652715e-05,0.030000000000000002,4.0185925536506684e-05
210,39.56598698230073,0.6920372913167768,0.7479556320763815,0.830317547102413,0.9853764219219528,8,0.508778065971822,0.015,0.2819737087992017,8,3.312156769838665,0.006,0.28109573947051814,0.011,0.28155958540032916
211,27.78657735039503,0.0861741245595039,0.19869754392588335,0.9143114331968446,0.6840789051746666,2,0.4851026652845534,0.065,0.02588378577242198,2,1.7570897801333245,0.035,0.024773101149853427,0.046,0.025167443146581037
212,12.628805557737142,0.8141226523482388,0.8791744762227163,0.7787399954986235,0.9052182153725405,6,0.4494523574000137,0.273,0.34709918565745546,6,1.7861420417205403,0.165,0.33022548666845253,0.20700000000000002,0.3360602638579049
213,8.709045964113697,0.11799128482341964,0.12521960291712095,0.6175419562441189,0.8259701985768625,6,0.053455458450827845,0.436,0.33668022982614637,8,0.11109351673792339,0.41100000000000003,0.2885187904534759,0.265,0.16659366051943555
214,27.52040524535945,0.016423760877312885,0.7872877672018772,0.9680264363157723,0.6837954792374761,8,0.5421623916332066,0.062,0.15158050460553013,8,2.8032891502360453,0.028,0.14991348711599006,0.047,0.15079558413122673
215,16.19025437968002,0.06403036698847223,0.5142135536650635,0.8413916004695392,0.8695108976932598,1,2.363908378136119,0.095,0.1226284188581164,1,20.82797763437342,0.035,0.11735612244217147,0.137,0.12704978502718017
216,6.559322344477622,0.01631102166097963,0.7755229748678358,0.589962063806809,0.9927241796804598,2,0.9964639699018546,0.309,0.2955439579110999,2,3.6028638848339836,0.211,0.25892440664052285,0.309,0.2954169340268097
217,25.16879973906862,0.04757927307103852,0.32907114167644125,0.8766848832531323,0.8336548007045065,2,2.0256425302323047,0.041,0.06319731929137473,2,15.76138393385771,0.015,0.06177678837946207,0.057,0.06415008717690018
218,21.013364799255353,0.03940016632549239,0.05586555288035696,0.6608190068548747,0.785096335082578,7,0.405693096246748,0.127,0.0036305399790888815,7,1.6295935303062699,0.068,0.0029292525903603928,0.085,0.003107831637915559
219,28.761131128523555,0.000977555362123058,0.0675878802950913,0.6627584016812202,0.6326332539679362,6,0.6659805505489417,0.058,0.000969567445015973,6,4.02160559548555,0.024,0.0008969187958078051,0.048,0.0009463320649107654
220,14.836984167014045,0.9100622624676518,0.9502179685636473,0.8756371494186409,0.6908998251244872,8,0.39789672201689247,0.252,0.35463933947141213,8,1.327557371172025,0.16,0.3421190604783147,0.179,0.34446896270025684
221,8.733253609198696,0.05622298466116165,0.3054562122346216,0.994222570104576,0.7438317856494897,3,1.2092678354498971,0.228,0.17360054306839348,3,5.6021255367856195,0.127,0.14429671728556004,0.243,0.1790849613400943
222,38.46795752751317,0.015376423792769246,0.01950323692468215,0.8437689081020175,0.7233308010681043,8,0.2241255162537292,0.027000000000000003,1.1330144805643538e-05,8,0.6257506347025679,0.017,1.1030759544811142e-05,0.013000000000000001,1.0939316023056422e-05
223,31.671647268325525,0.009475749169862905,0.027930412924267213,0.8426024817627601,0.6110781872838876,7,0.7482346336223338,0.033,5.4956700733466146e-05,7,4.005475428736182,0.015,5.2145339329956464e-05,0.029,5.427311159100778e-05
224,37.876362451623045,0.05781402562351209,0.1931623429932505,0.5748602987586172,0.8731259343802115,7,0.8082126491883451,0.019000000000000003,0.020617265531127638,7,4.699807531870167,0.008,0.020322831645151834,0.017,0.020566069772578216
225,12.39319835637336,0.04353668907948106,0.08634136827357045,0.5082348914116361,0.6445586483786016,2,1.6443287872862526,0.188,0.059154652686815856,2,15.781228566321492,0.07200000000000001,0.04123062725903598,0.225,0.06777563094123149
226,26.503280229916864,0.015113136083560517,0.01701038327863053,0.6759239696418772,0.6120439905715479,4,0.6011423645013758,0.063,0.0001657354029727942,4,4.579415018678674,0.024,0.00014234973751026114,0.05,0.00015707710208770487
227,13.42818996020262,0.05136006861678843,0.7969152270076676,0.9091037195431501,0.8906555232698641,2,0.24832894129954403,0.268,0.19851013383123411,8,1.0979418091652808,0.159,0.1789297424520789,0.164,0.179747065249285
228,23.312636038889888,0.06026207952850452,0.06168698521985842,0.6046390845050796,0.986758416401476,3,0.35227826267486645,0.108,0.0029629116091053342,8,1.4522062875562431,0.056,0.002533043459299694,0.067,0.0026130619970076707
229,35.95012794159578,0.11201186333073726,0.1697162438383742,0.5527584430814662,0.8983241530495721,3,0.15568959413703334,0.051000000000000004,0.01948175770670743,6,0.8621944575699716,0.023,0.018612088209760846,0.021,0.018567270293121885
230,36.76791633506581,0.056548877801046414,0.6316245763848176,0.7532657332706623,0.9104305075872814,3,0.31379178533129815,0.029,0.129603258967034,7,0.8697220040120994,0.017,0.12900357935235568,0.016,0.1289426512169889
231,0.9860027432837434,0.016827068136206304,0.030852057311197067,0.5909565575605236,0.9657102197333371,4,0.16287052239684552,0.405,0.4597895209971068,5,0.685172254300609,0.386,0.4230445877805409,0.376,0.41032741036475523
232,37.760796864461895,0.037926439675177,0.07058992424198493,0.5537426938176032,0.9133968941472101,8,0.2430065169094283,0.034,0.0009253325418515645,8,1.4618800671873435,0.014000000000000002,0.0008896757487600881,0.017,0.0008947031868329347
233,38.54464089855936,0.06526792880680084,0.1822953521269678,0.8410011525144417,0.9999807862472029,4,0.35514956128523234,0.02,0.018056872820507386,4,1.1236816362175306,0.011,0.017839550751586192,0.012,0.017856050164876014
234,31.667188630812618,0.03417518225540466,0.11667173272219566,0.6767720834211458,0.8717200432528364,3,1.5360190700723382,0.025,0.0049347299698879465,3,11.705653218650948,0.009000000000000001,0.004799715670131183,0.031,0.0049865693909558195
235,35.22903691000295,0.021361380842099983,0.022853926599327768,0.9697444045778192,0.9204320538050746,5,0.6711929432012083,0.019000000000000003,3.0268553710494084e-05,5,5.190322137870296,0.007,2.9372859678716834e-05,0.015,3.0012886557045926e-05
236,14.4224505199067,0.045668815305182915,0.07062230148475762,0.7519087250349887,0.8140672669773603,4,1.9862668851336696,0.11,0.025752944002117223,4,17.736243666828415,0.04,0.020662176555977907,0.148,0.02935102389836214
237,37.233144102928094,0.02908343805416906,0.11754105511528304,0.6528864313852492,0.6667711480154092,2,0.7191022391433397,0.023,0.004837300964654789,2,2.927573357825916,0.011,0.00474421870288122,0.019000000000000003,0.004809016549092521
238,36.00210068201944,0.005387160462723814,0.8982734450660366,0.9136386929879173,0.7080285420047908,1,3.3780506249688305,0.010000000000000002,0.1601250323673349,1,32.66800140605854,0.003,0.1598450967614285,0.018000000000000002,0.16047158085905938
239,23.546522306675396,0.0034639819341697265,0.02350421387216192,0.9022914727350579,0.8618412469430445,7,0.36970359010988335,0.08,0.0005683397559401171,7,1.4991393346706219,0.041,0.00048587908239058897,0.05,0.0005030315033636434
240,33.5411156227513,0.22998777049709568,0.34010923872203147,0.8505351197185598,0.7340374212707774,2,0.684146427651137,0.030000000000000002,0.09586233956759685,2,2.586243091590762,0.015,0.09459807311595678,0.025,0.0954103877273133
241,11.694217101986082,0.007941865928540234,0.04910112925840123,0.6330488269262708,0.9793080618196692,4,0.2751187217521886,0.28600000000000003,0.09544805404411802,4,1.1270935438338914,0.178,0.06181035068426374,0.186,0.06365598261954145
242,8.894645571153797,0.17747948644089792,0.19559939158814074,0.6934189046388441,0.8150700418178405,2,0.32033740634210245,0.35100000000000003,0.22867686644925977,2,1.7808448118170626,0.217,0.1614178018893518,0.262,0.1787325052388405
243,21.588404385628305,0.04020647473469661,0.984553830307007,0.9416246345227612,0.6686182609796479,7,0.26942966827391246,0.156,0.17563762038201983,7,0.5865249936389639,0.112,0.17312134773117702,0.089,0.17188234977156083
244,3.8856675367503897,0.008684022599933533,0.015324124236298775,0.5154217602472885,0.8894177420971663,3,0.35125440448660117,0.395,0.3854416739546213,3,1.954256762046215,0.314,0.30248636747335644,0.354,0.3347633284243564
245,10.35435956379425,0.064928494212067,0.13763833016365598,0.6242669207671231,0.7890609010141543,7,0.6958955675342574,0.264,0.12731730696711935,7,1.8527073612752802,0.189,0.10153109304415991,0.23500000000000001,0.11611389471062716
246,2.408951179462928,0.011377026852344636,0.04677404592295143,0.9057560583845978,0.7204299985252217,7,3.105578547046461,0.291,0.3188804042978143,7,22.974933662573505,0.154,0.26152128758056736,0.357,0.36658260725712244
247,18.081793994902487,0.02077491504009487,0.9957879857096259,0.8270141948111673,0.7505445470737807,5,0.5820322973946602,0.155,0.17867713683953754,5,3.5553103498062257,0.07100000000000001,0.1734393284242986,0.124,0.17657786335360842
248,13.483572044076382,0.007889135656697376,0.021764469237605503,0.8249976254518809,0.6733622754037256,6,1.4891422128344356,0.139,0.03137272868931015,6,10.06532999747212,0.059000000000000004,0.0237748636408468,0.163,0.03448306017267139
249,31.29696874442976,0.032748506274707795,0.062377486255054945,0.6641031095896892,0.8639450741688498,8,3.4425821693723475,0.017,0.0006658938091200217,8,31.03719891333953,0.006,0.0006498769651757108,0.031,0.0006871426905878941
250,35.9683640807871,0.07583083065050805,0.07822490634929737,0.8468731800055025,0.7003977137331064,7,0.2559275592714429,0.037000000000000005,0.002349691643990709,7,0.8242590079222254,0.021,0.0022758994017396117,0.019000000000000003,0.002267528453249068
251,28.08636729402367,0.15420585502601766,0.8482555320394156,0.9599195696990586,0.6073932160901814,8,0.33783671530791975,0.077,0.1711779565356944,8,3.375127697151813,0.026000000000000002,0.16770331886564793,0.046,0.16903810326650542
252,7.14361670687151,0.18875435997658088,0.6051114583868763,0.950818271291931,0.8544746640233135,3,0.2093434651668633,0.392,0.33299221512146326,3,1.4914172764108753,0.248,0.25926656964414,0.28,0.2707448403018308
253,11.898938454533852,0.44820879949800774,0.9860864699230372,0.8608249586143638,0.7854257651583312,6,0.1733721993392753,0.371,0.33662477796416657,6,0.21789264751809284,0.35100000000000003,0.3300426817935397,0.22,0.2980862275471033
254,0.5874560376898212,0.6822878238196763,0.993122923669709,0.9442965589504526,0.8214459368802378,2,0.7263707904933822,0.41300000000000003,0.4462836327403462,2,6.976972504072319,0.301,0.3935372158586308,0.404,0.43910251297806857
255,20.241908800638647,0.03464661775424996,0.4963812693171128,0.8741782112959323,0.9998025109351988,7,0.5703531511995555,0.112,0.11247781729099768,5,4.286194495243232,0.045,0.10759656507743307,0.08800000000000001,0.1105812209297973
256,27.963864181880197,0.19306795575683133,0.9387461526000882,0.5402978584062941,0.7241062354696868,3,0.19084329873603717,0.12000000000000001,0.19288840143645655,3,0.5825545411976228,0.07300000000000001,0.18877547000692468,0.057,0.18749735992613584
257,5.994381893687299,0.05226784853615387,0.07496712336693935,0.7740388542210769,0.9444272438739867,7,0.49778763013985194,0.336,0.2707353123908697,7,1.329211513271118,0.266,0.22400573960873493,0.28700000000000003,0.23613675323097508
258,5.810631012810581,0.07540004012532624,0.09723067964840795,0.7264905088362604,0.9590684122286203,8,3.386091118222896,0.20500000000000002,0.20225957461974353,8,30.39708441359636,0.084,0.1637504552570183,0.296,0.24729291716436125
259,27.731096432414276,0.05634173643368226,0.9229572768761245,0.6343874495841059,0.8363371755037864,7,0.2040316836797593,0.10400000000000001,0.1673084796743113,7,0.5392188920840444,0.067,0.1654313679310402,0.05,0.16463462138315338
260,12.649418230799162,0.17193610100936219,0.9340789286198781,0.526844667237895,0.9721162844347871,4,3.8287562304903906,0.127,0.21078728799847832,4,38.26121408808818,0.045,0.20082856362218693,0.215,0.22536632630841769
261,6.823180717681864,0.0022167146588886097,0.007819929721887811,0.8905231721751333,0.8682086654572891,5,1.5662869198096798,0.23,0.1830532455253196,5,7.382683817360474,0.129,0.14624588902067473,0.264,0.19975711229046958
262,6.308742326832823,0.020253408052272548,0.08498576946529503,0.6201554290527895,0.8917288855452538,6,1.5674285384330333,0.268,0.21698470237836226,6,10.692592024805615,0.136,0.16371501541939198,0.301,0.2369929858440285
263,32.64981406982835,0.0019600471353787372,0.3728293942985295,0.8221491717599816,0.7449174953925134,4,0.8232214715174994,0.030000000000000002,0.07415084680456085,4,3.978537811011547,0.014000000000000002,0.07325990946564434,0.027000000000000003,0.0739988960606287
264,14.639478755374652,0.020740349657039605,0.029848322870304582,0.6069247850332395,0.901407249026854,6,4.698851047603307,0.075,0.017564506375795486,6,39.64957633797107,0.027000000000000003,0.014983083005564668,0.147,0.023067139521697394
265,4.3309412771591385,0.02053991578314215,0.02207190054790136,0.9453134123846646,0.9926746792167549,2,0.4044544072030834,0.357,0.3288193028274915,2,1.0553013123873862,0.299,0.2819651444981512,0.303,0.2843872822623663
266,35.655920369631794,0.04905276079778381,0.13715737697932337,0.85873779538036,0.778301028116282,8,1.2523419809993828,0.017,0.007979417378082138,8,6.581055643680317,0.007,0.00786032722547278,0.019000000000000003,0.008004869722352592
267,2.393207446719032,0.027141735911108713,0.029359080410660487,0.5049494250520316,0.9433601661607872,1,2.2861434375222864,0.33,0.34479096978294327,1,14.685081146456483,0.20400000000000001,0.27893604982629894,0.37,0.3805620718511066
268,39.576316169725885,0.0912555551397172,0.3479000033371195,0.9522760472935491,0.7021833521669852,4,0.31327668577660045,0.021,0.06851617213038849,4,1.1454519611261387,0.011,0.06795214914183842,0.012,0.06799529594273643
269,37.742277444389885,0.02606796310218615,0.685148895795372,0.9152198825883021,0.6782512228032818,2,0.19856585587603384,0.034,0.13739064985859611,2,1.4839575602970274,0.013000000000000001,0.13632247816468746,0.015,0.13645668443299905
270,7.573601173532533,0.6430888693852491,0.8341949946506486,0.5818099383742489,0.6091970947637269,6,3.141624895821285,0.27,0.33761885329831476,6,24.914137129015213,0.124,0.3119194239819918,0.365,0.3645097124991472
271,16.578976022427725,0.0701509055984579,0.11028892043987706,0.905641369126066,0.7757596284242092,3,1.0813259686263996,0.116,0.021719506539252142,5,5.742213837339505,0.054,0.01826180433569291,0.12000000000000001,0.021983407939621002
272,21.80012955126809,0.02621177469686552,0.07669733791798501,0.5566417582418899,0.7886671758863489,6,1.621079873070232,0.07100000000000001,0.0034045243925589497,6,8.280451136065468,0.033,0.003050385767509378,0.089,0.0035933377222767127
273,7.244879372540274,0.05859298558163483,0.6662973243798034,0.882263251627249,0.8183860073919516,5,2.2775349354892476,0.216,0.24243160747087444,5,20.82479774632587,0.089,0.21188504029364083,0.28,0.2648775372183336
274,15.07689647386619,0.0798829873126299,0.19160999581518257,0.7335129880720789,0.9853090690569415,5,0.19333411926318297,0.264,0.07279444636248145,8,0.8497936713948454,0.153,0.053197534570057214,0.14300000000000002,0.05195185146718209
275,21.92286901867557,0.27139235315843796,0.5537937719137437,0.6811196570939125,0.6502890616999549,1,0.28217831752923056,0.17300000000000001,0.18082693645296558,1,1.5661594659642817,0.083,0.16806002049444438,0.101,0.1703835630960926
276,19.360471316341194,0.018718876496224328,0.022884537533971624,0.9703404064034912,0.8588711629456349,1,0.2712751739299926,0.135,0.003950710422187281,1,1.2792594855003019,0.067,0.0029545352767299526,0.075,0.0030529368796589074
277,7.884967440099301,0.012252895986077457,0.0247422922753375,0.9272667008485338,0.9589003664478308,7,1.3870236470627024,0.20700000000000002,0.14732730304460767,7,8.081794930014565,0.10300000000000001,0.11498401066390404,0.231,0.15729918811100196
278,39.092794452465135,0.07427162282749583,0.12815913007692176,0.8985092660774382,0.9754555226561027,2,1.5861896357931864,0.009000000000000001,0.007120546932397581,2,8.135664959907432,0.004,0.007063084788435259,0.011,0.007147414907850563
279,13.730428563065058,0.9958354291017149,0.998192662386501,0.9617353353773705,0.6761196237516284,5,0.10535968298141041,0.387,0.3904585220404934,5,0.969663571689054,0.196,0.35649204560581316,0.194,0.3562059692797688
280,36.75505397181537,0.012071421561716283,0.021359022569976578,0.9202424270913228,0.9688920470666373,4,0.3177849310898896,0.023,1.4193530428835421e-05,4,0.9323023642542482,0.013000000000000001,1.3859221993317572e-05,0.013000000000000001,1.3842999513458132e-05
281,34.733616547460926,0.0115424713260571,0.8645354501296428,0.6675349469406676,0.8542870304423633,3,0.21667428063528374,0.047,0.1586314445669831,3,0.5791961652619705,0.029,0.1578282147812165,0.022000000000000002,0.15752617915875888
282,37.79850548714902,0.0149366451434575,0.06540299214168555,0.5388311821578909,0.8975098702222565,2,0.3802426960599207,0.027000000000000003,0.0006320593383265238,2,2.90909824689608,0.010000000000000002,0.0006105554758284448,0.017,0.0006190356853087442
283,30.92107756715613,0.011069245711050965,0.01370982679276089,0.8772724693137083,0.9165378812508151,5,0.5814363898086975,0.029,2.461989392948949e-05,5,3.003087312086776,0.013000000000000001,2.3239511005773705e-05,0.022000000000000002,2.4024540506595304e-05
284,27.524137214304886,0.14768300438777618,0.5990819038059533,0.5593141336947184,0.7640436210534803,6,0.2394679601622471,0.109,0.14094713019299723,6,0.84385874162631,0.062,0.13691608295732227,0.057,0.13654782404225696
285,6.209893724541448,0.06600299083500903,0.12759971786274302,0.6875797738192111,0.8373368237348303,5,1.9154853805634524,0.254,0.2157503592142977,5,18.166021334596618,0.109,0.16312889909484315,0.303,0.2432194597814203
286,15.342827021502712,0.06975508002548186,0.0773291425421572,0.6412245093027101,0.9907951410741072,5,2.269117589161575,0.095,0.021635725748979595,5,16.954934098305955,0.037000000000000005,0.018208107959646003,0.136,0.024748894614749994
287,21.805219498594788,0.0212355080263341,0.059879276405263415,0.5438279040928024,0.7990214593579517,7,1.0444372590864925,0.084,0.002377734552244576,7,6.9726951402058654,0.034,0.002021228043783435,0.08600000000000001,0.002391648089779347
288,36.18220904494221,0.02247034758507452,0.0477248603143976,0.5318917445776533,0.6600724486054594,4,3.058848025845099,0.014000000000000002,0.00021115725011672248,4,17.86689454722887,0.006,0.00020768271199525512,0.024,0.0002157020336445714
289,36.041461191054694,0.02296325227855609,0.025610088296106455,0.9359647990368244,0.975165230169667,2,0.47202969926914773,0.021,3.814745476715675e-05,1,4.396724974345523,0.007,3.69092862225473e-05,0.014000000000000002,3.756506319310682e-05
290,21.68150836219993,0.008084262752996759,0.03785946385222379,0.7348629937403062,0.6034152685774351,4,0.35798898246782535,0.128,0.001812681550253492,4,1.1784594521996152,0.075,0.001452099842442045,0.081,0.0014864166414050306
291,9.898407082039158,0.13983924127999117,0.17008441999023133,0.7049257136217675,0.9342509524950905,1,0.4051091057692192,0.3,0.16777015665625458,2,1.2340510872515789,0.212,0.13159190697451176,0.228,0.13694812089768763
292,12.769728119622895,0.07188279339829656,0.1602199808755642,0.6824957228015059,0.8684567288831796,7,1.1571465300460986,0.17300000000000001,0.06790175835573312,7,7.405848670412581,0.078,0.05342377270901916,0.183,0.06986851381091799
293,34.60336354873567,0.03825463070701804,0.06025012748768768,0.5420473576630964,0.6192620696670489,4,3.194597036827135,0.016,0.0005709153357353058,4,29.632524131151936,0.005,0.0005582948017505973,0.029,0.0005861730231116746
294,29.090838383634445,0.1908322706976054,0.3839964156384654,0.5337476499490307,0.7054761074599638,6,0.8461431685946167,0.055,0.09989314169408636,6,3.966096065335219,0.026000000000000002,0.0973400928306771,0.051000000000000004,0.09950870249851704
295,19.799245948924447,0.013020411506176256,0.015401983690670166,0.7913327233807913,0.6957604787215776,2,0.34621442437600713,0.138,0.0031775602001662406,2,1.0111306131729134,0.08600000000000001,0.0025113397675447235,0.08600000000000001,0.0025160143879225105
296,7.607560137599371,0.05178460899432065,0.054573502664858824,0.668812103676647,0.7070599851356572,5,2.8823702864338037,0.20600000000000002,0.15602147867044336,5,26.706647142349325,0.083,0.11888053147054398,0.28600000000000003,0.19446157380556767
297,13.118299603601738,0.015891790907513265,0.037527962295788156,0.5365247583978786,0.6147208765534742,4,0.1324946681394516,0.364,0.11014031487039691,4,0.253378748856443,0.316,0.08056347675763248,0.20700000000000002,0.04688826515910138
298,10.955059923054696,0.8949332264110218,0.9491122322764183,0.8930982517798184,0.8524279134026651,8,1.2299490399282615,0.217,0.3509261278973208,8,9.651050014270098,0.093,0.33573973349849184,0.234,0.35342680480603084
299,3.7871765681627787,0.3930803978683699,0.5576399647518759,0.6098997510981764,0.7479788013471824,7,1.2083064210615966,0.375,0.3724360135965834,7,6.297700995599372,0.26,0.3192711377026737,0.385,0.3794831714492024
300,2.347639882979564,0.05790509505471524,0.08326576207615054,0.9537721457641644,0.9965733458782161,6,0.3638596711124976,0.382,0.3957311575116039,6,1.6901949469231814,0.309,0.3309831904611592,0.339,0.35293025669777633
301,37.55691069675894,0.01331877525487147,0.4619436708798752,0.6297159135716419,0.8138863537925458,6,0.21905996453277118,0.036000000000000004,0.09716638395303404,6,0.555282938541922,0.023,0.09641087478842367,0.017,0.09608704391440506
302,8.167178408967526,0.01284353199395713,0.8924869529133188,0.8540382116146169,0.6931570215215521,1,0.1853325504171451,0.392,0.3311066452103638,1,0.6235648664166774,0.312,0.2807406302651615,0.275,0.26570337319162257
303,37.633440068308495,0.26495489422486607,0.8962123687581837,0.7568649016939515,0.7520558936306799,6,0.5244245737728531,0.022000000000000002,0.20187003252175983,6,3.8025673452382502,0.008,0.20069823116217125,0.016,0.20135450881393924
304,34.95474509749637,0.04740344763091194,0.6740522688632113,0.6717615554268243,0.6421201730762852,2,0.2746877503838952,0.047,0.13672467549823147,2,0.7682855502281928,0.029,0.135755190426121,0.025,0.13557723527031687
305,31.554428190488228,0.10361998614220505,0.1682432535606216,0.8172805371535592,0.9114783110945233,1,1.47129177219396,0.023,0.01762114397371886,1,9.53430897662974,0.009000000000000001,0.017250472193278216,0.028,0.017753320126963262
306,6.33702178213681,0.02089687479284536,0.07120985003742263,0.8918865988191786,0.9469513318712721,6,0.392987140516327,0.335,0.2614767453767768,6,1.7788258307339693,0.226,0.1949608839661099,0.269,0.21623377547948983
307,29.30209999129486,0.16509316945761632,0.3271985590297227,0.7967996157397085,0.9480450876527781,5,0.6981308088469911,0.043000000000000003,0.07596480341141743,5,2.9779149694730815,0.021,0.07435369894071803,0.036000000000000004,0.07544720108427544
308,34.24527057279413,0.13228041948734331,0.18522678849412694,0.7300790069112411,0.8705697931327975,7,3.365911085531588,0.012,0.025006658888253153,7,22.01586260029804,0.005,0.024742179252178087,0.022000000000000002,0.025374170406457897
309,38.91900124363253,0.002396210388871953,0.016233564257067193,0.692806855484936,0.9390059402051694,7,0.5644101277654868,0.016,4.158378517388206e-06,7,1.687499984440565,0.009000000000000001,4.090062915962367e-06,0.012,4.1179086441023305e-06
310,0.3267967519629004,0.06337236312648713,0.4674544864190905,0.7995777311472088,0.9584194093795964,7,0.7722569162636301,0.387,0.42944244344047255,7,4.145918772715857,0.316,0.37573790754816283,0.38,0.4217737873890055
311,27.410777445188163,0.002764476866484319,0.06751878171365827,0.6187022424787436,0.8685875818387452,7,0.3803003199541617,0.076,0.0011210071959460166,7,1.2571093862197833,0.043000000000000003,0.0010320593565721348,0.048,0.0010447189073610474
312,35.75446789296332,0.18967200211153074,0.7178097442038919,0.7930636169441507,0.6829871778482501,1,0.4967486803569025,0.029,0.16110870096542124,1,1.5698900538680147,0.016,0.1601687395740467,0.021,0.16047372893517156
313,20.116411925643412,0.04243765983756347,0.4872158317096603,0.6657337497586404,0.8316062194092354,6,0.29635831550623487,0.18,0.1170776260876582,6,1.221622636844104,0.1,0.10990246887280292,0.109,0.11062513380457456
314,21.570086778029452,0.010168300822450987,0.09667523744725771,0.6307340027007454,0.6364944084572729,4,0.22771359972992417,0.183,0.007485016384044363,4,0.3590289341905667,0.152,0.006737042561108769,0.098,0.005707795714501918
315,35.46613695000383,0.04295710757920123,0.04561155007377867,0.6986368604368418,0.8998704410969016,2,0.42941338889522296,0.029,0.00031766420415255125,2,1.731633298593107,0.015,0.00030792394089459996,0.019000000000000003,0.00031093473533935767
316,22.497485255236214,0.10445412176536449,0.4925091932024976,0.7655712836403814,0.8267742841000427,2,1.1203935918183088,0.076,0.11246570280179616,2,8.645815473211126,0.029,0.10900501358792519,0.081,0.11278659459980503
317,28.975660515729576,0.1047957833084887,0.1171200874240404,0.6997485937740352,0.7550623558118517,6,1.1092587949211499,0.041,0.00893835988730074,6,5.661740880662404,0.019000000000000003,0.008571085150931662,0.043000000000000003,0.008974384159086274
318,18.79473016744278,0.007152879993711142,0.06681122959052006,0.595791646956584,0.7384928608363729,7,0.7248265955465816,0.129,0.006907503800082537,7,3.2226230151931534,0.066,0.005486565404486082,0.112,0.006474365500250684
319,0.8704776719446968,0.03597438223381056,0.041001649014970686,0.5660286404321285,0.6198108467944838,3,5.533687925635316,0.326,0.3680522176517724,3,53.38339319306513,0.17500000000000002,0.30108186396461434,0.389,0.4288586189937049
320,4.89498793244465,0.019826223139353723,0.04713220727319802,0.966706289601938,0.9124680721112886,1,0.10914738745930339,0.405,0.380612067422775,1,0.17919256211104279,0.39,0.35559892525739106,0.295,0.26684283357229305
321,11.088770996564701,0.023656176485357804,0.11557868180954141,0.5832986086582819,0.9591409763075214,4,1.2807124363494018,0.191,0.08311702519211536,4,6.880012197364055,0.095,0.06348827634974433,0.20900000000000002,0.0880268998567798
322,12.172538326996243,0.034016375615912406,0.4917820346735744,0.9846074657221234,0.9647610694056172,3,1.1186581583907933,0.164,0.14602850103297388,3,5.827939258211878,0.081,0.13319194908658968,0.171,0.14738930474722747
323,2.567035189744704,0.05265938344816561,0.07752792833199226,0.9912386409557802,0.6853852125014744,4,1.1649266161720693,0.34600000000000003,0.35384790488842877,4,3.2105659675415397,0.28300000000000003,0.31169193547922364,0.353,0.3605667503666964
324,21.791264910179795,0.01889002595181112,0.16711726736007956,0.7881973414975051,0.7625701804877926,6,0.5594775139211421,0.111,0.019477092017451597,6,4.1291414704767995,0.044000000000000004,0.01720861171814378,0.08600000000000001,0.0185387320098383
325,35.3188922349985,0.18105758775703956,0.36622622902971874,0.8641130173323635,0.7370451373586302,4,0.802972317425829,0.022000000000000002,0.08905151989865848,7,5.570135991791036,0.009000000000000001,0.08799864609402189,0.02,0.08887404783806288
326,32.15721875935349,0.042147860583495296,0.09658673245404342,0.9161895316966929,0.9570479476742761,7,0.3921264397986068,0.038,0.0028303975550614535,7,2.663754189617555,0.015,0.002708321164627908,0.024,0.002755586871742044
327,34.44070631139385,0.029342017316944736,0.6442403227446447,0.671120558132873,0.6882513283211933,5,0.4153354901830458,0.039,0.13178968896252155,5,1.0003056864340576,0.026000000000000002,0.1310643077215112,0.026000000000000002,0.13106450621923066
328,15.051801996895222,0.044311780676775436,0.05905537706883559,0.8834778486695988,0.9086341216643722,6,0.9595300397213878,0.126,0.02155583315540882,6,5.1921399544987255,0.059000000000000004,0.01716602691536795,0.123,0.02138386766232689
329,8.873796255321217,0.013318159620360431,0.026762843723270122,0.6482629184156999,0.6458729142455547,5,0.06434126733100429,0.426,0.3194832959950177,5,0.12549988354152458,0.403,0.27254381704918956,0.269,0.1508211805578391
330,33.03843010077025,0.05234069794673129,0.06221055425952732,0.7062148815518156,0.7010177955011252,2,0.22433563084700947,0.058,0.0009372219134672066,2,0.5909290661454458,0.036000000000000004,0.0008929036656109834,0.028,0.0008770864509042298
331,5.494338840414736,0.05809655103973548,0.10868638332618867,0.5219413824195576,0.746650231402774,7,0.7617429221301917,0.357,0.3025962384494708,7,3.544330386451147,0.252,0.23028909413370433,0.341,0.28791288754758315
332,24.558309958892547,0.04859349702266989,0.06692367387687535,0.8525472157301993,0.6835437604925707,5,0.9488220679959037,0.062,0.0019764487395259045,5,6.846149081551114,0.024,0.0017855385098485277,0.060000000000000005,0.001968138792506069
333,9.222281160675362,0.7259111867935856,0.9757730653958666,0.5365886595525425,0.9035677714602945,4,0.09462435802358606,0.47300000000000003,0.42005290494253356,4,0.18438975281556783,0.439,0.40067696071420233,0.308,0.35799700011306845
334,31.483703514331314,0.039992214566865206,0.07714308292639677,0.9022249415682805,0.9304703076814992,5,0.13349830822185338,0.068,0.001506345932873715,5,1.1626526859356348,0.024,0.0013683330169985408,0.026000000000000002,0.0013735705213347715
335,4.638895362779665,0.009362207355893734,0.014701336468023915,0.7217506893196609,0.7767981325503708,2,1.1925876118640857,0.319,0.2888374114169683,2,7.390024417674988,0.189,0.22050070250010625,0.33,0.29754631138155563
336,12.27154086611118,0.0017237900158471574,0.09770257859035356,0.6740694525644841,0.8205254085908127,5,0.18299304141920053,0.321,0.10645016558865683,5,0.6992015446443436,0.214,0.06697588296767887,0.188,0.0609484318498236
337,39.122972953096955,0.07784276363684044,0.0782418331598075,0.7279109063376313,0.85916924270775,2,0.49168987956833415,0.018000000000000002,0.0023247481044934015,2,4.374437387874702,0.006,0.0022716889844089094,0.013000000000000001,0.0023006839039972082
338,12.615569765107358,0.039039226958074935,0.612939809437674,0.6693507679855478,0.7014800058903338,2,0.4221663471236322,0.28300000000000003,0.1890574329342386,2,1.6542571423012609,0.179,0.16483490259977676,0.215,0.17176675917620732
339,32.61315369588345,0.010698328793252459,0.5666165844429638,0.797629534536066,0.6115086105100943,4,0.16100177942398677,0.07300000000000001,0.12089861074745142,4,0.6140948436768482,0.039,0.11887101392587454,0.031,0.11841284951753417
340,8.714146579202689,0.07886112097596502,0.12795490498236445,0.8544390576733357,0.7806282531085134,1,2.310283152125215,0.181,0.1303607517909915,1,22.418378458808526,0.069,0.10234357105255665,0.242,0.15278270977577002
341,22.4096435750675,0.06656492615323115,0.1714002048384148,0.8712964568442808,0.6732646928559786,5,0.3141315819927432,0.136,0.022782623512342753,5,1.163715519565234,0.076,0.020229270469758726,0.082,0.02043527044446508
342,37.10615425926748,0.006628242887681933,0.06572841056869072,0.9331047853979222,0.9725459976142812,4,1.867116166986795,0.010000000000000002,0.0006226126388595987,4,9.625307417384676,0.004,0.0006159721703693499,0.014000000000000002,0.0006270341022411863
343,24.783256457792998,0.1818370234638074,0.187731233136419,0.7311071234352495,0.8444400553646646,7,0.5383995010000927,0.085,0.042383108513984746,7,2.6723972298533827,0.04,0.039527093406244246,0.064,0.040978211763129185
344,22.74210300742287,0.021489354286325004,0.0358994579301624,0.8744816976763248,0.8566578811961912,2,0.47822333594312,0.081,0.0010848390906711969,2,1.3755216693596524,0.049,0.0009627581611749425,0.058,0.0009917173070658203
345,5.510908198691297,0.02923302493605899,0.14871994414818154,0.9310626408538882,0.6492573864130737,5,0.2712038513393574,0.387,0.33645402896446225,5,0.7119929473837034,0.335,0.2839192242253584,0.313,0.26696405433695314
346,14.968057277914294,0.01657637819355957,0.0792705428197759,0.9372487904650879,0.9397744055589966,2,0.7399471420144974,0.137,0.023917092524082695,2,3.494565351475064,0.069,0.01900348863834095,0.12000000000000001,0.02255548155354753
347,0.6783456912243224,0.02541809072670481,0.06155603979143819,0.5254338510057712,0.9338497211030093,6,0.2542038445717877,0.402,0.4578924473200529,6,1.2279237895850066,0.377,0.4156786407465269,0.382,0.42238970042026763
348,31.900099180615186,0.0020330151095053926,0.02279679978667097,0.565785536812573,0.9488554646231286,4,0.6540403753899733,0.033,3.160111095704132e-05,4,3.472314957840121,0.014000000000000002,2.9896978258087126e-05,0.027000000000000003,3.1013550522901445e-05
349,27.142467762618892,0.06415370456907868,0.07520156298258684,0.7496974831937717,0.6037980663413011,3,0.42464128200613993,0.081,0.0025063251596786906,3,4.0291661032758475,0.028,0.002203763768893835,0.054,0.0023447671585993257
350,1.563084770355586,0.07783485674687594,0.12722648956456345,0.6515667904311946,0.6654510772783429,8,0.23312829364325197,0.40700000000000003,0.45096790067057324,8,1.096613990189305,0.379,0.4040567236652519,0.381,0.40744350169689036
351,38.07651259039985,0.06517503804642397,0.13182003004624882,0.736065282895532,0.8207111384053933,2,1.2685517878056263,0.013000000000000001,0.007395533896646489,2,7.44251241911824,0.006,0.007302389919786295,0.015,0.007415751120106756
352,6.309042074174632,0.822930995852996,0.8679831818458918,0.8308333619833409,0.8230038739934815,1,4.914897227364758,0.211,0.347601583681452,1,41.62248041338145,0.08800000000000001,0.33076148008108525,0.34,0.3756857967169749
353,5.638690559173841,0.020282268811393247,0.06928510833468056,0.5763345325918489,0.8353329118838654,5,0.23830444318690716,0.396,0.3484080560591739,1,0.9433607536810459,0.327,0.2717439393178635,0.323,0.2687339510443379
354,26.180369956115438,0.04195504481799178,0.15679778938498073,0.7926176500644609,0.7639015957637293,1,0.3905176600517794,0.085,0.014108475054428804,1,2.0830749887330904,0.039,0.013005934245370637,0.055,0.013368394123130373
355,4.598505523657866,0.6723263930445449,0.7520090526603109,0.6361011587178047,0.884838675371965,5,0.7896251718441982,0.393,0.3926767521543384,5,4.648216554083606,0.263,0.3469792937473891,0.379,0.38554769783416853
356,7.479258206652555,0.05550795475364776,0.9321831552537323,0.6397969605379185,0.8068228485680358,6,2.516110743873669,0.229,0.2636014726456474,6,24.600497422246818,0.093,0.23294473254550316,0.3,0.2888472168226388
357,18.613601433621447,0.0182446781193184,0.1330770813123652,0.9457873365907095,0.9669618703324238,2,0.36074115968228593,0.14200000000000002,0.017793756146043754,2,1.6066268485380644,0.07300000000000001,0.01487443346665332,0.091,0.015533559762059307
358,31.656541963318283,0.023097916146134986,0.06961502855016916,0.5227328032072636,0.9912517922496852,4,0.5835441866912621,0.042,0.0009258822265209299,4,1.4800013009236421,0.027000000000000003,0.0008961694401011522,0.032,0.0009068906422721179
359,12.953455726965043,0.6168410836672187,0.7818211604251921,0.5592383803960348,0.9516680705941922,6,1.7028478966068845,0.181,0.300917933045866,1,10.165081072544536,0.085,0.28753850594911645,0.222,0.30771738252447545
360,27.70022609349201,0.3815479830138722,0.7107573435087846,0.7472082682804002,0.7084427896358119,1,0.2965175137827922,0.089,0.224332538367026,1,0.601207730529112,0.064,0.221333349994043,0.051000000000000004,0.21975356214468791
361,10.491062248672485,0.16186099328286715,0.199424752892929,0.5664307671277732,0.9916864090584736,5,0.24246315323752707,0.34800000000000003,0.19254439968807355,5,1.3663207566801543,0.20900000000000002,0.1308192841607615,0.233,0.13843186011290357
362,11.530718060076168,0.014047285919965033,0.07308884195432197,0.9279159304627581,0.8111105572624817,5,0.39433981825658526,0.246,0.0856379577339052,5,1.410495942278812,0.155,0.061792617175340514,0.177,0.0665060706441081
363,9.810545888736211,0.24935418262219422,0.7347902676598675,0.6425864962956317,0.7504693500178081,3,0.4067095235033356,0.35200000000000004,0.29098121906062224,6,1.5287098175841611,0.242,0.2524084974021956,0.278,0.2625559900258675
364,12.793107193091966,0.031177750568528013,0.06578074163303572,0.6925846987484834,0.6136768285005995,2,0.3622945686054149,0.276,0.0731987069949751,2,1.9714219483941748,0.15,0.04412973371362003,0.196,0.052111497076311464
365,18.77689318810842,0.06413201422880914,0.19916524860063473,0.5257823163004364,0.6581338509028768,2,0.5960104625407645,0.177,0.03986101439107717,2,2.7800319580692863,0.092,0.03343220684868137,0.14400000000000002,0.03701268799783769
366,26.871615306023397,0.07314243310010883,0.6762810807406291,0.6224643466388762,0.8821781208134106,7,1.0033061471895293,0.054,0.13868843866909805,7,5.168662569082646,0.025,0.1370305424783475,0.054,0.1386933828204169
367,21.016857878658097,0.022224024288846456,0.06031532075379882,0.5304145564059882,0.7070354446616709,5,0.7216432294997397,0.114,0.0032918753204321805,5,3.6751927570018577,0.054,0.0026684182858590366,0.098,0.0031104198066590205
368,22.325446821907622,0.037552528075673344,0.7677804424655237,0.6402275214897458,0.8463466395628151,7,0.29805784855405026,0.149,0.1556005360765949,7,1.2456015911777352,0.08,0.151228008832208,0.08800000000000001,0.1517132985386227
369,19.923370147280362,0.10774776097676175,0.11645182736863655,0.8295513478362193,0.6037460313233995,4,0.5887530628075265,0.135,0.018620711823377406,4,5.878573892463426,0.047,0.015003389766252762,0.107,0.017303388829063654
370,29.308748603793546,0.014636845772031244,0.8648433005444621,0.8251971875070493,0.6184743154734463,2,1.3514395827292127,0.038,0.15827353319523174,2,7.7468634252354285,0.016,0.1573197701110714,0.043000000000000003,0.15853969456658604
371,19.919510346181553,0.02441427200892039,0.02819890625601601,0.7910379669589774,0.6147307744221632,7,0.3361904854493103,0.148,0.0036399386499786635,7,1.7469650413931614,0.07100000000000001,0.0026131435899426625,0.092,0.0028419065437893243
372,7.6157344921517085,0.009386068993207592,0.04626741628527175,0.986041861042835,0.6168181679534596,4,0.6988363016753896,0.293,0.19731866868601172,4,2.6866594043860212,0.193,0.14907693211482786,0.266,0.18153866289942847
373,35.693800658292275,0.016504631255841784,0.029357225580907982,0.6891438759660501,0.7517931344429071,8,0.37885217430562673,0.032,4.3652362919144316e-05,8,0.9570943399303232,0.02,4.2445379378031056e-05,0.02,4.240197645161148e-05
374,32.75287895546875,0.4535072066242277,0.835455905123039,0.8959338899388131,0.7414984313700859,7,1.422790708147113,0.022000000000000002,0.24906536318951866,7,9.034886708361018,0.009000000000000001,0.24775556689849745,0.026000000000000002,0.24948505026858236
375,30.772004888008805,0.0006092660857497866,0.07775682690394888,0.9392924715588608,0.6493490241503793,6,2.944850065007163,0.019000000000000003,0.0012830741636979393,6,28.00030971332142,0.006,0.001250103096992916,0.033,0.0013191657576454852
376,32.37956364844302,0.010933420224611483,0.012433773399338165,0.7218189586634985,0.8431683749136858,6,0.8548203047290878,0.024,1.4010137615233509e-05,6,8.058052255475454,0.008,1.325976681890162e-05,0.022000000000000002,1.3923982317837202e-05
377,25.762056173620362,0.147808726888604,0.16765841580113114,0.879732518795504,0.8982569884312328,6,0.6946401628765836,0.061,0.027083957340211934,6,5.76690468752487,0.022000000000000002,0.025431221894476913,0.051000000000000004,0.02665156739226804
378,33.40992798025192,0.12222606184047599,0.1537892916924718,0.839366210268764,0.6740666878230054,6,0.37480382075229646,0.042,0.017116360538168784,3,1.4490531969527412,0.022000000000000002,0.016559949837579024,0.026000000000000002,0.016675509437493602
379,39.17902841040929,0.09118070708626251,0.6208296346625934,0.6131959492695853,0.7676248528791334,2,1.01290087892133,0.015,0.1287851501868011,2,3.790893682411711,0.008,0.12839367140260569,0.015,0.12879033336671988
380,1.53846649406846,0.7946151568355928,0.8608882159594802,0.9700488422173968,0.8262248296288183,4,0.9276935899311485,0.401,0.4282198701517096,4,4.852554306835184,0.305,0.3881571063472755,0.398,0.42632985040259425
381,19.907208674214516,0.12391986775379389,0.1720832341098762,0.5471712550563023,0.853617623367826,5,0.18291708596938813,0.228,0.04311280032290979,5,0.28744573647915667,0.192,0.03914704124128815,0.115,0.03267173754250957
382,28.978689914459018,0.08928886917266612,0.13575311186329003,0.5045363675001179,0.8234971591539276,6,0.4806077382731935,0.069,0.01093969494772365,6,1.6626844545492871,0.038,0.010330354364152,0.049,0.010531040476104842
383,27.52847801060326,0.11023423483462673,0.2172692607393355,0.8490401843629203,0.7953322942461355,2,1.8409637109439378,0.034,0.03241966380784206,2,15.040112583477566,0.012,0.031487794343741354,0.046,0.03294388648572533
384,37.303535239886415,0.02417537473936321,0.05682266072863056,0.9610360609611112,0.7746274639320571,3,0.39129486463617447,0.023,0.00039077362993394926,3,2.5168017144625763,0.009000000000000001,0.00037989372137386956,0.015,0.0003840066826924782
385,24.544953851477285,0.14713835499148128,0.15253461982289057,0.9176151015909013,0.6319370633238286,2,2.5486421345817716,0.043000000000000003,0.023391435067411148,2,17.34031866757702,0.017,0.022402464444832182,0.067,0.02439313824616865
386,16.84690548712592,0.1290134861570273,0.8762235171534909,0.8833698698182447,0.7483951557996532,4,0.5047346423495647,0.179,0.18701759813275606,4,2.6787644073147314,0.089,0.17769428569263993,0.136,0.18217900385691146
387,4.342890044907345,0.020700587436649744,0.13538673485068312,0.9549010249336379,0.6606726721037566,4,0.39923845647035316,0.378,0.35214350771649716,4,1.5983418597181271,0.3,0.2843598997080118,0.331,0.3060346083874092
388,30.187734996111566,0.13439446970761482,0.1508247358352981,0.7129168251730409,0.8896010000564905,5,4.430459435608931,0.017,0.01804157158493941,5,35.53095155784378,0.006,0.017733170019335637,0.035,0.018582746118443516
389,26.001468294825102,0.061198648442507414,0.22197754423079347,0.994386460141335,0.8385270750304649,6,0.5319998706609138,0.066,0.03177664768857197,4,1.7404626046498544,0.037000000000000005,0.03059306103874221,0.049,0.031054830612797873
390,30.44015431298646,0.18631204539075463,0.7805021523331238,0.8990376040644028,0.6561719428572641,1,0.4088822372088999,0.055,0.17003916519714,1,1.6908834047116261,0.028,0.16796860647053474,0.036000000000000004,0.16856683884949963
391,32.343812983740314,0.0018150987974717336,0.056919502872590275,0.5282981215466024,0.7979500130724825,7,2.056032757274909,0.023,0.0004239379512400443,7,10.284703972027296,0.010000000000000002,0.00041263251716738836,0.033,0.0004330797451654045
392,38.0529666646005,0.005334769763478664,0.03315253052161967,0.6031817249040898,0.6418275541173565,3,0.7762052678412797,0.021,5.060177051560699e-05,3,2.5745095033632768,0.011,4.96004730740629e-05,0.018000000000000002,5.033455692077249e-05
393,39.579003231210066,0.0041720551554875005,0.16462092913971577,0.509110691180895,0.7186432726525726,3,0.8759869097802486,0.017,0.013168449160132406,3,4.345947279680555,0.008,0.012989457930026316,0.016,0.013147477031931587
394,6.348078963482686,0.051798501126474404,0.058613219779221626,0.7012115755823809,0.9008441221392735,4,0.2378965838274439,0.38,0.30730372429675845,4,0.8617658331071442,0.301,0.23573654566655808,0.29,0.22874371327693727
395,30.01947427761909,0.16176298124765248,0.6882097093719075,0.7234606842142489,0.8896100166231253,6,1.4724577798789087,0.030000000000000002,0.15071163804265886,6,5.909647141848636,0.015,0.14968703226384625,0.036000000000000004,0.1511508040234072
396,9.48267374287889,0.03821228046941709,0.0440265541714915,0.5659762033150019,0.98034600940201,7,0.2658318070471493,0.337,0.18029729307106213,7,1.9182075630040007,0.188,0.10571252752377266,0.23600000000000002,0.12266882639590146
397,35.788655103123325,0.0037942860544765145,0.5280429070419217,0.9747523726529342,0.8995901762719828,1,0.4593039242213398,0.024,0.110657966194467,1,2.343457877661389,0.011,0.10994204011510456,0.016,0.11024336762321288
398,18.597656587416523,0.01870992204860344,0.01935230639629561,0.5291877432393102,0.999124493005046,8,3.6106733362524497,0.055,0.0037169767507757023,8,31.62145474425258,0.019000000000000003,0.003249212533813578,0.1,0.004455774053352651
399,15.23350193407401,0.023382693959887523,0.07560784135486025,0.6183954320962965,0.9832201730511907,2,0.34391498354691674,0.20900000000000002,0.0293848968817276,2,1.8843883026904455,0.10400000000000001,0.019583054151443208,0.137,0.022004681568599416
400,27.80065437349245,0.07139978384261904,0.5209131722073596,0.5774990485992101,0.9775112495795891,1,0.9366022206796638,0.05,0.11207711342085638,1,4.019792782471203,0.025,0.11054331018863828,0.049,0.11198126496217756
401,30.30654203511939,0.021536273238507028,0.07987004193801177,0.6738073258673224,0.8697563476622661,6,0.24283398960688748,0.069,0.0016104243497407633,6,0.6452124595711627,0.043000000000000003,0.0015215433313806037,0.035,0.0014949635841857156
402,37.311704674269365,0.008949482328255,0.0229284107481077,0.9519272439197471,0.6764651846866347,5,0.6538924424952529,0.018000000000000002,1.5205671201529158e-05,3,3.99755658969496,0.007,1.4820875907567421e-05,0.015,1.5080799539768375e-05
403,29.91255141611203,0.017129518284241745,0.023287019705439126,0.9876845506272939,0.7878075004072651,8,0.2150389454897213,0.057,7.339958762297982e-05,8,0.9606594682155655,0.028,6.664601693828764e-05,0.027000000000000003,6.653096641093259e-05
404,29.372337482203502,0.04101459104907731,0.05465487961917446,0.8571812099791324,0.8354075542090257,5,0.22628425389711354,0.069,0.0006848812243326341,5,0.5990123284687366,0.043000000000000003,0.0006414851202234395,0.034,0.0006266211911050701
405,14.131446203114187,0.06454561995946705,0.08171020075827706,0.7590323722833174,0.9013339589181859,1,0.22140624614228277,0.257,0.05347966076056487,1,1.5842237000135262,0.121,0.03185196995002987,0.147,0.03471189114506201
406,28.171105707668737,0.0012529890160689905,0.00864087246889344,0.7980602868307591,0.923784931278813,2,0.23406274518888745,0.060000000000000005,5.753456151880165e-05,2,0.8002750236326329,0.034,5.136775187103426e-05,0.030000000000000002,5.064967904516715e-05
407,20.202061981310905,0.5996654469402695,0.8621410957165317,0.5693518857304569,0.9673484022510076,1,0.330782334042046,0.17500000000000002,0.30022255824173116,1,1.605465726534498,0.089,0.28905545669023464,0.11,0.291541206210626
408,24.44962424977277,0.003630426919867258,0.5373938036659424,0.98856758708924,0.8399599333769546,1,0.11658954420229689,0.151,0.12152342432399907,3,0.3460802847904532,0.095,0.1173351840411993,0.058,0.11496937677134453
409,1.8825558435296912,0.023732257114042792,0.0378556572763004,0.8911067591863748,0.6506043021091994,3,0.30034141744299464,0.399,0.4303840360661965,3,1.3402728239323258,0.355,0.3748121378642745,0.368,0.3868251841583502
410,1.0005565767348088,0.18671862224608068,0.930560388702582,0.6618291025349984,0.8259640183426008,3,4.480813399170338,0.327,0.38622574963015166,3,44.69741948697882,0.167,0.33679365485566337,0.395,0.4302947913568279
411,34.78199735487814,0.16673278637545097,0.22826849683243947,0.6254741667455879,0.8539489313486786,7,0.9763705214334341,0.023,0.04419909205729028,7,5.2891169932118025,0.010000000000000002,0.04346972446789127,0.023,0.04418363038915912
412,32.62691181453836,0.07706399850184113,0.1923153827954124,0.8830923641009708,0.7733634348755302,6,3.279748021034883,0.015,0.021200296201237895,6,30.21124683355436,0.005,0.020924807867306994,0.026000000000000002,0.02153858275504464
413,39.937651838215764,0.03680223888312304,0.04527861464663138,0.8578494020104693,0.8418395737489447,4,0.43024867072067513,0.017,0.0002236677679900434,4,3.323295085148616,0.006,0.00021886654631272928,0.011,0.00022107034819787708
414,14.200616921517298,0.007516852153134041,0.13219915940537122,0.5486080749621591,0.6179593931960828,1,0.32356209666283114,0.28700000000000003,0.06643454658844306,1,1.4376035103229154,0.171,0.042545952542375226,0.197,0.04637580724585977
415,22.570521170874972,0.3460315011934045,0.8645878210406577,0.7031376263336809,0.7350533338668038,2,2.124827919818752,0.063,0.2290302116523311,2,13.613777813846886,0.026000000000000002,0.22517024453778572,0.08800000000000001,0.23198348385364234
416,25.34807454884929,0.024336897180940793,0.06771406398351223,0.6869291234927847,0.9579620296174187,7,0.20094405214148375,0.11,0.0016589117971470835,7,0.5492950942099613,0.07,0.001472040829095217,0.053000000000000005,0.0014044170565509773
417,37.12140804037666,0.06503627907692233,0.19113425601072162,0.8180194227148234,0.737025050767063,3,0.180570978831524,0.038,0.02087672362296389,3,0.8552977184922532,0.018000000000000002,0.020292907500846225,0.017,0.020256297264241302
418,4.864643832986789,0.1622262432602645,0.7834968782116337,0.5613765316536924,0.6390644530712054,7,0.1649762884486856,0.437,0.42964358044273104,7,0.2983547617425427,0.424,0.4097873557990291,0.376,0.36258442783454975
419,7.667645422977102,0.16832223670466387,0.783472420640083,0.6461564055676613,0.7552326896533019,7,1.5007140648904982,0.277,0.27612416450016747,7,12.882736463590863,0.127,0.2366468094096335,0.31,0.2887498462286497
420,5.739608178458914,0.07534968920297697,0.11274905774498756,0.839049897516635,0.819508613417096,7,0.1643873143444192,0.399,0.3484745898341631,7,0.3359652160314008,0.368,0.3082876216484064,0.299,0.2514699405811313
421,0.21107839887486585,0.056708384901347615,0.2558001415451243,0.9537223660473182,0.9239120680396938,3,0.6025589215930698,0.385,0.43123452686948394,3,2.219068733842914,0.34,0.38885460641859465,0.372,0.4157290873656948
422,26.04365000300303,0.008784388060101737,0.14305488434523958,0.997771248034478,0.6584249598326856,7,2.101006513549634,0.038,0.009946918860537696,7,20.08417617787192,0.012,0.009534821800128351,0.054,0.010231724209647214
423,35.99776455440277,0.020545164053523243,0.05755965171532503,0.9984369821453656,0.948419832389448,7,1.2279609300472898,0.013000000000000001,0.00040237734325015984,7,4.895497583727329,0.007,0.0003969664673015294,0.015,0.0004035533018919568
424,33.46127195573339,0.007903392852638772,0.018174971388120107,0.7323735028963836,0.833719044080581,5,2.5355448607432667,0.013000000000000001,1.4421058606800541e-05,5,18.090372070366847,0.005,1.4071262097459236e-05,0.021,1.4761197703272444e-05
425,27.84682608284303,0.4432141882680978,0.49938214286593646,0.8110721024891522,0.7828027892692858,4,2.1101862297736558,0.032,0.19810363231236872,4,13.968065618449424,0.013000000000000001,0.19591289726790642,0.046,0.1997363032069162
426,18.289832211371827,0.06142492369452468,0.26724679440526566,0.9113359384952042,0.9432705392904697,8,4.259798518256492,0.054,0.051778495636725846,8,35.84907767472641,0.019000000000000003,0.049597614965249864,0.10400000000000001,0.055508628476914124
427,8.92621579729956,0.05489552311645162,0.2985026946360902,0.9431358242007688,0.6539958104165472,2,0.4554030193471798,0.315,0.2085557607066506,2,1.2213784828200858,0.23800000000000002,0.1722732439755258,0.253,0.17837767242339875
428,10.692266952623033,0.034676377604357364,0.12081389775361426,0.8320855672226127,0.8677362031557169,1,1.082122251460243,0.192,0.09155060650601946,1,5.5204012211994185,0.098,0.0709653195890605,0.198,0.09312893129518324
429,26.745186721953463,0.18998610415926745,0.40426713713506945,0.6093870327961861,0.6491732647872891,3,7.666289224991443,0.024,0.10280276994375098,3,60.05507297208603,0.009000000000000001,0.10151928974291533,0.064,0.10641932289255296
430,1.3574647337106702,0.01846162469991598,0.9114415967395284,0.9805972299275005,0.6379868403310317,8,0.23598389935140102,0.41600000000000004,0.45545716898198213,2,1.3052869470981656,0.375,0.41001240425628277,0.385,0.4182267074441234
431,1.1013923743211211,0.009092678158413163,0.34707717837647367,0.9054981151772551,0.9883850953627286,2,0.4803309941505682,0.389,0.42166576900970026,2,3.2226241551208443,0.303,0.3544889240071265,0.365,0.3965188712173576
432,19.715284945242786,0.8573483800967132,0.9143139128889947,0.6568773417172064,0.7778349498526189,5,0.5975429497907633,0.149,0.3322504484030756,5,5.466808834252115,0.055,0.3224206886687083,0.12000000000000001,0.32893195114335194
433,36.18809430947344,0.05404669941460945,0.15908538947218465,0.7109280249103197,0.8166921877452605,7,0.2232429160144222,0.039,0.012738305145585549,7,1.133613616920449,0.018000000000000002,0.012323060691915105,0.019000000000000003,0.012344093630898445
434,34.97939709150626,0.03848013473019748,0.07432102186533268,0.7953646272028715,0.980465018499658,6,1.360206432982249,0.016,0.001096437625522917,6,6.793026740027777,0.007,0.0010778999705126358,0.018000000000000002,0.0011021075217557685
435,37.511044663159474,0.14114563476826483,0.7547267578377856,0.7303096979412518,0.6996350551803395,6,0.23754366999009185,0.035,0.15504662067152633,6,0.8911486791328695,0.018000000000000002,0.15401727719676347,0.017,0.15395601617159052
436,19.02451813974019,0.03273509673050845,0.15439163944142842,0.6778605585461025,0.9909556064856179,5,0.559267791300708,0.132,0.021624276564283007,5,2.614095610936448,0.067,0.0186142131530867,0.10300000000000001,0.020159097034433943
437,6.541138424645133,0.034371892149138536,0.49779988289922583,0.7567550096990803,0.7418135512267375,2,0.8517888557187719,0.323,0.28115670593269504,2,3.476193386756374,0.216,0.23413509169207514,0.311,0.2745178553800006
438,2.856202050422878,0.02962614133359628,0.06716286549132268,0.5973576793632175,0.9512339529130549,2,0.36242186764473844,0.393,0.4030188180740902,2,1.5594284078878806,0.335,0.3391586342262614,0.357,0.3591936149045741
439,30.092882959207433,0.18671639398587064,0.3457332239557185,0.751495577395504,0.9343735638136031,8,3.0504736487593247,0.02,0.08482368251653025,8,26.4908892049454,0.007,0.0838161439779797,0.034,0.08597734412451197
440,17.81659576635192,0.006045534842968074,0.4239782627769394,0.7105379647153272,0.9624062634993432,2,0.12713276395260242,0.267,0.11777326616291084,2,0.28574665890673806,0.202,0.10818347949092605,0.123,0.09957615258462629
441,26.003692472158505,0.8600396708774928,0.9974859492198056,0.8082359528793169,0.7687635551146613,6,0.0770279790582873,0.17400000000000002,0.34136997790848084,6,0.15578824901580982,0.131,0.33630348702189056,0.057,0.32895311956325085
442,39.521154235419786,0.026076057613123173,0.1528484887695603,0.883693721616601,0.6903612016151779,8,0.21763335846078719,0.027000000000000003,0.010834171442732993,6,0.5634617029110734,0.017,0.010669178595863665,0.013000000000000001,0.01060251744640095
443,1.4789717135774076,0.036155793106515295,0.5269653986407694,0.5275079114966749,0.7034716499868655,1,0.2543296063842386,0.41600000000000004,0.4581347897724751,1,0.6467607522989333,0.404,0.43600595203399556,0.395,0.4231061904208026
444,5.0563373776288225,0.029299778250253053,0.054352042169747844,0.6311457953715321,0.6609470049235721,8,0.07349155530059129,0.425,0.42445113908775245,8,0.3052545858196116,0.396,0.3618235025653227,0.342,0.2979571597554085
445,33.18762574705514,0.15729249809126675,0.17803780746103434,0.8367827424106064,0.7473659613190125,1,0.3719935551027091,0.041,0.029162389005578798,1,1.676108225261089,0.02,0.028248890324429565,0.026000000000000002,0.028485677279700028
446,36.63418494765924,0.0037965098133400555,0.3256529937274391,0.6790734309315004,0.9342423413694371,5,1.028440060137251,0.017,0.059738355495949524,5,4.788813089728257,0.008,0.05928488837465723,0.017,0.05975039872357432
447,29.95551872840895,0.06755972592834676,0.3554263950571338,0.7196814814126895,0.9405838076205297,8,0.17512865594676025,0.08,0.07323977190005951,8,0.41570271488463245,0.053000000000000005,0.07155051832713291,0.035,0.07045793323404892
448,16.0859803189327,0.013583309311781536,0.024876217572576333,0.6916630148834041,0.9157500918326322,1,0.6295343397256834,0.146,0.013773877061294543,1,2.117730671319838,0.08600000000000001,0.010792804062911138,0.12000000000000001,0.012343565340304313
449,34.24727610910798,0.0018977527098363743,0.00841870264880683,0.8782759199410424,0.680524143957596,6,1.1360162081040273,0.016,3.935600394022742e-06,6,8.203613722190163,0.006,3.7899308346911464e-06,0.017,3.95122416738114e-06
450,12.719106902071463,0.10982926216880079,0.14839693496485257,0.9880768518679126,0.9846148674775501,6,0.261731766546818,0.251,0.09013990175517661,5,0.7089774592811842,0.17500000000000002,0.0717162552487674,0.153,0.06753686127293251
451,19.600839181642076,0.12351016117255534,0.6874203614604488,0.9617465540203303,0.659818509799375,8,2.4395668707013463,0.07200000000000001,0.15037660543444628,8,12.333143816616463,0.033,0.14748417355054189,0.107,0.15336551259093675
452,20.88520011136648,0.012603268982207339,0.15033546697363084,0.8237578200103525,0.9626594510375602,7,0.17164981900532622,0.17300000000000001,0.018922841485704472,7,0.24488915382112517,0.15,0.01782849903302014,0.081,0.01525452332185781
453,11.111336973428651,0.0217708697307641,0.0755079657096336,0.5131833132003161,0.7348733876187732,7,0.10207682185333657,0.4,0.20332896776343637,8,0.2577794993910293,0.341,0.1435672853846624,0.23600000000000002,0.09039215453450367
454,5.87137905802839,0.045870077081705145,0.19784139504385942,0.9730250213832564,0.9628294472727069,4,0.18340937500211246,0.384,0.3249631142573508,3,0.49312805758273887,0.327,0.2717052296319248,0.276,0.23967156580669147
455,3.436292553670178,0.0633262398613141,0.10085392340002718,0.7302418355813373,0.6941204652955572,1,1.275377907812631,0.34400000000000003,0.3354314293250761,1,10.14859514190112,0.202,0.2565884793148776,0.356,0.3468984222194612
456,36.852844435548924,0.012388727296123806,0.03899873134553288,0.6691538409610974,0.6156024527479,5,1.0764125013956458,0.019000000000000003,9.629566811411583e-05,5,8.103873168053463,0.007,9.378532981180188e-05,0.02,9.644554144802586e-05
457,8.69884561241943,0.03469387348284051,0.04423191674824967,0.5645171129768365,0.6199958258986611,4,0.47882572598688955,0.341,0.2043246563874586,2,2.3678001939434976,0.221,0.13454967147255384,0.28700000000000003,0.1661986631838413
458,31.956595088509403,0.04030144249977453,0.11718345803399867,0.7474338107317778,0.6463165367239941,7,1.6175484151642607,0.026000000000000002,0.005051266852552916,7,13.196425442917922,0.009000000000000001,0.004904705901623202,0.033,0.00511411502842013
459,25.5725821213986,0.19259050928466384,0.537213632892346,0.9468663037175454,0.973855238568581,6,0.6329826021377168,0.061,0.13715856601396595,6,5.399079592866356,0.022000000000000002,0.1336621384027844,0.049,0.1360618056782462
460,9.041479149895359,0.1620997549234085,0.6108642637114577,0.9616361108607984,0.9893840821007606,8,2.1675926256181075,0.17300000000000001,0.21275085966595528,8,12.572158326433474,0.082,0.194824865178299,0.229,0.22734103664261254
461,4.071014226378805,0.05432277335327859,0.1288571382386343,0.505870423615329,0.9690348839521984,6,0.8154709398027379,0.36,0.3381034152432367,6,3.663790327608702,0.264,0.27047335514664694,0.35000000000000003,0.32800703165509426
462,1.7121701771452973,0.10888555912459083,0.1461855775873879,0.9694844757918875,0.9811503903196614,6,0.4150395359988874,0.384,0.4078754577793087,7,2.60253674323339,0.296,0.3364714237577268,0.35100000000000003,0.3737248224565459
463,2.562858028806528,0.007992271631334244,0.1845304871859909,0.7524656713445023,0.7870449146403632,4,2.272780756791733,0.317,0.3338251081154444,4,21.736957092012915,0.162,0.2647779991017949,0.362,0.3688990400813871
464,27.054161116916674,0.02874468847569214,0.1896209821109105,0.7910427382886562,0.6869549762605948,1,0.19533033914553663,0.112,0.023162509103888035,1,0.4337749876680957,0.079,0.021902801215301915,0.053000000000000005,0.02106622515469353
465,17.4628452028959,0.02654822205632787,0.0343201010366599,0.5182415436156733,0.6780735007725518,4,1.107871203250502,0.13,0.008492598931957529,4,4.7078488772348805,0.068,0.006632164084244024,0.136,0.00870637192605861
466,18.375414624851445,0.6538268711102537,0.9756160490121945,0.872049370258145,0.8458524218015208,3,0.44256033450286375,0.164,0.31629089618818107,6,1.5945703967729474,0.095,0.307879022970246,0.117,0.3103478690171866
467,17.738660232041102,0.02096768063684039,0.02829999354764133,0.8505766424664121,0.9622610002666087,5,0.10109341283034982,0.232,0.012181525694114848,5,0.13509297948420196,0.20900000000000002,0.010724717618059265,0.091,0.006212372120546206
468,20.337795921435003,0.7322671902693201,0.8653925370471235,0.5928346001615591,0.723542010586997,3,0.07210321945044995,0.32,0.3437910169658415,3,0.24821728863312204,0.212,0.32395843359702425,0.121,0.3116317118904241
469,29.312012429454857,0.017138219831988537,0.05993881310701586,0.6544063250971678,0.6903072818472195,5,0.28124988378087085,0.078,0.000695900470573857,5,1.7529776132355341,0.033,0.0006214684966192319,0.043000000000000003,0.0006367710397162385
470,24.30790552190749,0.03365858919211144,0.1770318794566685,0.7601231818150775,0.7408382218100619,4,0.5032434536481258,0.095,0.020003750035696544,4,1.4528081317002284,0.058,0.018794592860913895,0.069,0.019141819833235874
471,7.345158522608535,0.009231884342704794,0.06588354417128073,0.9950929300065734,0.6481005828535621,3,5.482693882413065,0.148,0.14153953386464538,3,52.203297513947774,0.055,0.11754544138540943,0.268,0.19007285532643434
472,27.52242464830906,0.006513467249349214,0.12269782425179243,0.7935774140312939,0.9893913187474251,2,1.7980832041288828,0.032,0.006122450392250511,2,11.984214347130207,0.012,0.005917284337064066,0.042,0.006240166193967583
473,33.86922380441838,0.04667549840920671,0.046804256367904445,0.9447563944872451,0.6691122620152357,5,0.24643513939770928,0.045,0.0004198291532256371,5,0.41913193273845856,0.035,0.0004102102229043003,0.023,0.00039938759828606063
474,17.841561151707847,0.12536545354409706,0.1745184478588272,0.6146726361893885,0.7661392018642053,1,0.22635302232560336,0.244,0.05416231341266728,2,0.6890642073934531,0.16,0.04315379531815808,0.137,0.04090219163268363
475,28.91431502878809,0.023423454914466242,0.07779371725509349,0.5305709556521131,0.7008887127290848,1,0.555786997937728,0.066,0.001568387320424608,1,2.1728315359480996,0.035,0.0014595551412625862,0.05,0.0015112183771956444
476,10.048970297830724,0.014592633211459947,0.06600033082299135,0.7614783619016193,0.6500416122125876,7,1.3673427447474995,0.21,0.10187195089455975,7,10.272265291252834,0.093,0.07278399291856091,0.234,0.11020855528569079
477,2.3840072856042327,0.13771675352586749,0.4862713022639442,0.943276493721583,0.8359181884800042,8,2.5547453395712165,0.305,0.3412787170535537,8,15.898978684549215,0.17500000000000002,0.29340189746608947,0.361,0.3759177795869274
478,31.039044261354142,0.005008153685958397,0.0065164678915875735,0.6512526456220529,0.6933085913300161,3,0.3107183198358302,0.049,1.5782834825672776e-05,3,1.0397141325325643,0.027000000000000003,1.4437866631189511e-05,0.028,1.4468255238986316e-05
479,7.753063430964726,0.01007045940992021,0.12892555550214815,0.6731353740067822,0.7745662167524737,5,0.4942849823177722,0.331,0.2244335805527266,5,3.847568196585854,0.179,0.14739466686630914,0.279,0.1901855258774123
480,19.002707294163393,0.15627794065008732,0.17935217668055237,0.9815722087622625,0.6137866134311327,2,0.4903407370824119,0.153,0.047184213927008,2,1.4492891515345827,0.095,0.04201386795208384,0.113,0.043426780489670136
481,23.15534741575878,0.026497672091456086,0.15477620916186513,0.7397339902987576,0.9518968814306864,7,2.1493048885253248,0.048,0.013718802470221753,7,17.01559536709588,0.018000000000000002,0.013014359791046454,0.069,0.01425332977134397
482,4.392082559272848,0.6839319872554043,0.8993966773915818,0.8061367114560481,0.8870782241352122,2,0.5232525794896831,0.40700000000000003,0.4072361328327727,2,2.5425361726596005,0.299,0.3662107690918896,0.369,0.38900397582647
483,38.217785875162164,0.0004824400075002455,0.04595068135979286,0.9651199680171775,0.9343092230388269,3,0.193501751228107,0.027000000000000003,0.00016960417025707608,3,0.663489944297699,0.015,0.00016534505286597279,0.012,0.00016443316988268286
484,35.65387856889807,0.32863801586291785,0.7380002647860953,0.935987514798933,0.9184917559408667,1,3.6355746371901287,0.009000000000000001,0.20330105746862137,1,22.671612838153134,0.004,0.2027996803126719,0.017,0.2040653700469576
485,9.692122749069346,0.05627802808541961,0.4210369029069838,0.9540113182517442,0.8721901174590798,5,1.7436586103845568,0.18,0.16498799471820552,5,14.92242424933197,0.07200000000000001,0.14269367519018222,0.22,0.1761830227310047
486,21.08799649067181,0.0383681717309299,0.06076377875312132,0.6591888646833314,0.6821088057838377,4,2.919608762629449,0.055,0.0029676001456058754,4,25.89730423144418,0.019000000000000003,0.0026550035798242055,0.091,0.003342429273081038
487,37.38351725764304,0.03702570418503211,0.10936148755166761,0.8719871665145011,0.683356996695434,5,0.0854243855173391,0.054,0.004097741482831041,6,0.1563645515222181,0.04,0.003994839351953605,0.016,0.0038256251681945685
488,27.668767306115754,0.002150560731629535,0.01552736521004516,0.6336441232800406,0.8991937842716082,4,2.3083679603647247,0.025,7.412997647729402e-05,4,14.181384215800039,0.010000000000000002,7.016353034317024e-05,0.037000000000000005,7.776910542414694e-05
489,6.174020046718473,0.1346663399616758,0.18239691473893196,0.6554571735952853,0.9289311490561997,1,0.3408136469286298,0.374,0.3068420611931339,1,1.2962824885100808,0.28500000000000003,0.24029823966194075,0.304,0.2515508656371634
490,20.908433833140528,0.004299869415582267,0.017841078324408833,0.7914231602994504,0.8632813439144204,7,0.17433853690699275,0.151,0.002146719951060444,7,0.8984618662116215,0.07300000000000001,0.001497143615444979,0.069,0.0014749815372582797
491,16.54121779370324,0.007606162062955896,0.030477411336809625,0.5104930284400551,0.6708721786117101,6,0.32225445272005415,0.23,0.01791166634521396,6,1.7703515414797892,0.117,0.010479854102078523,0.149,0.012018464321842254
492,24.807216611537708,0.5980997999169466,0.7841030443938451,0.5294602850379465,0.7455802641409282,2,0.14546285223282446,0.181,0.29265469007198464,4,0.603915683429343,0.099,0.2814955556002411,0.079,0.279092008137488
493,16.488496139691595,0.07960225758564227,0.7311145015171968,0.6369947395142823,0.6476274266711368,1,1.1185488170778533,0.161,0.1629923066552123,1,7.670197775651058,0.07,0.1544814891033638,0.169,0.16380739312743559
494,7.482336022220358,0.010550713305225655,0.02818956578388807,0.9074501808801189,0.7796950991140051,7,0.31494442740405965,0.341,0.2362159969911939,7,2.4255313953351307,0.192,0.1513012822013676,0.257,0.1796391575462232
495,8.85824617515474,0.006013980038056142,0.028708174404617856,0.737043125911519,0.631023549083524,3,2.835030964947702,0.184,0.11639275513411623,3,20.786707451069816,0.08,0.08956217598253532,0.261,0.14723094832918485
496,38.534416266066316,0.0008903046065676479,0.08242945011776415,0.8653789220640709,0.9409478565170141,3,2.278243302977442,0.008,0.0013896235843385008,3,19.196775263303586,0.003,0.0013760989049660666,0.012,0.0014002585998892925
497,38.11709710671277,0.00691231070118233,0.43603337343350645,0.7567982534093497,0.978723618284966,2,0.5715441322396289,0.018000000000000002,0.08993728466720818,2,2.7050645898908514,0.008,0.08941144659416214,0.013000000000000001,0.0896999023059582
498,28.66516815980456,0.0018101290742724772,0.021054636255321953,0.6521547722200189,0.6767030844093193,8,1.4737111835878298,0.032,6.73358813605418e-05,8,6.84241102117671,0.015,6.340318602066075e-05,0.039,6.897717465098596e-05
499,8.942670084497951,0.04223622685782667,0.15912156712921055,0.8310219274681584,0.672304442779715,6,3.137844335705166,0.169,0.12408237688234683,6,20.355094826840777,0.076,0.10176384803330846,0.252,0.15387345153320217
500,12.972754243883038,0.012305655338755245,0.04327226676854326,0.7349180050486435,0.9329629794968793,6,0.2616440493602222,0.257,0.06152002062523648,6,0.7123710997168612,0.181,0.0442893400000777,0.159,0.04063559569897976
501,15.30808210064569,0.025995398965667993,0.22940918066819968,0.9219097310659016,0.8678551048591899,7,0.26049076033049134,0.228,0.06923635976584977,7,1.8971742031372187,0.10300000000000001,0.052490435545988284,0.136,0.05592471356886958
502,38.26903678990856,0.6750941092773913,0.7434583218429094,0.612790857894726,0.6478375498419673,8,0.2528001468007313,0.035,0.28105120937844486,8,1.3725544181093055,0.015,0.2790833241914165,0.018000000000000002,0.2793363828308783
503,37.19774287520492,0.047762474345116095,0.04973308077058831,0.918603460685113,0.928649761956357,5,0.48289338146861416,0.02,0.0004233462881371164,5,4.7503386586641,0.006,0.0004119185197360431,0.014000000000000002,0.00041817687998857433
504,22.863438368996754,0.0163861479476633,0.7906253766966679,0.7243421067377782,0.7890874387723195,3,0.25796664525776813,0.147,0.15739715506606686,3,0.7740383225285231,0.092,0.15398026668247194,0.082,0.15341884972433725
505,10.329573035034736,0.10694874093997879,0.7974514589496893,0.8241654472590688,0.750965520194931,3,1.6815317926408115,0.196,0.21630600012072695,3,10.042249788497484,0.094,0.19783491839717238,0.23500000000000001,0.225790833484303
506,38.576540453566864,0.07482592455560978,0.10875811543062569,0.8543093979768612,0.7488489397235331,1,0.4730739194112012,0.02,0.004697231738517632,1,3.644884503545198,0.007,0.0045931166594972705,0.014000000000000002,0.004646071089651788
507,10.864424801310593,0.03747431188356603,0.1281745394232154,0.7856009533790556,0.7990574951543938,2,0.47143461213461907,0.264,0.1137929624935301,5,2.584518195584318,0.14200000000000002,0.07813809572071634,0.20600000000000002,0.09369335677414767
508,24.364412384670356,0.05194086877353972,0.07511694130838441,0.9023427609781253,0.6000264066538905,2,0.23608116119913952,0.124,0.0031231896328004216,2,0.4961497663448185,0.089,0.002811686888713416,0.065,0.0026250068642054425
509,4.895845275604653,0.052351140214367625,0.07223537619086222,0.8244305610972147,0.8980097823490575,3,3.028318400648358,0.228,0.23194484423206824,3,26.405142850734855,0.098,0.18694627592642915,0.308,0.276208758924353
510,0.3991742377365348,0.005323023290267804,0.18020230835500295,0.9420463776099098,0.822290975756984,2,0.22381130580023825,0.4,0.4553050057079131,2,0.6649715375223084,0.384,0.4275052017321247,0.373,0.4146012614735296
511,14.987593330002465,0.01339060404919649,0.06416638421998805,0.7099026329724717,0.8585808424625525,2,0.824417294904298,0.15,0.023193004700117703,2,3.2947211128918026,0.082,0.018117121237324535,0.139,0.02218211680324092
512,30.165586062545604,0.04045277125911929,0.08109792900528927,0.9131363980195022,0.7140262731520609,5,0.21802788324786335,0.07,0.0018449340935259295,1,0.5941360857879553,0.044000000000000004,0.0017388998387661558,0.034,0.0017032502595751564
513,34.539751746096385,0.008382122075531092,0.07146911180568195,0.7010908903825029,0.749187408678615,7,1.476425838456444,0.019000000000000003,0.0008851647616782976,8,11.358242067104875,0.007,0.000863881393298016,0.024,0.0008924603907829731
514,31.225753395334333,0.052908178852047905,0.06953715749292756,0.622079622628179,0.9492695100343437,8,0.6239847595753979,0.04,0.001257983766257409,8,2.6263290367737646,0.02,0.0012048521848373184,0.032,0.001235879933918188
515,29.94723699236844,0.017243150840351232,0.01838979841754647,0.5327198423535654,0.8971436606388321,3,0.4064031564748382,0.051000000000000004,5.6563199187315005e-05,3,2.2811001643489432,0.022000000000000002,5.117284361699781e-05,0.033,5.311487603754106e-05
516,2.337580592213848,0.18773826891607778,0.8109923475789109,0.7144567526831039,0.9139425234992039,8,0.6792207836625074,0.392,0.4103280649885771,8,2.957141776871854,0.315,0.36153296019540726,0.377,0.39738213723687277
517,7.793708701603562,0.8708159101146489,0.9877765921593933,0.964247804818068,0.858656734010281,4,0.644348909918406,0.332,0.3779080932238893,8,2.960249508438381,0.20600000000000002,0.35429471321775463,0.295,0.3696024287285493
518,20.177609096272246,0.0655520136780172,0.1401452744809799,0.9940647013144932,0.7969456191484717,6,0.9673420890144127,0.08700000000000001,0.01594510879815786,6,5.73974536329481,0.038,0.014330078499631776,0.08600000000000001,0.015897642322934807
519,26.181596730780697,0.012845034124141749,0.019204989210788653,0.8956265891489392,0.9759193981407707,5,0.9509189600325647,0.037000000000000005,0.0001707171742678648,5,4.493944644275893,0.017,0.00015871146643081646,0.036000000000000004,0.00017014414902769004
520,19.123371580811092,0.10842711729485949,0.987271786001148,0.8534554236556496,0.8211276559462344,5,0.2138667098040693,0.201,0.18896964386331933,5,0.3240538237997179,0.171,0.18609559921144725,0.107,0.1808707021799417
521,15.63566566726265,0.13491054820617424,0.2919507464779198,0.5802800077873883,0.8585833293495351,3,0.1035371692005731,0.35200000000000004,0.13989149157601638,3,0.38621875125618427,0.23800000000000002,0.10409933605117358,0.167,0.09076917420452577
522,12.262838691014686,0.15385287676117348,0.3535528363168031,0.7543497077873765,0.8264631414805313,1,0.3336521205671777,0.292,0.16900805750116188,5,0.9620734279124892,0.20600000000000002,0.1428114175498688,0.203,0.1421058216077109
523,24.01239120052002,0.02527110803457356,0.07169773967875037,0.8551458211126124,0.9627686127216739,7,0.31917013723577614,0.092,0.0021679547486242456,7,1.4283433624912636,0.046,0.0019006055394763799,0.054,0.0019446867382066912
524,18.583316601845013,0.01768104392300874,0.06452766603234673,0.5201828410327122,0.9223808547777105,4,0.7214745427885567,0.127,0.007220741337941705,4,2.296620219293049,0.076,0.005972503614759844,0.11,0.006768060804321657
525,18.775647269696126,0.013007247601209857,0.07916292507421538,0.7158628138209624,0.6650735985157044,4,0.3556489040825931,0.17200000000000001,0.00965632001690861,4,2.578691674493998,0.07200000000000001,0.006734170612750556,0.111,0.007670022233135787
526,33.43453222983753,0.03259194396515475,0.044753711209617006,0.6812210899413309,0.9980475548043933,7,1.467380541243191,0.019000000000000003,0.00023325171086927,7,11.021625451076956,0.007,0.00022715462244496387,0.023,0.00023532477148577313
527,26.47074190818982,0.021480185498411113,0.5225651687845924,0.8914692127618101,0.6801973325083492,2,3.09371544927061,0.032,0.11031100493914206,2,25.164262987581395,0.011,0.1091677967579246,0.054,0.11165611340849674
528,0.6960999248010599,0.020190116220324038,0.02371303710700972,0.5458709838230699,0.869756794306784,6,1.4112156478447149,0.373,0.411537414173565,6,7.788655870759816,0.29,0.34991903193883367,0.383,0.42294055521996715
529,14.599758560036092,0.017798930709203728,0.027817152383207717,0.5270801441453976,0.8592837275273236,7,2.0771831715923335,0.11800000000000001,0.020616504099238042,7,13.25719098553556,0.05,0.016235546090404868,0.16,0.02437460301894484
530,13.18225922961742,0.0031449644618225755,0.1676044601955397,0.9341420383650878,0.7313527313010687,3,0.42507711872119297,0.229,0.07210593093474565,3,1.8385084841168047,0.13,0.05397241625835536,0.166,0.05959924630779387
531,39.93205665467691,0.04417104117116583,0.07753450688842492,0.7974830890729079,0.9164795154493486,4,0.4959867905409256,0.016,0.0012649250048930305,4,1.8524387604668782,0.008,0.0012471002121556274,0.011,0.0012539570879661899
532,32.170875477088856,0.05649442069006471,0.0809470358391392,0.5600191452394494,0.7308269002653982,5,0.30335434122374655,0.061,0.0019935923870581518,5,1.1274492907875926,0.032,0.0018760565418477482,0.034,0.001883623184875477
533,25.025981167540436,0.6086126511887349,0.6175192774856918,0.9352986142316928,0.8666538100107352,7,0.4427171980298964,0.081,0.25896132092711327,6,1.1706607804977616,0.052000000000000005,0.2554664912840836,0.056,0.25592327255221226
534,6.092199316956996,0.008992404243685321,0.05895376672100074,0.7024946798450501,0.6343208816049183,4,1.3592061964775897,0.298,0.2394759858039247,4,9.672589263466289,0.158,0.17445162358216365,0.32,0.25469958125614767
535,12.211839146518132,0.19860257638089257,0.7583874777515,0.779605855835561,0.8771630235259371,3,0.125475060174838,0.374,0.2717150031369645,3,0.1919840697411762,0.339,0.2561582664787926,0.203,0.21708476205489335
536,31.39992253794926,0.8187611527633711,0.8726914982247815,0.5402698731242067,0.8503700067080858,4,0.5758503977811137,0.047,0.3135170145026954,4,3.529994196743752,0.02,0.31100564263530395,0.036000000000000004,0.31250066499225393
537,33.950569631756814,0.02173665994330617,0.02613525806356361,0.7337490198640538,0.9950717303180104,4,0.8024508760174126,0.022000000000000002,4.578953790904117e-05,4,5.7522443323204655,0.008,4.423057492308757e-05,0.02,4.552631432344634e-05
538,37.79026986313161,0.0010401920430004575,0.049900504855020865,0.5872677456012669,0.856324347723273,5,2.4036925664115523,0.011,0.00022432509469702544,5,22.23548130989631,0.004,0.00022108005525303676,0.017,0.00022703847338492733
539,21.769857984461403,0.002030214535827409,0.08310968689086076,0.5235867796985805,0.6722326315103684,7,0.7956257047128794,0.11,0.004239013957248544,7,2.991080499174803,0.060000000000000005,0.003653624430074498,0.099,0.00410065869594517
540,29.26047228819677,0.0031833156229648827,0.17109771986720412,0.6136010785296923,0.8375131960249973,1,0.45302010282438965,0.063,0.01612457869350198,1,1.7093477497718816,0.033,0.015401910608752928,0.043000000000000003,0.01563368019744904
541,22.975762240185663,0.06525867302938475,0.07948272240827191,0.558441453648065,0.7862773523075425,8,1.1792157153719773,0.076,0.004220690730427967,8,9.867724658860077,0.028,0.003719645283644546,0.082,0.004291642575857207
542,25.115570606808163,0.016823214332618294,0.9647805726396417,0.5635988934376704,0.6534483289587122,1,0.2836981849005578,0.137,0.17189370718637614,1,1.2346794140814912,0.07200000000000001,0.16859264151080458,0.079,0.16893157786607435
543,19.010887898486803,0.197256942194494,0.38795915643880763,0.5322821462972952,0.8628858504234695,5,0.1375985324459204,0.278,0.14535980534306905,5,0.3560855950748645,0.199,0.12858541224929718,0.131,0.11804634534121852
544,8.151449977431987,0.06891538939362994,0.0728971182542118,0.70572832305477,0.9950660697329402,7,0.8929879845370466,0.255,0.1658369182016285,7,3.640334432110927,0.155,0.1281442942424046,0.246,0.1617345599795549
545,7.149845793332197,0.005772475631694933,0.07870430480978922,0.5460887889207302,0.9224084699638689,6,0.8028674850109807,0.307,0.2195426489885592,6,4.8080140172070145,0.17600000000000002,0.1558670950035009,0.291,0.2089662010931694
546,30.064938011634148,0.09841725663974371,0.3389738283319533,0.8356263645272689,0.6896086948502951,1,0.9959810967236244,0.038,0.06789824832025354,1,5.143607633096474,0.017,0.06666995544578214,0.038,0.06789384656426878
547,29.50041835970318,0.022907429300451313,0.03197083497328531,0.7082033465531353,0.7784185447338152,8,0.5147384967420917,0.048,0.0001455410818796965,8,4.585104442736666,0.017,0.00013262116156068093,0.035,0.00013988719363378088
548,28.763162180001192,0.060197358991561575,0.18165822018248315,0.5008088576092073,0.7155808759565622,4,1.7873903877022526,0.041,0.018877857629193445,4,13.095710622368344,0.016,0.018189689993378666,0.054,0.01925729081177127
549,17.510761654162994,0.6976370356234844,0.7396620820357579,0.985270158745502,0.7357909032637844,7,0.7920258827306936,0.14100000000000001,0.2978362292055624,7,5.948034261803228,0.057,0.28767938681965377,0.128,0.2960799815304266
550,35.25280004634827,0.19923310576739214,0.39821092043779016,0.859424228961892,0.639389882197391,1,0.4945705036401796,0.030000000000000002,0.1032671754906773,1,2.66469010926992,0.013000000000000001,0.10181890447401393,0.022000000000000002,0.10250956288025087
551,25.481505076597543,0.9475727687320888,0.9948165279369098,0.9109952747325346,0.7366973574940883,8,1.342296359659391,0.05,0.33588836699012403,8,8.162276524243227,0.021,0.3334509418414219,0.058,0.3365381973260375
552,30.76045391973233,0.020405460417276883,0.026987152647893146,0.6058208962927824,0.6667686123087488,2,0.7372478583948775,0.041,7.899332026473083e-05,2,3.782588634886835,0.018000000000000002,7.391717169791256e-05,0.035,7.767257741464473e-05
553,30.501322599221044,0.04284454093371428,0.07320160394937403,0.7115437577055596,0.6165698388536001,4,4.931488000975939,0.018000000000000002,0.0012285693957028998,4,40.57958759226387,0.006,0.001199115369541759,0.039,0.0012861847976800844
554,34.48694402678174,0.052064017516886364,0.6872919006173552,0.8099431196776674,0.6690644089698164,6,0.5821623882618671,0.031,0.13781323972209447,6,2.8978440835558255,0.014000000000000002,0.13696003240423443,0.024,0.13744656354168377
555,29.84366188761269,0.07675616836457792,0.7450535388664034,0.9526402668018694,0.8880783036087654,4,0.3097988454707693,0.056,0.14766975195610044,4,1.0728573956502885,0.031,0.1463301621096095,0.032,0.1463857099453689
556,34.35121937538755,0.07990740451280677,0.1835314536624345,0.916129277815511,0.8422188652231135,4,0.6756043978813121,0.024,0.019272003683811878,4,3.6055871086418314,0.011,0.018901144163884886,0.02,0.019154608701767967
557,16.97248240718152,0.1835754741481153,0.301913932734266,0.764421228293775,0.9578887112004577,4,1.8221077124147018,0.099,0.09085989705883624,4,11.037324503537029,0.043000000000000003,0.08462783878654195,0.128,0.09469883614949612
558,5.863262894747528,0.055780349050607754,0.2921918985144316,0.8384562570532901,0.8747355395216297,5,0.7127125536014429,0.323,0.2760259893456293,7,5.71096019899508,0.171,0.20696136102505347,0.299,0.26091863433844864
559,37.47289004337163,0.0165175999537562,0.06352897374542282,0.644796828708456,0.6198273248107072,2,2.085879040768384,0.014000000000000002,0.0005559948665471437,2,20.207096192762382,0.004,0.0005461154236154064,0.019000000000000003,0.0005625883219174121
560,7.949930409553023,0.027931743987891437,0.06691469248199472,0.5578665676117368,0.8012351857993146,2,0.19538773277950539,0.389,0.2780831436042689,2,0.6261868949547472,0.319,0.2068668791902842,0.28400000000000003,0.1840602858972418
561,8.827378191305145,0.14027885651084013,0.17588117714525514,0.7139983071997245,0.9525679747624254,5,1.7670692506560006,0.202,0.14874941576698222,5,14.010676151875396,0.08600000000000001,0.11850958370183712,0.245,0.1645792053675934
562,6.521476960689545,0.061597864010939786,0.13355022428063842,0.6668695893404387,0.7508111089199929,3,3.2063517395510046,0.219,0.19301125186679724,3,28.651038242774217,0.092,0.15179382342938041,0.307,0.23875459215574352
563,37.29991203235887,0.061644240220886534,0.1202100002509438,0.6211483251336797,0.7817537534358916,8,0.6041021156197495,0.023,0.005673627234541845,8,2.968441118712392,0.011,0.005551369361937758,0.018000000000000002,0.005623598439488259
564,38.95184215351492,0.025671868014419636,0.02864608371427371,0.8587417098848882,0.9167819727759985,1,0.6500725837029601,0.014000000000000002,4.712253880412298e-05,1,4.389066735816512,0.006,4.6240150370219224e-05,0.011,4.684277363967149e-05
565,6.456232072814107,0.0713338188247161,0.18277295823837825,0.5384701987390008,0.7731415818700514,5,0.43055771947632704,0.376,0.3015783772846701,1,1.0259626379865296,0.322,0.2542581810032536,0.324,0.25554032055798626
566,13.142974557735176,0.0014877413732771016,0.10065895321893113,0.8537096435281222,0.8953570632469526,3,0.1946692412186242,0.275,0.07150984270670721,3,0.41357520479390014,0.215,0.055461997081085374,0.153,0.04446671192644555
567,31.547740170369735,0.027275820329173764,0.03751050483023001,0.844840559413763,0.674898368664512,5,0.12448423578726352,0.078,0.000180263663387914,5,0.3049453227605279,0.052000000000000005,0.0001671328011880191,0.029,0.0001575016188300471
568,18.316309117035694,0.026576909504066274,0.14543845954611517,0.9251731199608844,0.716514040162901,6,0.788371896746395,0.121,0.0203917044237045,6,3.3416622690688005,0.063,0.017763858035594243,0.109,0.01978980060369595
569,36.095078846231274,0.14746715742165348,0.6008679841572735,0.7831195891843722,0.77719702089183,1,1.3301794035474601,0.016,0.13320324379203363,1,11.188879475529983,0.006,0.13249878988368052,0.019000000000000003,0.13336893647764433
570,8.128680082784827,0.002713720918987821,0.18616691728883897,0.8043523828029123,0.9490600913443256,4,1.6800861246418703,0.20600000000000002,0.15591813544752445,4,10.797190782011091,0.097,0.12467819665703916,0.245,0.17139815801545494
571,11.956771155168115,0.027801250205123522,0.07662852069393165,0.9210504529384198,0.8396281429050316,1,0.20468442060588848,0.28900000000000003,0.09508407117039597,1,0.5650344306057556,0.20900000000000002,0.06830081936811136,0.169,0.05924630422375643
572,1.1620855709061582,0.01817059628179788,0.06066253089484379,0.6853668209628945,0.8312512829075658,3,0.16341793780135488,0.405,0.45765233819466045,3,0.551223467162772,0.39,0.42646402437996506,0.375,0.40630656882296967
573,4.519041674451393,0.002363409069373391,0.1584374608165382,0.5330377858327678,0.6971546769854903,6,0.8007437900796324,0.37,0.33872659414199735,6,3.3725484688172136,0.281,0.27026286147497414,0.359,0.32733811456044326
574,29.97827500317267,0.01728480762526465,0.059336843481684935,0.8169720934943561,0.6208116619400691,7,0.38123582905788095,0.060000000000000005,0.0006147533383135673,7,2.464715066467971,0.025,0.000564642914525626,0.038,0.0005825767946670557
575,22.812722961066054,0.04039701904215701,0.1465249958925702,0.5257479767211685,0.8578013786607078,7,0.28351657447493567,0.152,0.015467239351916795,7,0.7202763063722503,0.101,0.01379599956429503,0.08700000000000001,0.013399672638939958
576,28.472012613118196,0.005420014922007525,0.047477964738047516,0.506712369604286,0.7496003704814852,4,0.7545942273211501,0.056,0.0003551254864480047,1,6.053642677071093,0.02,0.0003229202186899871,0.049,0.00034830436331759196
577,26.97112235825999,0.05514289703746938,0.585214988481951,0.6873672528941542,0.8521223546355646,3,0.6208967097999758,0.065,0.12443017152992747,3,2.960653614824024,0.031,0.12240125088300527,0.052000000000000005,0.12363451076560583
578,37.83319861867868,0.07927484325673115,0.34158062939967193,0.5593427265262875,0.687473033334068,3,0.14608445667715106,0.049,0.06747956011779466,6,0.48309268793752314,0.027000000000000003,0.06624315341707088,0.019000000000000003,0.06578768778700139
579,32.832142587882196,0.059499773878179084,0.17344735101766162,0.7967842723741908,0.9764144195450375,1,3.038103888300535,0.014000000000000002,0.015747099366000966,1,24.586441172099423,0.005,0.015548622089769815,0.024,0.01597804615942519
580,2.858840958515466,0.03079645627017698,0.039203975144427895,0.6643518106520794,0.7189080219769463,5,0.5773182628928444,0.385,0.3907799500023125,5,2.654248499150979,0.313,0.32307062375753726,0.365,0.3666741039632218
581,18.306409476127417,0.029630833612296473,0.17205293020574722,0.5770678684316425,0.9006118203671925,3,0.5964467298462748,0.154,0.0292313866623245,3,2.6671421457241578,0.08,0.02480009071577227,0.124,0.027237231377001986
582,21.83157012718631,0.0443784907210096,0.10959053656597108,0.8357452701385814,0.8963651229339339,1,1.631455619511652,0.058,0.007096077428362907,1,12.092723760896718,0.022000000000000002,0.006533999053389611,0.07300000000000001,0.0073583341276097225
583,34.794842892582274,0.026720351255583485,0.10220556315119053,0.7409977996330828,0.6155560934456449,3,0.4018569157648155,0.038,0.003182761495425207,3,1.4293726096105954,0.021,0.00307931990344798,0.025,0.0031018016416914374
584,16.999645909540103,0.031007928255135302,0.5441927950268374,0.9876511617127813,0.9604532097727394,4,0.8174069731736193,0.125,0.12705821373489576,4,6.115794767737582,0.051000000000000004,0.12081503019032228,0.115,0.12609929332846573
585,12.119367232916744,0.0029074905117773817,0.16860324509026528,0.5984653897703355,0.7429870989260906,4,0.9646446924507464,0.216,0.08335846018273188,4,5.903296942256,0.10400000000000001,0.061522278134858194,0.213,0.08265424083926648
586,36.23874376176811,0.040205722910609365,0.06432223687696705,0.5979041953495768,0.6263618586486559,1,1.7893152025148196,0.017,0.0006949683442969423,1,11.854722523449682,0.007,0.0006805227581284379,0.023,0.0007031046608381164
587,19.992334504569595,0.027162572323637484,0.10589093669413663,0.6269919925813763,0.6977520804749141,5,0.4993716236355101,0.147,0.010268235601883113,5,1.9028287636273717,0.081,0.008469304827435548,0.109,0.009146470129967499
588,0.36366659363058795,0.06442022693600019,0.07994830995717009,0.5182185478777727,0.6864269228225323,7,1.8138596210113347,0.377,0.4205622097036219,7,17.068793708802314,0.265,0.34419136350325763,0.39,0.4381652751852593
589,3.309920727269355,0.0387128715688952,0.06175915249417571,0.8341198024192591,0.7466024199779238,4,0.33612324906913527,0.391,0.3904234244616526,3,1.2089130292313939,0.336,0.33140124125600445,0.34700000000000003,0.34024388484488444
590,22.606283600428817,0.07046048898611552,0.08874938495800523,0.8210433228632738,0.7032555309779225,2,0.31713770709302613,0.127,0.006433020391983457,2,1.5425535771180785,0.062,0.005369403635271469,0.076,0.005567227694115329
591,8.249025276944101,0.026994616668718427,0.15896724715888993,0.6566963768654187,0.8109633020319099,4,0.15160156029653296,0.396,0.2799555327517148,4,0.3978724247319304,0.338,0.22053471260672727,0.269,0.17685167833668186
592,2.274726386148691,0.019108443780958544,0.04856436722910657,0.9646666036532743,0.6921996705893373,1,0.9685078338772571,0.359,0.37104738119407266,1,5.988190978958878,0.247,0.29910996229419207,0.357,0.36967436207994064
593,1.2401016068071944,0.2482633918001633,0.6757276272008006,0.7234766313679822,0.9308504588304114,1,0.6563453594617741,0.399,0.4281663947309803,1,2.4110987465301754,0.34600000000000003,0.38721397590847406,0.386,0.4154857226150097
594,36.05548439537441,0.06115821681830487,0.10395993721236006,0.8026805909430972,0.8012892062086826,3,1.8748967715336151,0.013000000000000001,0.003653286319814819,3,14.264885459380986,0.005,0.0035984994918069335,0.018000000000000002,0.0036854553067150186
595,30.601938496648565,0.0751757047157855,0.07932439011436186,0.8335161290361683,0.6318146981769784,7,0.2362403633116554,0.07100000000000001,0.0028147876125630134,7,1.3868850138010407,0.031,0.0025752129195301676,0.036000000000000004,0.002603771088729112
596,17.894464601612995,0.019111888946231833,0.02887957280211375,0.8569453915055363,0.7154091615789407,1,0.5091103226468101,0.136,0.007088770088342133,1,1.4850398969619043,0.085,0.0057141530499142945,0.101,0.006110524251417893
597,8.385204451655794,0.011086154716729866,0.18155604113251916,0.8898707902268415,0.8913855212527617,7,0.40095800522607394,0.308,0.19774682287189554,7,1.0388608210691197,0.234,0.16051127942594548,0.23700000000000002,0.161712086086107
598,39.675485964141785,0.09420996756435628,0.16491904568266913,0.9808761500589039,0.7488751669588656,1,0.7427792842246466,0.013000000000000001,0.015388738770123811,1,5.334299974525227,0.005,0.01520211883509115,0.011,0.015347484106398496
599,38.43377755594808,0.029939038567397665,0.045943387223312274,0.5069963855397234,0.8065690575184102,4,0.3427516339937262,0.029,0.00020433327413044156,4,1.3231499055988336,0.015,0.00019834594792086935,0.017,0.00019926431658814914
600,33.310809012186816,0.3420387906311073,0.599506768718196,0.6286513421539301,0.6148178638284036,3,0.12230970255753434,0.085,0.19596162079268606,3,0.375658231895571,0.051000000000000004,0.19176447679301262,0.032,0.18963049220609532
601,39.91509115110134,0.14094007491200466,0.9619980757690557,0.8137741849328645,0.699337587641276,2,0.29561137756092726,0.023,0.17449771150144053,2,1.109377916752359,0.012,0.1739155236892678,0.013000000000000001,0.17394897376252755
602,5.678164443040925,0.0060481052668845325,0.024674867842474225,0.6347832193106294,0.7486092317356925,5,0.5644817473500444,0.357,0.29766013305256533,5,2.3030472976759984,0.263,0.22810033990451228,0.322,0.2665520252163953
603,9.437399720306601,0.01740587002332275,0.032272921373828194,0.568199726028763,0.6763883500229939,7,2.2177261517550795,0.20400000000000001,0.11059160453574851,7,16.869072850602922,0.089,0.08073747704942566,0.265,0.13514264898465522
604,1.7977941861839468,0.031589101749004506,0.48382869390240135,0.6485547867021292,0.9008754489664103,7,0.3345239112224054,0.40700000000000003,0.43552648378225156,7,1.2340263426599762,0.37,0.39208074386009517,0.378,0.3997667917649629
605,8.006350770196756,0.05370689651141098,0.07906933617898401,0.9873247746202282,0.9299724900934278,6,0.3897704518796688,0.301,0.19438403883734912,6,1.4196764285489605,0.203,0.14672865806980545,0.229,0.1569540893755363
606,31.832971029610178,0.07138256543255289,0.10005871820112848,0.7529168852316085,0.9721450284124779,1,0.4181265688772778,0.041,0.00400741697503007,1,1.1352955295793488,0.026000000000000002,0.003884864554440398,0.027000000000000003,0.003897020565554521
607,17.1996205241362,0.041367736205191186,0.13118790252122928,0.5804054678104665,0.947383627576535,8,0.16611034369618344,0.255,0.033688759071279384,6,0.7537433020922564,0.14400000000000002,0.022801436479820053,0.128,0.02174262337720373
608,27.590332949337814,0.06480209104438386,0.5851662936899228,0.555534515244083,0.8329085911057257,5,2.3083651386403603,0.037000000000000005,0.12298067866706242,5,19.30813635371535,0.013000000000000001,0.12164567881124844,0.055,0.12404666863737762
609,16.83147639207343,0.4019553644968008,0.5529272452958901,0.7651843995682762,0.8624499740735573,7,0.8109734175443266,0.154,0.22050582968745963,7,3.8126816432183146,0.078,0.20906600175112197,0.14100000000000001,0.2183812012671357
610,39.19192932294447,0.14754316591135355,0.8462889315835304,0.8580620646314163,0.8653767850562731,4,0.24697070266975255,0.024,0.16550028004069448,4,0.3440307496599729,0.02,0.1652889975170514,0.012,0.16480602101947425
611,17.86399112183735,0.13549858797272912,0.842505849896308,0.9939014172427081,0.6660150324384569,8,1.564754663624065,0.10200000000000001,0.1751522886649078,8,7.327102766380782,0.05,0.17086640641121453,0.124,0.17719735080623794
612,3.4471165125411014,0.03312485632389896,0.052687329599059515,0.8148197835882947,0.755319386354289,6,0.37398046710073324,0.387,0.3822518979593066,6,1.4412857738816762,0.324,0.31895853782977757,0.34500000000000003,0.33599755240029205
613,28.830286035163383,0.09342138278888094,0.5237836263448121,0.5717195365814528,0.9844939718395922,3,0.8016982102058395,0.048,0.11395092995773184,3,4.9474498367512085,0.02,0.11217982388121803,0.043000000000000003,0.11363929236245818
614,5.665725319932954,0.2710573565286453,0.9563688024740059,0.8861070544425119,0.8004149131173813,1,2.489425965640689,0.256,0.3131394039194154,1,19.646389910014605,0.11800000000000001,0.2818547433986477,0.327,0.3380917601137926
615,25.874804713453088,0.024372286232774997,0.045242524499233376,0.8175792967167248,0.9344021919658976,2,1.5731338583108192,0.035,0.0005326733981700915,2,9.519802638347153,0.015,0.0005012834318604276,0.044000000000000004,0.0005467705023551594
616,32.7814902923069,0.0031069118779735814,0.15080428248329034,0.9102812446271766,0.889681395627739,1,0.16277641895480238,0.056,0.011065980044694862,1,0.3545275458360495,0.039,0.01075063545606561,0.023,0.010490520921724561
617,7.728899017620265,0.05092039274519452,0.13799250048412467,0.8648552947628844,0.8385521282695079,8,0.11260356529838647,0.399,0.2976646363310803,1,0.19940017123472428,0.369,0.2613782469451845,0.255,0.180387739791516
618,7.334285774569196,0.11040509905190653,0.12919145154018338,0.9319458227837938,0.7187343067069537,3,0.6556622169350803,0.303,0.21859984862130658,3,5.315938468767269,0.151,0.15345559340350798,0.271,0.20023478375911735
619,39.1383142952506,0.006345992794264329,0.0478448251722792,0.8154872608639883,0.9800012832008974,5,2.203812531492044,0.008,0.00018740969487621162,5,11.792402435201899,0.003,0.00018578054447029868,0.011,0.00018882097725009261
620,3.368906221444492,0.05183230045504405,0.06594897834654412,0.574112147590125,0.9183666088352627,8,0.19897123966778224,0.406,0.41665559296330495,8,0.8380872104290202,0.363,0.35471222189717244,0.354,0.3463533122716044
621,36.60406959600344,0.0465657548919727,0.21651890556310083,0.8318367520845537,0.7792408528742587,5,0.4593641607520036,0.025,0.027112167132405718,5,1.2798554430991513,0.015,0.026782951095377372,0.017,0.026847202447842
622,28.78966849856597,0.023316146716864466,0.16153482297532673,0.6531294133463258,0.6451496265621968,2,0.6077536488717848,0.063,0.013935350996868712,2,3.629833935866199,0.027000000000000003,0.013146301320391907,0.05,0.013635085490227405
623,33.13582297923294,0.032492769965707734,0.6870130860035051,0.5080872025689197,0.9024310092200376,8,0.7268253182571898,0.035,0.1377623867532231,8,3.643755349559946,0.016,0.1367977739288771,0.030000000000000002,0.1375050883722635
624,1.1047163728752518,0.010951021792392959,0.7169907602897203,0.9622248355445574,0.7023324811419918,6,0.3667898602727336,0.40700000000000003,0.44440078811250633,6,2.236451224184319,0.34800000000000003,0.39003302819368524,0.383,0.4161253518996903
625,3.153206198765803,0.014310942276087028,0.016592692136075355,0.5020124673268952,0.8610817552776584,3,0.24104895698513323,0.406,0.42117021249762054,3,0.7024110966963393,0.379,0.37803647471086177,0.366,0.3618668371043897
626,39.47403904133997,0.10393938614869938,0.17062477053294448,0.8227579100433692,0.6047165827934077,4,0.4546123995379705,0.021,0.01778560623847686,4,1.5449763293982737,0.011,0.017538540121044804,0.014000000000000002,0.017609186679886007
627,38.86492852664476,0.13122890991043176,0.14007788078189415,0.8055693562561671,0.8445083648113495,6,1.3123154803798411,0.011,0.014822398391948405,6,11.838187179810106,0.004,0.014648036304298784,0.013000000000000001,0.014860701362819695
628,35.57768297523759,0.038988244697532405,0.10334981498450482,0.960554757404101,0.6010182288844409,5,0.2625282551717446,0.039,0.003361298038185162,5,1.052947645149113,0.02,0.0032445766262184372,0.02,0.0032475494880995215
629,13.260850177694833,0.1354295722846314,0.9944367963318959,0.9163077862690509,0.7354416128878393,8,7.741896869949052,0.077,0.19845534773861642,8,63.339630099442665,0.028,0.19379204548341744,0.182,0.2119529458949928
630,25.009195232597882,0.026372926435429267,0.031151235483993865,0.6707998117600273,0.778335798964446,8,0.4658796108122008,0.078,0.0005079747804763723,8,4.170328604279316,0.027000000000000003,0.0004243497667481555,0.055,0.00046614907060965605
631,39.00650848431144,0.14108456566940225,0.17496274156729097,0.8003791861518641,0.780444643642848,6,0.36134779007221574,0.022000000000000002,0.024146170846005816,6,3.2021818135146978,0.007,0.023641765904345524,0.013000000000000001,0.02384151213569119
632,30.51793462927065,0.19377277576606616,0.8613155197428464,0.5505690780291734,0.8177441637843335,4,0.7148654135810559,0.047,0.17982167965851253,4,4.847681835528451,0.019000000000000003,0.1777070789844298,0.04,0.17928790468654338
633,23.982960879252943,0.008499174306573194,0.0662113388340555,0.6121832898065546,0.6774500331420553,1,3.30985846828375,0.042,0.0015021929288049907,1,32.507922028407854,0.014000000000000002,0.0013927144776405553,0.074,0.0016464148160924286
634,12.596891730964346,0.07354783672693262,0.1014907988980368,0.7028942446989848,0.8720438362136266,5,2.0984164946512665,0.132,0.05176740511077732,5,14.669394470284953,0.055,0.04196219294220288,0.179,0.05971442043385439
635,15.439476339079155,0.06975646268658935,0.7322671397037087,0.6273475320822368,0.8830050938546178,7,0.5016338461364152,0.212,0.17185627216275795,7,2.653181070556252,0.109,0.159630664065922,0.163,0.16544685463156647
636,12.858877962915251,0.0012091440794618912,0.5515442353088215,0.8096925785040284,0.8769501157719555,2,0.7043429699075299,0.20600000000000002,0.1576202169084468,2,1.8206514342889548,0.14300000000000002,0.14674922076374186,0.181,0.15293840517402388
637,10.459495206428365,0.0035478313926724124,0.14650147541228484,0.9911140228219879,0.6929034806236526,6,0.799860497381712,0.224,0.10878572426462904,6,6.771284088147941,0.095,0.0773022465617006,0.20700000000000002,0.10343613114180511
638,23.839228804930055,0.033668217599394014,0.05054811034446194,0.7308006011029332,0.7736996828596937,8,0.2363486140262094,0.12000000000000001,0.0014704628756454785,1,0.9401143927096046,0.064,0.0012095227830425104,0.062,0.0012023464069801926
639,16.76344926044832,0.0016095634808856506,0.05632110925263991,0.8225853917640539,0.8343007933467734,8,1.4532389007555646,0.093,0.010180772220324152,8,8.946892711657112,0.04,0.008435828301296133,0.11,0.010852400475896196
640,36.3261266222717,0.0012863252709605644,0.020484972549201633,0.5411761196638369,0.7789635826790249,6,0.6238621352114432,0.025,1.1360275904759298e-05,7,2.168883410712797,0.013000000000000001,1.1032308044306438e-05,0.02,1.1210285244200868e-05
641,3.0697736450077615,0.02024180057647679,0.021749025755797697,0.6981012598856471,0.729044580112087,3,1.2107541274978542,0.35000000000000003,0.34813288348903026,3,5.141625825130084,0.258,0.28719956950929115,0.359,0.35698913773696284
642,1.510778556826312,0.033651066169497076,0.052120008045119404,0.8293786610834104,0.8858546451887294,2,4.208510191517244,0.28300000000000003,0.3319367289067523,2,30.00366625950801,0.15,0.2803775973225638,0.362,0.3876863582396226
643,34.6530014451235,0.21232242507313714,0.5659551261236881,0.9784735111837076,0.9075448322815416,1,1.0842037217417566,0.018000000000000002,0.14307167495868303,1,6.291338393188461,0.007,0.14221102561688218,0.018000000000000002,0.14313226640811272
644,0.5698795659735871,0.06945642846252438,0.10474786778279063,0.9878083441418892,0.6456977138924765,7,0.7317282913914506,0.384,0.4265835115303369,7,4.916017534271183,0.304,0.36017364003173924,0.376,0.4166356836465426
645,38.44427305054499,0.00397736947255337,0.1078350320730427,0.731346319444163,0.7924898802158816,7,0.38717781779783034,0.023,0.003613533307311345,7,1.4898025685761778,0.012,0.003542175575425466,0.015,0.0035584161348002075
646,3.935259870839773,0.023201983352638157,0.024633030087271125,0.6778430184006774,0.9902602095002717,1,1.085397034623635,0.327,0.31053188026024836,3,6.562155416520492,0.2,0.24209226272791284,0.332,0.3144544164780681
647,23.629246651208618,0.6629956572070052,0.7907791620494529,0.6639725078910731,0.8848259007878172,8,0.37642972542136593,0.116,0.29424314926008377,8,1.2224767729564812,0.068,0.2886908947733021,0.075,0.2894222276906788
648,18.750160327174722,0.007120153759179844,0.04470322950578321,0.9990289479060516,0.9970706283423023,8,0.6849608743694606,0.09,0.004677926548557421,8,2.5844670426548926,0.048,0.0040017869496015435,0.076,0.004426204225439573
649,38.98005110416621,0.19083890404548862,0.21644316950168838,0.9850110314425928,0.9117467827254787,6,0.5608990179819676,0.015,0.04603961912170393,6,2.2943601450346707,0.007,0.045613112180654,0.011,0.045826985696848066
650,12.345265930780743,0.054320379862257566,0.14949443895648112,0.8370515055180497,0.8705553256319927,8,2.2339497509967137,0.125,0.0603261954057327,8,18.75317002733389,0.048,0.050056107365453434,0.17400000000000002,0.06893451369701603
651,4.367048352636796,0.026380895509036547,0.028107225450364485,0.7770860296178308,0.7397211819453458,7,0.6398489717624111,0.358,0.32926011678170186,7,2.7360649492066376,0.265,0.2614099204018796,0.334,0.30654167929471177
652,29.2500043028406,0.02252839231772323,0.6628935938557934,0.5008901058393649,0.9974011882714601,8,0.1714681472540889,0.099,0.13809236566370148,8,1.322821200320123,0.039,0.13456885427506599,0.044000000000000004,0.13486547153072767
653,27.518234312610943,0.029038253184411222,0.09891014998457127,0.7738362798561121,0.8571300749058111,7,0.18744517172713293,0.098,0.0037743879428848714,3,0.6870475745455414,0.053000000000000005,0.0034166740705493526,0.045,0.003354055686074886
654,37.09306863342865,0.010965843821982466,0.0713439026614436,0.7297327063332909,0.6166588208147531,3,1.2942799589631808,0.017,0.0008506212385412104,3,4.161694082955697,0.010000000000000002,0.0008384935599889676,0.019000000000000003,0.0008544473783319573
655,26.144321361836827,0.0642008336890374,0.0654804833228058,0.95658584116622,0.6590542892226627,1,0.7060887046291828,0.060000000000000005,0.0020578129666908307,1,1.9474329167371736,0.037000000000000005,0.0019424928340605052,0.051000000000000004,0.002010625695590379
656,7.595768512357206,0.06368258599306377,0.1738926181845832,0.7730901946561594,0.7132061989006547,7,1.4069425165337066,0.255,0.18786875613808385,7,11.971918873742146,0.114,0.13954919723068882,0.281,0.20118830113785188
657,1.9838763708156613,0.013561447258254434,0.05804448437149153,0.798399364066128,0.7025106479569584,1,3.1834205540023564,0.309,0.33768156440914,1,24.339584176553934,0.169,0.2759558492125457,0.368,0.3854704237346016
658,25.42869524238119,0.004510686805764986,0.034795187288022264,0.9538925644686023,0.6011537175418864,4,1.1985975441437962,0.046,0.00035321602118942863,4,6.479421216446502,0.02,0.0003237678709329672,0.05,0.0003583809361310808
659,36.166825069272775,0.023410001831718878,0.0283995706491921,0.7737310310964202,0.912074989090155,5,0.6476904556060132,0.02,4.795188836298481e-05,5,5.654500876980838,0.007,4.6503277486398265e-05,0.016,4.7518875348789846e-05
660,3.5879677258742846,0.21197862522757538,0.43705601085244344,0.746698107992754,0.6704928106258317,7,0.7289583879862174,0.385,0.3770713017800206,7,4.212288811761507,0.277,0.3091072208500293,0.371,0.3638906913816162
661,25.828491496950253,0.08266548124370625,0.17976773154807243,0.9460033316294276,0.9416253117106484,1,0.19791375831672825,0.101,0.022429363150567788,1,0.644166806732974,0.059000000000000004,0.020849359873300083,0.048,0.020479692746415312
662,11.272775071487915,0.08895957467022728,0.1796611662923996,0.5862912361775222,0.7608104250075565,4,0.7088006554794849,0.259,0.11876197216473747,4,4.382727888885803,0.131,0.08467457319656002,0.231,0.10936142761098286
663,12.744664440901229,0.01849864784427327,0.07075021483685155,0.9160047454297577,0.650838137223419,1,0.22323826150991977,0.28800000000000003,0.07876737448931992,1,0.6305086360161777,0.20600000000000002,0.054845258311508716,0.17300000000000001,0.04846200366520492
664,25.248426229381174,0.16611708150708845,0.5106756545790904,0.6819389742099462,0.6888854129595452,5,1.7514932110890158,0.054,0.12452523905241247,5,13.224552487074373,0.02,0.12179092895211246,0.07,0.1259393306007761
665,19.018970992556234,0.051450654932423935,0.06523414143168062,0.5045898305139801,0.6439440742794902,1,0.2105611229959369,0.23700000000000002,0.012322278338545017,1,0.6960746288868287,0.149,0.008338249857646751,0.128,0.007686505733744409
666,35.709362524261785,0.07882756696106412,0.17035544839848712,0.8447506760084214,0.9821910854499807,3,1.3771488637180807,0.014000000000000002,0.015691878860492614,3,6.808872726345929,0.006,0.015514898437531927,0.017,0.015748269100118367
667,24.53039042148669,0.02416114574067673,0.03758888488143168,0.5551261947292967,0.9578485439251966,2,0.45811046593575305,0.083,0.0006764165926266552,8,2.341813631748795,0.038,0.0005781556250911146,0.057,0.0006175403196636009
668,33.439941195690515,0.059662574383059476,0.1456771657331324,0.6619506083069685,0.8361187083004533,3,1.2921921825843252,0.023,0.0099318028047711,3,10.387222330020508,0.008,0.009699691135651944,0.026000000000000002,0.009981688462746968
669,30.865666630974577,0.009198168830216853,0.05974164325307836,0.5117352908295189,0.8430815723876849,6,1.7626570286661205,0.029,0.0005429815497748902,6,8.737858773692219,0.013000000000000001,0.0005246421515570088,0.038,0.0005542488975010529
670,14.259696210984563,0.00014233776417534649,0.07190974534426602,0.885358687748452,0.9776338603347672,5,0.14971573145537584,0.263,0.047870342206101646,5,0.5416807908803434,0.166,0.03121364599758858,0.129,0.027208959019626777
671,25.447794957111867,0.05679921899509351,0.8389031021388468,0.5926809624720133,0.7473879299295783,7,0.06056899414477871,0.227,0.168496601396066,4,0.21983062679131993,0.137,0.16198974587655116,0.07,0.15814777402333646
672,25.428400977204348,0.8962104640523787,0.9756396797676548,0.7509325028570556,0.6813697268509845,6,1.727932708729712,0.051000000000000004,0.3301545870431022,6,8.085002497614799,0.024,0.3278526569784349,0.066,0.33150054442983334
673,22.840463367855556,0.00932237272200761,0.025827908500792644,0.7560548982862199,0.798814745690036,8,0.2911793412321029,0.107,0.0008948794046097219,8,1.230942902503094,0.055,0.0007186296802922099,0.061,0.0007351690277840328
674,28.95804389760375,0.022709412593226525,0.4513874168072931,0.7698613662403199,0.8507117770590744,5,0.834120015474353,0.044000000000000004,0.09534159296976996,5,6.125192184685883,0.017,0.09376930191447846,0.04,0.0951243534296243
675,35.94233624300458,0.023551739206126646,0.6364025802637555,0.8802448597693833,0.6698965217448846,4,0.8758105425089833,0.021,0.12956396055089914,4,7.594774140332223,0.007,0.12887239163096628,0.019000000000000003,0.12949661607692384
676,39.07905354193988,0.05101716910912187,0.0627069947675255,0.7290434020152254,0.8703012940217663,8,0.4611320879235915,0.019000000000000003,0.0007677300366412121,8,2.691078793275559,0.008,0.0007510925446894134,0.013000000000000001,0.0007585627937781447
677,1.6367745515995713,0.07300160705399893,0.846472271239223,0.9758747993324072,0.8131453874075825,4,0.12297799567755342,0.421,0.4598598635624639,4,0.20372951036756642,0.41500000000000004,0.4493735191766562,0.373,0.40405464069285135
678,16.890195988482798,0.019918534111776343,0.05733453282914032,0.6873794707002836,0.9034743709750206,8,1.935891362307964,0.085,0.009771187621275101,8,17.470776803492644,0.030000000000000002,0.008093543216892984,0.114,0.01089583847478326
679,21.718176858154354,0.02257775659161632,0.05640780811027382,0.8591087776917329,0.6726947723047636,2,0.9167110647019118,0.078,0.0022293038816018906,2,8.57840438512548,0.027000000000000003,0.0018825796091991032,0.075,0.00220557653578618
680,0.8248898959262937,0.07444695012776255,0.07592322400588816,0.9279247059642163,0.7624031844860443,5,1.4641122367437533,0.357,0.39326168407045975,5,8.962796098824317,0.251,0.3298040599403171,0.371,0.407047199073748
681,33.34581249178001,0.674821063069857,0.917255308460555,0.5628191687174905,0.8672539910289996,7,0.8602142605442594,0.030000000000000002,0.2984315278160309,7,3.9601679904075575,0.014000000000000002,0.2969436899688041,0.028,0.298229115837583
682,12.789463815133148,0.6007851229127114,0.941077839366378,0.6491592220370205,0.7559798495074423,6,1.5048568268070386,0.199,0.315122630900663,6,14.882516844047098,0.076,0.2985697296837658,0.231,0.3205112367781736
683,17.064488872766418,0.017014800365986373,0.6414461728639842,0.9503992716418792,0.9798412792030641,5,0.8010704202217122,0.127,0.14228154786743522,5,5.5691088589896065,0.053000000000000005,0.13654612600744764,0.115,0.1412992198835627
684,20.222184235041766,0.07513063001246999,0.14705935170700604,0.6030155786673679,0.8662402944001452,4,1.3161405073067165,0.091,0.0182561787749701,4,7.518957210059402,0.041,0.016388156253117903,0.10300000000000001,0.018761724005168512
685,9.817301540190213,0.043044189863142936,0.045831008024108305,0.570308959334105,0.6813112705414791,3,1.2344541493102081,0.241,0.11749483267713734,3,7.0191119127162,0.125,0.08294958395248112,0.257,0.12443753047487893
686,27.75901999549105,0.13646687448958472,0.1750030399138763,0.7935897207863083,0.8893517888159304,1,1.7317994749327548,0.033,0.024830499006501083,1,13.214551635868151,0.012,0.02404230460286058,0.044000000000000004,0.025231526310044466
687,27.73010869898223,0.17091295603172776,0.19571619246882524,0.8540961526646603,0.921281363850734,7,0.4168565203949918,0.063,0.0390743779192434,1,2.1353537845352992,0.029,0.03715427562658796,0.042,0.037843610697819
688,22.638418757488854,0.019397419372296467,0.03955590514331468,0.8148983077232517,0.9857823606603424,4,0.5965976751245248,0.07200000000000001,0.001144690862379949,4,2.4596675770242236,0.037000000000000005,0.001007263402713371,0.057,0.0010808517297075382
689,16.96398680247579,0.024268940090379797,0.18017130537452278,0.7035292669680316,0.8124985585639606,4,0.3175252022305332,0.21,0.041636069636562356,4,1.0548204735164497,0.13,0.03387488764540095,0.133,0.03411007735079416
690,22.774242140464473,0.014362792438652424,0.022676153066872963,0.8963613328307355,0.9317247959649266,6,0.3210943499905477,0.089,0.0008358578339685285,6,1.764440950103427,0.04,0.0006839844440769127,0.053000000000000005,0.0007183345529655494
691,3.3975703235910766,0.027075096531505572,0.04722464534091909,0.6143653770876955,0.8061208673945545,1,2.126411513764137,0.314,0.3128167603846814,1,15.441039949708369,0.17500000000000002,0.24581520341374663,0.357,0.3478683969784534
692,36.25663244643682,0.007515989440635558,0.014344717451763267,0.8067481063063467,0.6861228773480892,5,0.8854243469281958,0.017,5.084186190412732e-06,7,6.604971861385707,0.006,4.925955611273514e-06,0.016,5.0692014353925785e-06
693,17.764221802033894,0.0031211356640912166,0.07967461986250288,0.866339719614486,0.9338116649791288,4,2.517608260576537,0.063,0.008470542547495963,4,20.8053929944015,0.023,0.00749321899535299,0.096,0.009451730312935863
694,20.452457664429048,0.024756359575587004,0.16352279294299327,0.8028962793771464,0.9177247193922349,8,0.6001247598309667,0.11,0.020134830019555156,8,1.5103766496777546,0.07300000000000001,0.018659713312784876,0.08800000000000001,0.019222720732999854
695,3.103563483141577,0.14172965528508122,0.48324910336205307,0.5615414826608727,0.8641317769949632,1,0.33039607860665476,0.41200000000000003,0.4190762721111313,1,1.0017854818274745,0.376,0.3770589014741172,0.376,0.3771309190919746
696,25.891624603044608,0.07323419251115601,0.882651257928778,0.5827285619028952,0.6833236451306104,7,3.7392429869480788,0.038,0.16136485565694014,7,24.302180827069744,0.015,0.16030957456420902,0.07,0.16299343233119662
697,29.885725165792465,0.015558023189064704,0.5721621971756047,0.5112506742625457,0.9085271123886132,7,0.4116850628277976,0.065,0.12143836473018813,1,0.9562522418076649,0.043000000000000003,0.1201876681541191,0.043000000000000003,0.1201350322684682
698,38.44837137088226,0.37695783287840695,0.503061533252897,0.9207415426305454,0.824565947050706,5,0.12276570300029613,0.036000000000000004,0.18175703790370173,4,0.2749804871422216,0.024,0.1804441403817469,0.013000000000000001,0.17919361456324429
699,39.12704009355867,0.012497060322980697,0.07677324518850652,0.8957462183869633,0.8318860613136558,1,0.1419786246928894,0.031,0.00112493511161324,1,0.3882472727822275,0.019000000000000003,0.0010986897331120848,0.012,0.0010838980225765793
700,28.807512049323464,0.005281631029815699,0.028275073377822754,0.7077352362470195,0.604091439324308,3,0.5923218503365781,0.052000000000000005,0.00010579344329295082,3,1.674428475456573,0.032,9.881105240180932e-05,0.041,0.00010176106376549865
701,3.9308991551462267,0.01772255465272985,0.06498742463845206,0.6175824687342576,0.61832028716543,7,1.554921390803603,0.339,0.3211100094333734,7,8.9821493372027,0.219,0.2501741345604284,0.363,0.3429271452257663
702,11.774337782001805,0.9655643265640208,0.9937742513312506,0.7669804694915379,0.6490004563354568,7,1.4290346605852684,0.223,0.3589835899876385,7,7.8311666234304,0.113,0.3457409424278043,0.253,0.3633438854068551
703,21.762292362406086,0.012595302511657972,0.8508031271730468,0.7685048783776487,0.6984891800353793,6,0.23289308114327026,0.17400000000000002,0.16538902994407126,6,0.9055136917845216,0.098,0.16065858243034578,0.094,0.1604224051442896
704,5.585325716734942,0.05440363276650267,0.9593269700670842,0.7881651167512216,0.7804549358069706,6,1.4866258329047144,0.296,0.3145355295273757,6,13.397784986034189,0.14,0.2681116224081077,0.325,0.32786341179959455
705,27.222340697595904,0.041477234601501094,0.4550538801156176,0.6390426090773411,0.6700970921983249,2,1.0205037869064095,0.058,0.09742470154553434,2,6.674768141532745,0.024,0.09532308455799474,0.059000000000000004,0.09746007696875261
706,18.844712037819765,0.27027730794179805,0.6449797070130837,0.5314147520001843,0.9354480416059813,8,0.5568543548352988,0.166,0.19682899800481646,8,1.1650115945424258,0.122,0.19031006123891905,0.13,0.19146016131798432
707,9.242643638952154,0.3832452518889385,0.5875377518776893,0.6201351867675019,0.752510744938024,3,0.13703382797904923,0.443,0.3588307100155386,4,0.24296910825858392,0.41000000000000003,0.33375384584339884,0.299,0.2825264970913191
708,36.14355231980584,0.17641264050827996,0.3623226892349761,0.6302701426651101,0.7410081050923656,8,0.5507271614477843,0.028,0.08724895303014552,8,2.225448420503264,0.014000000000000002,0.08616941336871933,0.021,0.08669309662652075
709,6.560636209645385,0.03910031990301352,0.06295657494846411,0.6658125259313822,0.922761690374925,3,1.1017090888266519,0.281,0.21742863263758375,3,11.003791247534267,0.125,0.15352065470310386,0.28800000000000003,0.2217652357221904
710,2.9051108447962846,0.0458695950565691,0.1533352707298566,0.7615715734173885,0.889336615980399,4,0.17102524172637767,0.40700000000000003,0.4242077879213216,2,0.515552407691057,0.379,0.3812756147495405,0.35000000000000003,0.35181890256878307
711,32.28861796790809,0.46736930589923764,0.7961724619608666,0.7578759404901758,0.9808056477586203,5,0.091288220009453,0.081,0.2546694701974629,8,0.15007652093290363,0.064,0.2527380384722254,0.026000000000000002,0.24856797313137421
712,25.64861435962552,0.02046037234082482,0.03711360643496828,0.8763510405047475,0.7971736725385029,8,1.4385934308139547,0.038,0.0004000472440436609,8,12.861912322875583,0.013000000000000001,0.00036928046398984615,0.045,0.0004097889659685494
713,2.916074973871394,0.006230873727511554,0.5571646889416613,0.7413261890714244,0.8728730645100036,8,1.2439187708328612,0.35200000000000004,0.363074888045559,8,8.103798694921275,0.223,0.30171244132067265,0.363,0.3716592651303413
714,35.19936854917013,0.06446211451919798,0.11241868728941923,0.7298801486160158,0.8723006274411148,1,0.5495023592115934,0.027000000000000003,0.004832014284016362,1,1.6638428021130236,0.016,0.004735025377265861,0.02,0.004772718302086393
715,25.85055486576803,0.027206609970595253,0.06493629714890997,0.5353061195441301,0.6548613968608371,4,0.6323145766331006,0.083,0.0013198445620878074,4,4.016374976271261,0.035,0.0011558041941056585,0.067,0.0012614442677950644
716,19.51299128459093,0.005293660390726526,0.006641743932572975,0.8663767090205733,0.7626654712182609,7,2.4240190325154694,0.054,0.0023480498180531717,4,14.81277960079756,0.022000000000000002,0.0020766153949054733,0.081,0.0026325006703567244
717,12.067618657957464,0.011893733956186989,0.04884848377815838,0.6012532144672996,0.8088071639773368,4,0.829738525595347,0.211,0.06367208680952013,4,6.495134655042069,0.091,0.04216060891462459,0.197,0.060384424557930694
718,3.577921967484039,0.06552804091849732,0.19602078782431243,0.7937843020286501,0.9940499814840298,6,0.6468834313841761,0.357,0.3453968901302341,6,1.7746069629292422,0.295,0.3005774548846674,0.332,0.3252707639421714
719,13.041758728699591,0.018210566160863244,0.022187180139258657,0.8984599469273985,0.8476858422104503,3,0.33365413532605,0.227,0.05161849663265816,3,2.437678489597104,0.10300000000000001,0.031829595917472364,0.15,0.03767144455473592
720,11.1495468222524,0.04625332690581839,0.19255074269494632,0.5690555190861928,0.8866619663155723,5,0.11704025739171421,0.387,0.19807821469004097,5,0.28067112300980007,0.324,0.1499082834712798,0.223,0.10708661963104818
721,39.26015841399386,0.06462589567790321,0.14454718279684736,0.681839435019783,0.911305955111644,3,0.5199624924736435,0.018000000000000002,0.009633499064003626,3,4.0262610877941585,0.006,0.00946328109829328,0.013000000000000001,0.009558825527309106
722,9.267703479143245,0.0005779140830916019,0.06508638374920946,0.8529962237122083,0.7977320513239404,5,1.1264661346911369,0.216,0.12027796114045111,5,7.808398676093846,0.1,0.08789957392270198,0.225,0.12362897277916932
723,5.719942653650457,0.06252568007706759,0.07085287850635817,0.9579292653801403,0.8438532522350342,5,1.6497601093176981,0.248,0.22175617249926133,5,10.756473261475245,0.125,0.17494908103442228,0.28600000000000003,0.2420124620120178
724,31.90197766702146,0.03223252906898339,0.054650080018463075,0.8614879064151963,0.9843470281260867,7,1.0753528068672773,0.023,0.00044006743910446344,7,4.064013479613474,0.012,0.00042924304052924245,0.024,0.00044090354046902314
725,13.24435146119824,0.0022867512017611833,0.006756966282439879,0.8255074062906737,0.7739523943621953,6,0.2692380970727814,0.254,0.05463178369256136,6,1.8163278226401705,0.123,0.031495621455819356,0.158,0.03585676238877633
726,3.517246001388456,0.03659440897143533,0.32692404150556453,0.8128977108597266,0.9126564447876172,2,0.5146581340995073,0.375,0.3665663409514466,2,1.6957377814678747,0.308,0.31473694337922664,0.341,0.33694686042366906
727,38.845667065922164,0.07552239928167227,0.9072060677926628,0.6905255365341839,0.8437938281090706,3,0.6874834208285188,0.017,0.16223090328338988,3,2.1160870337536517,0.010000000000000002,0.16192002333546293,0.014000000000000002,0.16210720728015807
728,17.849472488853298,0.025804409891868316,0.9362148425655885,0.7700843944195961,0.9733253007985774,4,0.16786044072561956,0.234,0.18184828507597917,4,0.6408551125860712,0.14100000000000001,0.17375146917304396,0.117,0.17208671660395114
729,39.89451993884003,0.7136687153231868,0.7854118425536023,0.6674075857322398,0.7775592956902622,2,0.18659411982992669,0.030000000000000002,0.2906577608588037,6,1.5844633034557138,0.010000000000000002,0.28880578591962425,0.013000000000000001,0.28905511625609814
730,9.942907072092206,0.06633092122282236,0.43682840091812736,0.529068180192684,0.7236808157952296,5,2.8340021620043276,0.197,0.1696998712865128,5,22.922003550979156,0.083,0.1454097404642734,0.277,0.1960556948020683
731,21.75580242450659,0.07015434580182354,0.19336114060479623,0.6231538863791845,0.9678678023469457,8,0.7068721239284639,0.101,0.028088565705921054,8,2.248257385134228,0.059000000000000004,0.026153838307208077,0.08600000000000001,0.027371463049506495
732,36.92680699256447,0.012367729935166414,0.07552663497762402,0.6689502559931955,0.9874699482576642,6,0.7729748912653084,0.018000000000000002,0.0010486945984966023,4,2.0956052184285503,0.011,0.0010343460819590145,0.016,0.0010442489747140016
733,11.256928512761835,0.12969733252321552,0.18994213211153999,0.8674027826758305,0.6968558078044368,3,0.6771500380723711,0.242,0.12168603583020815,3,6.58274028363585,0.099,0.08729716888663616,0.212,0.11230561667841282
734,25.841177011768867,0.020957881936771672,0.05402014256911689,0.6712229605482716,0.9339208772726466,3,0.4807120715542235,0.07,0.0008082395923682539,2,2.381315828093019,0.033,0.0007246579797754726,0.05,0.0007604726799645967
735,17.52896356591024,0.1762738383152958,0.845285978486507,0.7390419568968946,0.8163448872968423,4,0.8648262467451726,0.14200000000000002,0.1900281281301791,7,6.734384028741323,0.057,0.18127555321672653,0.134,0.18905072603092718
736,8.901702716763083,0.02312084468086053,0.0512730433929017,0.8749976749855856,0.8698167059843596,3,0.24102368849378328,0.331,0.19094418385990783,3,1.2135146449037202,0.20900000000000002,0.12533595884659596,0.223,0.13076839669135304
737,37.45343039539126,0.02139783030008814,0.05100673653106715,0.5630227433298982,0.9859665576592787,5,0.550040165541567,0.022000000000000002,0.00026112461938251896,5,1.8075821960116707,0.012,0.00025587030605125904,0.016,0.0002580834958092193
738,27.702476325651368,0.021571968429674158,0.07781101443320033,0.7586930206196516,0.8885051208214293,3,1.4954627415863375,0.035,0.0015557212071586335,5,8.908531305822537,0.015,0.0014875203818678073,0.043000000000000003,0.0015824178569840142
739,36.040477560078116,0.06714177048524242,0.07192578679618529,0.7097388470871313,0.9138990808686593,6,0.7121290255036826,0.021,0.0015848849425570966,6,2.947236396932745,0.011,0.0015518249428834174,0.018000000000000002,0.0015746302953125735
740,22.401223468650507,0.003443804777507432,0.05162050834039775,0.5045879457870887,0.9647827053651592,8,0.9037225475529488,0.079,0.0015562188987285064,8,3.0659455598809027,0.044000000000000004,0.0013821002714750619,0.075,0.0015363871716359834
741,4.659797882464297,0.012913942772240053,0.026974794933968895,0.569606520161412,0.999411828005669,7,2.1716756364459626,0.276,0.2604221360469739,7,16.04372895612605,0.139,0.20286111361403844,0.329,0.2961320027152907
742,9.55742573032545,0.07974661213532243,0.35149981755384857,0.9906797753503783,0.9710857954795283,3,0.3289556937216765,0.298,0.1982136873505243,3,2.1094777081404863,0.159,0.15053019076559995,0.211,0.16457893296105514
743,17.036637596458704,0.022270474252850166,0.779557232728007,0.8046842735184829,0.6939414476075593,1,0.23066389821848918,0.246,0.1719223263787965,1,0.8045264078841455,0.156,0.16204836524706,0.14300000000000002,0.16089879381155608
744,23.33660685599695,0.0038144258889645974,0.05003997888879579,0.9256311631550692,0.9089024419557075,3,2.2867872946770396,0.036000000000000004,0.0010049821330533615,3,12.769208303390847,0.015,0.0009429044443007573,0.053000000000000005,0.0010637268844098935
745,23.745681789862367,0.5525693770632589,0.713614816576998,0.9720472499785541,0.9214839207129685,5,1.5596864274289226,0.049,0.25940913226402085,5,10.701328658197529,0.02,0.2561797714799905,0.061,0.2607136259110543
746,12.021157878891312,0.04699113187171469,0.055636773367670984,0.6817364155767445,0.7548886957945813,2,0.7452215097951747,0.217,0.0682969418301663,2,2.6710141805896495,0.132,0.05080161189605678,0.195,0.06293887281344743
747,34.516000951592304,0.06048972472299274,0.13237310867533567,0.756951332113604,0.6329918279536569,7,0.6481587117737764,0.031,0.007647351152199333,7,3.4445054268046147,0.014000000000000002,0.007428469861002318,0.025,0.007571128187790099
748,7.731055939433164,0.021411795009436147,0.023409108660159272,0.5488296723929874,0.668893217657519,6,0.9280930724406148,0.307,0.2030357638141696,6,5.565882248684183,0.17500000000000002,0.1395500506123817,0.302,0.19930663315533745
749,8.58516530937947,0.13353848052302786,0.1419776329988399,0.6088777931576174,0.743773701288574,5,1.8545156974512171,0.231,0.15814432104280896,5,13.392295524098847,0.106,0.12097351390160951,0.279,0.17970492881481195
750,22.302776230711096,0.028897867109262888,0.1514491333295957,0.9331973384848211,0.8958404377200165,6,0.095461821178286,0.192,0.018616070294745324,6,0.45907278735467405,0.099,0.014962103398561022,0.069,0.014100173409059003
751,29.49323050604135,0.06891815045961375,0.6204078174191334,0.7293779603790279,0.9566697097962706,8,0.9179684769975265,0.038,0.12894972914871727,8,8.00325980836927,0.013000000000000001,0.12757925465548986,0.037000000000000005,0.1288628317335589
752,36.7648250864886,0.12623650816549736,0.18952787928249723,0.6214615157227599,0.7327224496929062,2,0.5172431575698443,0.028,0.025613429337579624,2,3.1569099068097177,0.011,0.02502734623444927,0.02,0.025334853653406653
753,17.203246427665828,0.5451507056149705,0.5656308711232882,0.9472926013557301,0.8260027345093712,1,1.7833211723402702,0.099,0.2443862316391564,1,11.625746161390708,0.042,0.2370554770740028,0.127,0.24845143036262557
754,21.91851381101807,0.005356095966694061,0.011007145775846033,0.5164912100287112,0.8834251003946946,1,0.4636998261753869,0.106,0.0010907960114138748,1,1.5925508484989446,0.060000000000000005,0.0008900960834630489,0.075,0.0009475541504969931
755,12.003105965526096,0.009910760073273144,0.0567057958763914,0.8392864144269355,0.7921432245448793,6,0.57505015927349,0.217,0.06679475773822457,3,2.700972587201831,0.11800000000000001,0.0472269476568169,0.177,0.057542313171984244
756,3.178222854570114,0.005190359622068469,0.014950794399210028,0.9797590670516453,0.6785291086906321,4,0.7630766555615999,0.358,0.3535792360342239,4,4.118207800803573,0.252,0.28186568110976906,0.34500000000000003,0.34094711838548175
757,35.030645079805815,0.06153580251345605,0.07673170617918028,0.6775392609733512,0.777475042364427,3,0.40218429887164275,0.035,0.0016930944048349772,5,1.9060419625297862,0.016,0.001631194580115125,0.022000000000000002,0.0016509066653167537
758,23.544285092731094,0.19418058362227544,0.29915209819247995,0.8135682084732324,0.6715211666845716,3,1.0945766035060092,0.074,0.07973639526348131,3,10.546653801441142,0.025,0.0754034237757133,0.077,0.08004025735631065
759,39.11734161556622,0.08539564765417067,0.09671475845556304,0.8735268276046367,0.6781644331260478,1,0.7384550523010711,0.016,0.004053626571565716,1,3.7245780008193523,0.007,0.003990928742153205,0.013000000000000001,0.004037630793767399
760,38.95401877642772,0.0687034710353511,0.9355505833374395,0.5982528575094086,0.8240982759625012,4,1.8043408440545117,0.011,0.16413611724252508,4,10.262580718806575,0.005,0.1638673711430323,0.015,0.1642951359827616
761,28.968162553813062,0.026472684244019357,0.8084539953773107,0.5805711166805907,0.9328826525057438,7,0.1691094643746069,0.099,0.15583422596582053,7,0.7204663004208489,0.051000000000000004,0.153306105842903,0.044000000000000004,0.15294696870050015
762,31.371050673089865,0.005326760614605379,0.03187711289060135,0.6676685582818265,0.6492039689997127,1,0.10751086182368721,0.094,9.32480912764766e-05,1,0.18769201150337714,0.07300000000000001,8.72185477065468e-05,0.033,7.76141873455316e-05
763,29.541379381427273,0.025265467759195612,0.028503832245018988,0.657207534287544,0.8294968609090041,5,0.12838674683679507,0.091,0.00015118898812713222,5,0.27972837786509314,0.064,0.00013782489135899523,0.035,0.00012585645100796072
764,13.123281882306282,0.021679994564343948,0.05543008023770838,0.9157287871260728,0.7010493849240109,4,0.43049652521050213,0.221,0.051539240801245584,4,1.4221002817068666,0.14,0.037539401595077015,0.161,0.0405853998285996
765,7.42424659869085,0.024078489002497365,0.12053780726573915,0.7980278908753523,0.6362210531943039,2,0.9576353436296803,0.29,0.20434911617130602,2,8.808256314404414,0.135,0.14053282777960505,0.28700000000000003,0.20240096449161302
766,30.866760105870515,0.690069081400543,0.8936030130786162,0.5361493404561601,0.7129277165923442,1,0.4572028273870262,0.061,0.30147023155824193,7,2.2071242709146883,0.029,0.29832546397845,0.042,0.299600345049001
767,38.10795234187673,0.018913473708784732,0.03969218731052769,0.695645137304996,0.9291471858210292,8,0.6965363406123722,0.017,0.00010345789849530718,8,6.43074651167893,0.006,0.00010103314773421412,0.014000000000000002,0.00010285262694492703
768,0.5310639612647802,0.056720726183060864,0.11389308888670895,0.7049534595848167,0.7700253431548759,7,0.23646206738073045,0.402,0.4593682975850315,7,1.5305034777217095,0.369,0.40862512701447573,0.381,0.4226920741537251
769,2.9744766071530426,0.1746107607497957,0.37455126560078356,0.8376727843145327,0.8053317893894059,1,0.780766060214102,0.371,0.37291747686404153,1,5.404880699815897,0.247,0.3012849355110258,0.359,0.3626725712881624
770,28.504474210162478,0.011243739147030335,0.07731414870970495,0.9882334820267407,0.6655896785174391,2,0.3016129799701919,0.07,0.0015515177814630354,2,0.8155252616176732,0.044000000000000004,0.0014593246983715669,0.04,0.0014460091452661028
771,13.25048458217724,0.02909600335853261,0.05922938456933874,0.5017614610791504,0.6606774492966813,7,0.22858353269893114,0.324,0.08426227014094637,7,0.6221553868391182,0.243,0.05553670828961646,0.20600000000000002,0.04738661603044661
772,23.193159698580004,0.00790033385987372,0.12212904262548448,0.8122476500026778,0.9381176105936836,8,0.10902902555270114,0.17300000000000001,0.010052487154534884,8,0.13506994266694275,0.158,0.009655762745573698,0.065,0.007705883207571956
773,5.304406470631376,0.015220508162172217,0.028983911177885745,0.8812023756255652,0.9488719815853118,8,0.5803358765754154,0.328,0.27999121057445225,8,4.431391932386464,0.183,0.20188092736159158,0.291,0.25359016253035954
774,29.342655413325925,0.11088404440696395,0.22245518782827764,0.7581842871449683,0.7542235460896304,8,4.843021790104698,0.019000000000000003,0.032975775592759354,8,45.42508267654412,0.006,0.03245044412492398,0.041,0.03393613590766609
775,18.2948674141806,0.027542330315292927,0.49121234216905274,0.5918835481153255,0.9312278689201147,3,0.6406022199483107,0.155,0.11722586174734789,3,3.4158210864377536,0.075,0.11026984082360111,0.129,0.11474741922072676
776,23.810191289126223,0.17117806786920742,0.8938724083456537,0.5292943421105762,0.8048726526925442,5,0.2685681963680566,0.15,0.18701736037124866,5,0.5535351479123644,0.11,0.18328822259265032,0.084,0.18113952198708644
777,6.046810612332463,0.027979676462988344,0.034319861988430456,0.6380632747026256,0.7268439626130724,7,0.6738551878735504,0.343,0.275074102728065,7,5.38321810032375,0.195,0.18820378044661293,0.317,0.25388413073782773
778,0.4188926274384105,0.04663872597146346,0.8930194453664227,0.5504475162133646,0.7327693711776161,2,1.9261556736568068,0.385,0.4283368030565112,2,17.673328911613154,0.266,0.3662116957478638,0.401,0.44519113105013886
779,28.764474160799935,0.0009855245443053196,0.15467119222099374,0.6478537335022487,0.7569996900802125,6,1.0416635267624426,0.046,0.011990100310673268,1,5.755995716447538,0.02,0.011507263434257647,0.046,0.012007838482991778
780,25.431023838611175,0.015207488664188041,0.02779621281078624,0.5260464330706042,0.7233117895047441,5,3.1616668721843495,0.034,0.00028937286093416725,5,24.993238701388126,0.012,0.0002681116660228633,0.059000000000000004,0.00031741435541851604
781,17.285229881509032,0.026709305833826847,0.04724288728566155,0.9588982865769144,0.948335008782254,7,0.5313979754554635,0.122,0.0094004459875896,7,1.576925840647389,0.075,0.007848854428897267,0.092,0.008369458880992053
782,38.709612299767755,0.026656445132831306,0.04480051505581345,0.9445901394519796,0.6334268857570003,7,0.4653518306266231,0.02,0.00017300996629177057,7,1.5527036292710141,0.011,0.00016978870615022568,0.014000000000000002,0.0001707403980769906
783,20.591889679089824,0.034118876048830446,0.19858617676857132,0.9700343683935266,0.6966479295723963,2,0.21985907443825445,0.17500000000000002,0.033783893909838575,2,1.0474484199934218,0.09,0.02868607366029141,0.092,0.028780031185765192
784,27.44474595029954,0.028518551143089273,0.5033695441938785,0.9512306704695435,0.9883093525586859,6,0.20032637722474367,0.084,0.1096114653716721,6,0.3016178341212542,0.07,0.10866979724888548,0.04,0.1068120331772133
785,11.061415986687223,0.07864386230124851,0.18572289116659543,0.6914883973006606,0.6668494515693778,6,0.17034715235644424,0.371,0.1860259250765438,6,0.9108088302322925,0.24000000000000002,0.1155036965070741,0.232,0.11307128876390124
786,3.141815866280193,0.04984996001569583,0.05553821994739209,0.7876937613438901,0.6512648711091668,4,1.7699450945397184,0.328,0.3285723165522758,4,11.266507641696839,0.2,0.26118627993901355,0.359,0.35484143393544587
787,31.699239499272043,0.02939735197978049,0.07208183652790263,0.881612091636907,0.8718360306852307,7,0.8176476624046282,0.029,0.001035450560980422,7,3.3393125208045005,0.015,0.0010046061023300523,0.026000000000000002,0.0010295236370194694
788,20.882535737335825,0.03690735629902599,0.17156046331422878,0.6994969884191516,0.8883030068751846,4,0.3895865536124873,0.138,0.02327382715892068,4,1.210431100280502,0.084,0.020835596787861427,0.092,0.021141434371503898
789,27.44285963156155,0.020329466712646193,0.9370317197454129,0.5605404401770959,0.6960793654223881,2,0.6172233342113088,0.075,0.1664444965629718,2,2.302851457204519,0.041,0.16487364792464707,0.060000000000000005,0.16574647462928058
790,10.150920935877613,0.004658066120279161,0.7270781269380536,0.6434508659186005,0.8602081178772744,6,1.0474653525799034,0.23900000000000002,0.21485612948887753,6,3.3171662326640576,0.158,0.19557744841044164,0.243,0.2158979827261584
791,36.56807326026658,0.07140488904402216,0.7083061931195995,0.8858466887801348,0.7836811014761224,2,3.269308812767809,0.009000000000000001,0.14012779736449715,2,23.765267333733185,0.003,0.13984315181518892,0.017,0.14049597297499755
792,35.332848409421096,0.020106141723061455,0.07607303543404999,0.6614275227820625,0.6974391097640069,2,0.5272175685411702,0.031,0.0011291188634822702,2,3.473296012740412,0.013000000000000001,0.0010875647796520505,0.023,0.001110223509443925
793,25.76571379163244,0.008490535214469104,0.8278697502722209,0.945452256148974,0.8647382169356934,6,2.8465996767603676,0.031,0.1544192458849858,6,18.940270558355802,0.012,0.15357028424458,0.051000000000000004,0.15537324859229634
794,15.93853413568299,0.12615055300284408,0.5231403701535332,0.5467899530724502,0.8818511292657176,7,2.4941401000433387,0.115,0.13598042280068912,7,20.394173916738783,0.044000000000000004,0.1284747908450932,0.167,0.14296828403401216
795,12.694155949934345,0.803749115137262,0.8803822232158187,0.6719951911668881,0.7249752372586687,1,0.34811388498200896,0.327,0.35751361603710935,1,1.806124280071574,0.189,0.33255561542548495,0.23500000000000001,0.3395722420564362
796,0.9474367702276476,0.02800919011294482,0.4756011662831785,0.7747706262726122,0.8030700248886156,7,0.2909931098143436,0.40700000000000003,0.45026156308931753,7,0.9822682787126275,0.383,0.41646379066869516,0.382,0.4158847415114577
797,7.741309505653935,0.009682656607303818,0.025618336882450906,0.9135892895731431,0.9394164237021256,2,1.8142355373625807,0.193,0.14559906819154558,2,16.568515422752103,0.077,0.11205752824083853,0.23700000000000002,0.1633677646019225
798,4.06643786668141,0.018273812820505577,0.035713877709697764,0.9670628702582164,0.922928439855669,2,0.1773881743352177,0.394,0.38115461468259554,2,0.40787217701381917,0.363,0.3402786233806311,0.311,0.2964052778597169
799,0.3155153993438879,0.02428440586637734,0.06834569525137023,0.9134922726331821,0.6548296757210412,7,0.7279369853757945,0.386,0.4332686424328771,7,4.920066700050999,0.313,0.3688718444832937,0.379,0.42378662931216693
800,12.9410173069714,0.1792528076302298,0.19630435371384164,0.9665758915662659,0.6752463079372591,7,5.074398581472121,0.093,0.08114084006279193,7,49.05150938618356,0.032,0.07318112110057368,0.184,0.09725046956676714
801,38.79957588815879,0.03239985806858389,0.160216743309181,0.5006173849650588,0.8033449923797821,7,1.83175259179653,0.013000000000000001,0.012166358131692895,7,10.43929629600735,0.005,0.012038300196762886,0.017,0.01224483520722719
802,11.953316264605366,0.18842004183367386,0.7270995940332224,0.914810768866681,0.7867797739275749,6,0.9236350446970859,0.20900000000000002,0.21427598084653438,6,7.062291383471037,0.09,0.19380646735708165,0.203,0.21300535811697516
803,5.5662996757076755,0.00526229800330848,0.012846088130558181,0.6719206313677837,0.7876718651455302,4,0.16895658974375952,0.404,0.3633529219826661,7,0.5915320191378636,0.35000000000000003,0.29319436453247855,0.317,0.265244369950452
804,32.203841737681145,0.035341812150735716,0.11120137672592488,0.8456071259116497,0.6143710521474431,3,5.695168537369238,0.013000000000000001,0.004138238730389848,3,48.121355731186064,0.005,0.004076530315917898,0.031,0.004272631627985385
805,10.080895035352334,0.906867712061837,0.9850863873527737,0.7491132747475744,0.946256467342122,5,1.0379124486884834,0.255,0.3609114758853671,5,4.864992709965181,0.14300000000000002,0.3453973319717475,0.258,0.361433882642201
806,6.39718725079946,0.058002785860218016,0.06612921573334454,0.6862384032485663,0.8585769717091756,3,0.19017446494362478,0.393,0.3235241175077431,3,0.3387837961165422,0.365,0.28895920764703514,0.295,0.23072102638764797
807,34.90534983003652,0.10118669759453154,0.10574474122589377,0.8008271046426081,0.7172091423763928,8,0.9415019882159009,0.023,0.006383670177197598,8,8.832440187733125,0.007,0.006214332007360157,0.022000000000000002,0.0063760298036876495
808,3.2701445356269194,0.09499992867259431,0.3094956348146594,0.6534620874620206,0.9756890474761554,7,0.1948978595580275,0.41100000000000003,0.41840772868214066,3,0.4935633013748204,0.386,0.38185457100422915,0.354,0.3509919380660681
809,35.52054674958166,0.06004341810360552,0.9186604542372825,0.5862032664902357,0.9906322222183933,2,1.286074809963371,0.018000000000000002,0.1627205196762362,2,6.073756226405427,0.008,0.16231491252941965,0.02,0.16282153017982293
810,8.251187360516713,0.029825988930369394,0.10685943701330992,0.8802446733326763,0.673920990819611,5,1.2993503713325132,0.23800000000000002,0.15642551898090035,5,11.598754401631954,0.101,0.11290192171909935,0.258,0.16567870676172622
811,20.522839144796897,0.010666093145880583,0.11029841313135016,0.8798222052928542,0.606375785977333,2,0.4900865741413244,0.131,0.009446748578791908,2,2.1728581293921017,0.067,0.007940148771544753,0.096,0.008554577198516267
812,7.0587633347443175,0.11866194252284575,0.8982998157306679,0.9305901509683115,0.7501675112862354,6,1.07383948280088,0.28400000000000003,0.2892956194245211,6,4.768667258792677,0.17200000000000001,0.2564680516877629,0.28900000000000003,0.2914445496219703
813,31.016839366282635,0.037451896080453476,0.06534905405435679,0.5689228852176426,0.6946697503528786,5,0.3457833925306165,0.064,0.0009066824190576972,5,0.9559078524048966,0.04,0.0008557820947414363,0.039,0.000854127603599597
814,37.46035296592211,0.09287378035993332,0.11791582287703199,0.9872499685128441,0.6776264253969633,6,0.49026770303219536,0.022000000000000002,0.007018044216625635,3,2.495878284788471,0.010000000000000002,0.006873410069635988,0.015,0.006939691269641751
815,29.71049851217777,0.058831986810379974,0.7990078263988759,0.8037810325145613,0.7500229019512185,1,1.818497488293817,0.029,0.15167845003606792,1,17.584001755767652,0.009000000000000001,0.1507730825654717,0.038,0.15214453320016214
816,15.97373171754296,0.005002810759302266,0.40685064163225393,0.6677638424498448,0.6426879374278265,2,0.3223479734121538,0.258,0.11965829058951458,4,1.148728673997388,0.163,0.10471796507984274,0.17200000000000001,0.10588513076853204
817,21.99942589679738,0.008663465391662382,0.00934199436096246,0.5949439753563704,0.9882328186466319,6,0.1297064083142215,0.163,0.0014053854562582901,6,0.836899108165771,0.07200000000000001,0.0009060464224482367,0.066,0.0008841190460651127
818,24.584724809439216,0.012438815913011929,0.2868608480400665,0.8551216360292091,0.9475844410159221,3,1.5936192021628608,0.046,0.050446339244485744,3,7.412681962753339,0.022000000000000002,0.04921489066044871,0.058,0.05105879947221395
819,30.604320617838756,0.0649028373709759,0.08064013148999248,0.8966346387204516,0.6988965490103766,1,1.589151474770675,0.026000000000000002,0.0021782361375783654,1,7.611394814713036,0.012,0.002116209458008056,0.033,0.002208757553648466
820,29.610210860471494,0.015005323120568062,0.08761153945749815,0.9704005551971447,0.6877030741391418,1,0.3030778730624453,0.063,0.0021726342102671714,3,1.6829168298863812,0.028,0.002016034589711807,0.036000000000000004,0.002049195207404819
821,0.550153213450213,0.07661276956902802,0.24818103134737646,0.6171132175532908,0.7317470710467331,2,1.3919879586695472,0.379,0.41931011862293316,2,6.10276710726948,0.315,0.36811378782092863,0.388,0.4295199781883694
822,32.5233354353492,0.1961946051965339,0.7092800863043105,0.534623542864377,0.7671091046792725,4,0.4781485900412031,0.048,0.16342026284342678,4,1.627774459166498,0.027000000000000003,0.16168324152354727,0.034,0.1622477054071739
823,18.718379532218325,0.5286026410366799,0.551224298006356,0.9804439575106254,0.6080403503368167,2,2.5703053851217077,0.081,0.23530772364893296,2,24.76566283211791,0.028,0.228773147066299,0.123,0.24117403150791136
824,21.288235219323145,0.0027544363840313934,0.415287562810926,0.7164592150316066,0.7744485583747917,6,1.6322175359592606,0.078,0.09018940568010825,6,6.725071778015522,0.04,0.0876952979138804,0.097,0.09157361920714163
825,38.51537048076066,0.1568742356090937,0.22088009826507582,0.8205021728857561,0.7646814055631285,4,0.6228719611800155,0.018000000000000002,0.03942653042644398,4,2.1493343882644527,0.010000000000000002,0.03902064604129277,0.014000000000000002,0.03924035532768602
826,11.12714170765445,0.17527863020163034,0.7871700433786372,0.9683011223560553,0.7603421728729046,5,0.6422427648465449,0.249,0.2328800109159721,5,4.868971681786209,0.114,0.20575482639788698,0.214,0.22434590135953816
827,1.465674511612675,0.021325816242807626,0.039728251303436476,0.87374150031326,0.6811169251132585,8,1.2677727658697984,0.362,0.38775929457511515,8,11.835628916444719,0.226,0.3070689621908873,0.371,0.3969616610220148
828,33.5556911948262,0.02882425878246344,0.07096694409964181,0.9759617400278312,0.9242242877676549,1,0.20371714713892342,0.043000000000000003,0.0009622448966511432,1,0.6325282015016106,0.025,0.0009258105581424481,0.02,0.0009163108618465143
829,1.496890532247428,0.016772815859983463,0.04338992732986554,0.69080325184023,0.6897924421715113,5,0.6588332979368848,0.388,0.41933556265806865,5,6.078525522812268,0.28800000000000003,0.33453531334722725,0.378,0.4045479027392339
830,24.87045894178798,0.13944133323425648,0.9726177383952045,0.9080936514115322,0.7013187856987843,6,0.6099319069972844,0.079,0.17958275456041903,6,2.754143544095842,0.039,0.17709874293835054,0.063,0.17854887472414882
831,2.6426963602104445,0.06339087189629694,0.07877275237871886,0.7449837893652966,0.8078491819030066,1,2.4042171675207786,0.309,0.32566013854452824,1,19.774764546183583,0.164,0.26044450259264457,0.358,0.36372658038502725
832,18.9544675501026,0.01735356799623468,0.038965331276258966,0.7710139437153605,0.7563483215779643,2,0.08505478174032188,0.254,0.009519293641194637,2,0.19482273605886324,0.188,0.006576891276999258,0.094,0.004301840330199563
833,32.674142221895515,0.09964384856883912,0.9776617813489045,0.9171194504896703,0.9951572949956885,3,1.3697040043515383,0.019000000000000003,0.16999359825305577,3,7.736695492094772,0.008,0.1695004280515546,0.022000000000000002,0.17013906249084654
834,38.52887824927435,0.028831632077304256,0.08268656398996137,0.6029437273908327,0.9143091821339615,7,0.6297493421041499,0.019000000000000003,0.0014623780958206989,6,2.4478751294704497,0.010000000000000002,0.0014375769219214518,0.015,0.0014519088939788372
835,9.803482174355361,0.003037841289116756,0.02020900195273027,0.587857283980108,0.926226216504061,8,3.81357967249984,0.139,0.08412856173360078,8,33.70068522817106,0.053000000000000005,0.06716645289286441,0.23,0.11130963664288246
836,36.566619789475595,0.04893892221769616,0.1569379534750794,0.7479244132457519,0.7637183021832248,8,0.13522218779043002,0.048,0.012338486654126318,6,0.4168172638037199,0.028,0.011949589371874791,0.018000000000000002,0.011772058222572102
837,29.807657399702602,0.09281017623396738,0.8417270857860414,0.8864530815737715,0.7126261547516757,5,0.2624258831854769,0.069,0.16014275082234372,5,0.6625924008490177,0.045,0.15882379106296937,0.037000000000000005,0.15840888650252943
838,12.92437711548761,0.06122802594027563,0.10349499244301062,0.7382642540917993,0.6425064244913017,4,0.4251071659115361,0.257,0.07307091853570793,7,1.1400455957299758,0.182,0.055203887907382065,0.191,0.0569757373090882
839,23.51275802106579,0.8003192948784151,0.8545955298091152,0.8445587834998235,0.9948893092034476,4,1.579185087001084,0.052000000000000005,0.31055966982715766,4,14.348716201042816,0.018000000000000002,0.30738330813083786,0.064,0.3117803847838292
840,13.373164288344464,0.02161800003117294,0.02480304287231946,0.9842516351832225,0.6945120777808149,7,0.2757505042949268,0.245,0.051424550358321275,7,1.3100073165652597,0.136,0.03256561906933736,0.152,0.034584446344264635
841,14.705565195430756,0.08235425849080791,0.33403782249832537,0.558630375014028,0.9572683130104896,7,2.790599798183592,0.114,0.09068394052417716,7,27.89961794751785,0.04,0.08251611858214714,0.17400000000000002,0.09927462714923826
842,16.872201508323563,0.9607283888017188,0.9796865773399765,0.9803635235777809,0.9802666428336997,3,0.3449358818631781,0.188,0.35082278311316784,3,1.6252831601474722,0.098,0.34096121505205895,0.121,0.3432978387768969
843,25.958491866466108,0.028894202416083224,0.1261187091349331,0.7051952561550976,0.6259844996165341,8,0.16977678324411827,0.14300000000000002,0.008887700626117018,4,0.45272941675445866,0.093,0.007928296636576737,0.065,0.007475928592845682
844,9.282430908528992,0.02340711759229096,0.03954288343921837,0.5548583666885919,0.6371750625354258,5,0.8339887130561124,0.28800000000000003,0.1519216146339926,5,2.8830162894619833,0.194,0.11120797156960235,0.274,0.14425291442087249
845,39.560098655399365,0.04891852422197009,0.1380366315758577,0.9344153546480249,0.697895338392432,1,0.2942890750676869,0.022000000000000002,0.00813647654587002,7,1.3705026778943163,0.010000000000000002,0.007983348040076194,0.012,0.008005621692836806
846,32.031585723349636,0.7091575914739391,0.9136086437780585,0.9358630013047268,0.9886225040478561,6,1.0404423178451923,0.024,0.30217751384108793,2,4.19113435818573,0.012,0.30111651809489137,0.024,0.3022195150583422
847,1.781474103169991,0.03933909148329184,0.10603501462338624,0.7957271390761358,0.9580881539604349,8,0.2639484774268015,0.397,0.428328668353387,2,0.7023166959184887,0.372,0.3934257197377903,0.358,0.37927199338753304
848,35.366469942272815,0.025177964236855765,0.029626329309294836,0.5198324125224086,0.7015469449103863,5,0.8184262616074414,0.027000000000000003,6.149290710560917e-05,5,7.245318089584166,0.009000000000000001,5.89639879171322e-05,0.024,6.112208486336312e-05
849,8.280914168140265,0.015556815073351663,0.07296150357139106,0.5455861366187061,0.9846840312930326,2,1.4819714982770826,0.233,0.1505639841824109,5,11.187964949263757,0.106,0.10991725332127761,0.263,0.16464132777766588
850,11.25196249005476,0.0571555038687474,0.06970208645429211,0.7739113638531278,0.7345828857900631,3,1.608339825995331,0.17,0.0712500627410064,3,6.004015897461994,0.098,0.05765707317144367,0.203,0.07945911704883932
851,22.74897631079442,0.024505133867834344,0.08873472965816741,0.6409593178652628,0.7794476712486119,7,0.4663153642149576,0.111,0.004331272619586657,7,1.3763733882925815,0.068,0.0038363306614343784,0.079,0.0039500513924457525
852,32.829484090954175,0.03963902545402056,0.41637331096461355,0.742518404995824,0.6829069246692152,7,0.879665123269032,0.031,0.08596488447028833,7,3.489046883153833,0.016,0.08509137109011222,0.029,0.08585567177816486
853,23.69677284307607,0.030088843243597146,0.05278499898623286,0.5327070710238511,0.8275614029021016,1,1.769047763544722,0.054,0.0012317165643335182,1,7.7709209786316595,0.027000000000000003,0.0011310903792733085,0.07100000000000001,0.0013000554387583851
854,30.99837096198944,0.0014347504113471964,0.1596054805316587,0.8719657370130209,0.9390952773393586,8,0.47750596622245495,0.041,0.012763700155984659,8,2.3692136886774606,0.019000000000000003,0.012335802502654147,0.028,0.012521805468738295
855,30.91565479008558,0.012800581860490995,0.16681839431901213,0.6283172682086171,0.9693665186969855,5,0.46463735578830817,0.048,0.01458347724593742,5,2.324312215201317,0.022000000000000002,0.014016748649423844,0.033,0.014254132499549987
856,20.78246688050818,0.17785537297378348,0.3203969694339116,0.9565556557732683,0.8775010522710932,4,0.11803785378600028,0.20700000000000002,0.10130872295375576,4,0.1645155748645862,0.182,0.09741305685957452,0.084,0.08534805954415581
857,8.053261799442335,0.4716369371800636,0.624519826900963,0.8042239414870818,0.8098505660519038,2,1.1801160409280187,0.28400000000000003,0.3023122508799331,2,7.725989767526329,0.14500000000000002,0.2701934777402564,0.298,0.3066009577038305
858,19.718491819218336,0.017127592050707012,0.07096612514838442,0.5559626950211756,0.7899582774123929,1,1.3277132380256964,0.092,0.005046689081286082,1,8.60213822022113,0.038,0.004235753109332524,0.10500000000000001,0.005272737683786249
859,13.77786594711216,0.01235741792461886,0.12231499794923409,0.7393720837101481,0.7507845066403999,7,0.7101924024125809,0.191,0.04766487132340724,5,3.3202617946033444,0.101,0.03587381658768293,0.167,0.04397294252243464
860,22.261436923435696,0.031772353728013555,0.18156920616319086,0.6738899487653589,0.7604658803979718,1,0.6998376219238416,0.10400000000000001,0.02282014353204076,1,4.854451974273763,0.042,0.0205389326011772,0.089,0.022195858200370067
861,19.883475296891685,0.024827682762025738,0.025966939942056486,0.5629623905469907,0.8450713977128992,6,1.2180489746572716,0.085,0.00275929625953647,6,8.24527047309039,0.035,0.002267588891752187,0.093,0.0028515831340647224
862,9.111410128603131,0.0037822108592251665,0.033392544302831936,0.8921922202757582,0.9548227651257519,5,0.8754383920885564,0.22,0.12353762113461195,5,6.87238435602325,0.097,0.08837528169902273,0.21,0.11987559879071655
863,4.60198735164611,0.03022297597145877,0.05131106760606613,0.5424895825121236,0.7890386610507127,8,0.49552515113293866,0.381,0.35013899159774875,8,3.369356040367185,0.266,0.25692459676979684,0.34700000000000003,0.3133451765212845
864,25.14017992975052,0.04736160426686555,0.05353385632607607,0.9442247143593681,0.9583492841922424,8,0.6894999340736937,0.054,0.0012269433603930013,8,2.8349503724923744,0.027000000000000003,0.0011383715260866178,0.045,0.0011964870075218126
865,39.42143480690987,0.005579563995977355,0.07200787988542819,0.5577513332241993,0.7640998887836123,1,1.6168780286575641,0.012,0.0008572859950301548,1,14.46025102423718,0.004,0.0008444350766973474,0.015,0.0008626013158636314
866,28.271108556873823,0.49723341408760896,0.805008778720688,0.9473374896264783,0.8019017672480708,3,0.40717513879577405,0.061,0.2600833688586608,3,1.7607654644894732,0.031,0.25673316842153177,0.04,0.25774552365602577
867,24.439454090615655,0.017388657509966373,0.03161731903222958,0.7729680374482373,0.6106241097022826,5,1.273208635607484,0.053000000000000005,0.0004889502441997873,5,4.983480922010296,0.028,0.0004458794824076795,0.060000000000000005,0.0005008158559249576
868,15.655275038976018,0.026104148988162,0.0983821188102606,0.9562546319010387,0.7249464417962546,3,0.07084883284253393,0.325,0.05330295326732884,3,0.08899796295294529,0.306,0.047647725948170266,0.127,0.022009281737595254
869,7.888954351179391,0.06833565821953481,0.9998116273639059,0.5908487328315244,0.6325426861733132,8,0.9561210531227102,0.321,0.29630982499782127,8,8.851875924419843,0.156,0.24539669345760518,0.317,0.2947506055740223
870,6.3704310289098025,0.010817887278421772,0.030305005776380522,0.6913306483756075,0.6799713090470342,6,2.4315138417599043,0.244,0.20147768430307844,6,18.122215861724694,0.115,0.15361874850605073,0.31,0.2402295575226198
871,8.027823069484253,0.030294135995385524,0.08029678113356017,0.8688374865499588,0.9163473472092892,2,1.1454106768320798,0.228,0.1554579895013074,2,3.5425139632679628,0.151,0.12815756772152567,0.23800000000000002,0.1599175683805975
872,26.712483928591947,0.01842700034642226,0.019432336517723012,0.8512598432327615,0.8724582827172875,7,1.4537571686779178,0.031,0.00015555396992614212,7,6.608622422310017,0.015,0.00014676950802708366,0.037000000000000005,0.00015910392427254116
873,11.253294274932285,0.022528484926485043,0.19963004413104074,0.5475939566870961,0.7567934414889538,8,1.6107041130669852,0.2,0.09929755065697338,8,11.181392754148805,0.09,0.07669754682107213,0.23600000000000002,0.10989668089014992
874,15.059090582715804,0.008793408940959662,0.7697919724821498,0.8388880514071678,0.6271481524391908,8,1.0042732824703657,0.171,0.16790719538375043,8,7.359793653964756,0.07300000000000001,0.1584984536741389,0.171,0.16793989582179406
875,8.970899735594855,0.05280607222848525,0.9029768736954744,0.6252553192076191,0.9094283989842546,4,0.83251289471824,0.278,0.25782499882114196,4,4.731522470489634,0.152,0.22446094910561876,0.263,0.2528492119532366
876,10.452448519604033,0.02776907983904159,0.3695437832350374,0.8665800639294818,0.9605974008999814,4,0.9521943547094986,0.20900000000000002,0.15101663436326002,4,6.001157858724838,0.099,0.12671133798379366,0.20500000000000002,0.15001037100902384
877,33.19841335426338,0.026558769918508616,0.05662812696345952,0.6002359162733196,0.8407043443217521,4,0.27479274560842376,0.051000000000000004,0.0004624893010989617,4,0.6384981113965482,0.034,0.0004449692432119956,0.027000000000000003,0.00043846815977666154
878,28.642771476217273,0.17057184218860413,0.17224638742187023,0.9427200322333963,0.9534289695537206,5,0.26095258467075255,0.067,0.03272392377246011,5,0.6687772834455329,0.043000000000000003,0.031506434379342835,0.035,0.031146984264607463
879,22.87363418584,0.06686443661759535,0.07641145435781911,0.670203916385959,0.6362141061519333,4,0.08566729696983368,0.233,0.0071595669535335915,3,0.2393502913744689,0.156,0.005311607900866322,0.083,0.004227396470554395
880,34.891078428253216,0.14384533199854735,0.4979650167847385,0.6695381573113194,0.7740768517327579,6,0.7927061074293226,0.026000000000000002,0.11370002688638275,6,3.002063558702178,0.013000000000000001,0.11282911289271949,0.023,0.11350282777216328
881,28.668051217562365,0.013312716756602791,0.02003738542774112,0.9119979597540158,0.9691500098431134,6,2.6447914854935597,0.017,7.028240381706796e-05,6,22.334353893308162,0.006,6.762570244334132e-05,0.028,7.292142656414868e-05
882,25.127414938793283,0.02755048585707547,0.0728320155923154,0.5855872287685342,0.953587342250069,4,1.149669892363613,0.055,0.0017596285159448,4,6.013726334738533,0.025,0.0016295270351147084,0.059000000000000004,0.0017771432123634967
883,27.332720523750943,0.021066771828322145,0.07828094446264755,0.5756498600307746,0.7598630432983332,8,2.0048635279458646,0.039,0.0016342552106921038,8,11.96240998830519,0.016,0.0015540076834146543,0.054,0.0016936435962325858
884,12.585385378766599,0.034239589893463415,0.8328222226800753,0.9007868274196394,0.9659341446114272,2,1.3795440052545682,0.15,0.185073571423736,2,8.753350539251015,0.068,0.17513453823612335,0.171,0.18805900242560009
885,11.392856712443685,0.002094515177412106,0.07327027631661308,0.9282898464756529,0.7000384990416821,7,0.5291947725613172,0.23700000000000002,0.08501297046106926,7,1.6485820487523986,0.156,0.06404423940312653,0.19,0.0715084476871431
886,17.27751265675142,0.0037494429839747753,0.025547989924354846,0.675396142142583,0.9820657839331699,1,1.5074597848739741,0.08600000000000001,0.006913007800639137,1,11.3872038364559,0.033,0.005655309303302741,0.10400000000000001,0.007421882528664769
887,27.031652157671353,0.18042366006106259,0.9587577615801027,0.9206658663344979,0.7551994668728693,3,0.9653819458658801,0.049,0.1852989423659258,3,7.965968444316063,0.018000000000000002,0.18317891101906705,0.048,0.1852415605786239
888,25.318940570501866,0.02147842119850539,0.05902702438010208,0.7548496644924044,0.9257381564750358,5,0.2063277826849794,0.10400000000000001,0.0011882844858080444,5,0.5462581068489609,0.067,0.0010576865150909998,0.05,0.0010079731916194379
889,0.7097359750274657,0.010443371462836921,0.434676804855642,0.8239330915101989,0.8007581646656282,7,1.3278307834693996,0.372,0.4086229871492032,7,6.282011618748973,0.28900000000000003,0.3564625383617337,0.381,0.4178896582247492
890,12.991827760835832,0.698066522693066,0.8602663694152805,0.9036834881256347,0.9464864676438504,1,0.1445186838660372,0.34900000000000003,0.35164170954130336,1,0.418966569860242,0.254,0.33050373156031326,0.186,0.3190444154330535
891,38.26297728962134,0.001488945790893762,0.09954562842745046,0.8722161350702474,0.7629948069237218,2,2.927448366326052,0.008,0.002686928627179175,2,17.563495027257467,0.003,0.002664265022394141,0.014000000000000002,0.0027145710677250467
892,37.77193009456234,0.0012779159558146812,0.027272960838661507,0.8409668962427244,0.953932060897654,5,0.39755406127177867,0.02,2.5360967462778605e-05,5,1.4227691350990408,0.011,2.4823290433795275e-05,0.013000000000000001,2.4938301666249663e-05
893,29.481821232284936,0.025814599765939146,0.10737745509552858,0.9967538026743571,0.9382926258272704,4,1.3698890769082932,0.027000000000000003,0.003905464050298485,4,9.424193086090009,0.010000000000000002,0.003789370450202001,0.031,0.003938170367898369
894,19.375683968069165,0.06902322683333141,0.17004256292644637,0.557144696913349,0.8589449797739107,4,0.20390648179844187,0.223,0.03413391131836979,4,0.3978759940219801,0.17300000000000001,0.02974178384509013,0.117,0.02609447476393864
895,21.7187990461081,0.05858464478801328,0.7917068445252434,0.5713253453227127,0.9619230618718065,8,0.28190004996787416,0.16,0.1601317785509941,8,0.8591494041714816,0.1,0.15601855466815703,0.093,0.1556171288160723
896,8.217939444364308,0.009576447568457935,0.05227260881377893,0.881877070676532,0.9202601864769474,5,0.6182305975497236,0.269,0.16799562689152706,5,2.504658397015798,0.167,0.12652309834985379,0.232,0.1503897478197132
897,15.099826100181955,0.5408697211906967,0.6109078742888387,0.8973641000179652,0.9381164770241961,6,0.9934422440932231,0.152,0.2608462804031203,6,4.50587478599194,0.079,0.25026826926879653,0.152,0.26078080164165013
898,5.870471032424776,0.021565425680115814,0.10038538223298132,0.6033924299945252,0.8578599940436317,4,0.24475746064247578,0.392,0.33592573362108513,4,0.9775998828618748,0.316,0.2589293064081597,0.315,0.25779719274921326
899,0.049007620056816435,0.012116060868711132,0.6137809572425733,0.7348279280189794,0.6322638465528192,1,0.16251694321056184,0.41300000000000003,0.47549953848680715,1,0.45783598796570724,0.40700000000000003,0.4598376624797493,0.396,0.4429487748122254
900,1.8618824167990626,0.005833540443520383,0.1352243336843358,0.6326104360581744,0.7843396510661211,4,2.8114432874590594,0.327,0.3526753737916588,4,15.127534111167094,0.213,0.29533793422267907,0.375,0.3946314562836734
901,2.1678673949907585,0.011999567796945868,0.08133905098861767,0.8918942633325877,0.7282121173483932,1,1.2327143987562692,0.35100000000000003,0.3654714908618949,1,11.383115807004003,0.20600000000000002,0.2851197835750675,0.36,0.37434957744203656
902,12.020063208546734,0.009370457784133755,0.024035359129927318,0.7924481039351134,0.6291784779781338,3,1.8477634598935264,0.154,0.05084985317839577,3,10.25666807742691,0.07300000000000001,0.03914242365948137,0.195,0.059141015762364746
903,35.26345898607362,0.010720067533024624,0.021175436777611693,0.7935447234558801,0.9169709407849308,8,0.7764305316139661,0.019000000000000003,1.5833306328649766e-05,8,3.7492098414286104,0.009000000000000001,1.541226845541699e-05,0.017,1.5740474379188907e-05
904,17.153629687425912,0.13352405853189622,0.15627452236461503,0.9948705744795068,0.6170463127454755,6,2.961492864956919,0.08,0.03560138131555146,6,25.119920366681235,0.029,0.03218942254722704,0.129,0.03971604636852466
905,6.0972167155236106,0.20574039158584503,0.4434761967091672,0.8837920726827632,0.6144006035227451,8,0.22106140316136527,0.41600000000000004,0.3648052864852623,8,0.7690381131067012,0.34800000000000003,0.30610077159570503,0.329,0.2949195842115861
906,38.76664587419574,0.014328159384831996,0.03146065260086398,0.5416851228106155,0.6054094983182364,7,1.0489429637954695,0.018000000000000002,4.302999207728142e-05,7,6.876906578861589,0.007,4.203871949076676e-05,0.018000000000000002,4.3069642830795285e-05
907,8.509198447500829,0.08582692059573242,0.46503686684064816,0.5896029912559727,0.90960695066359,5,1.8956771433537443,0.228,0.20538947475642716,5,8.513448089753016,0.129,0.17863803170036144,0.278,0.22421409389219937
908,39.83819169833437,0.16377433180207154,0.1935051805036911,0.7181203628523223,0.789681560128844,4,0.29407450352482606,0.023,0.033506228311656616,4,2.364740877139989,0.008,0.03282934555335007,0.013000000000000001,0.03302609568750378
909,34.795363446983465,0.02786175048946681,0.0691579477592974,0.6176446382593832,0.6714907018638214,4,0.38209335953804263,0.041,0.000851852521463331,4,1.3093650107809647,0.022000000000000002,0.0008198968385332017,0.026000000000000002,0.0008252062141536898
910,10.715119492281461,0.731462994813991,0.922223275458771,0.9598845246583587,0.7619613945411713,2,1.1004469290259327,0.233,0.3377771426020994,2,7.736477056681817,0.107,0.32002804604488194,0.241,0.3391334903768039
911,27.35158914519873,0.03121793661266679,0.04083754475383787,0.600278335238088,0.8743659389799956,4,0.34318689090105803,0.075,0.00042811894715460985,4,2.4960307533634962,0.029,0.00037222285723964577,0.045,0.00039037301690703075
912,9.217669365763333,0.06468503224365801,0.5090485865879051,0.7611262814004576,0.8813270212767713,3,0.8481175920233212,0.26,0.2106292280224468,3,7.125918021211766,0.117,0.17237290050807447,0.247,0.20600971336082588
913,26.059005520424353,0.03330603171524184,0.8441105605339572,0.6038992422918408,0.8842601753523809,6,0.37622573406728776,0.094,0.15933564737805128,6,2.2573505395395266,0.041,0.15664828179457782,0.060000000000000005,0.15757966756421446
914,35.95488870503907,0.017588626024192526,0.07517373086733592,0.5933175252334209,0.7269924070697841,4,1.344969817146593,0.019000000000000003,0.0010461192199893166,4,7.313223220942245,0.008,0.001024303568409185,0.022000000000000002,0.0010523247308195927
915,34.19246259712538,0.07807441278805681,0.08614942675901957,0.767929315064038,0.8905896263998982,1,0.9347430538145625,0.022000000000000002,0.0029360138068658115,1,5.467169487249264,0.009000000000000001,0.0028639920602157587,0.022000000000000002,0.002931882840335548
916,37.800541077042205,0.015696517461426685,0.877901459987296,0.9169493789533892,0.7013759198733258,6,2.082244179051682,0.010000000000000002,0.15826992077577012,6,18.67153700013443,0.004,0.15798031269004503,0.015,0.15846278017442636
917,11.730583989427428,0.019912349023071572,0.19752949855837862,0.9510533093518683,0.9427313014147921,5,0.07803837635659855,0.368,0.16729742964808747,8,0.15578264303132788,0.315,0.13341116905991898,0.17200000000000001,0.08520220167188403
918,19.22997995685729,0.02569587312048052,0.06168845051838604,0.5852207511536214,0.6452526139503372,5,0.45742831965972097,0.161,0.006814081949124529,5,1.7669862048042948,0.089,0.005150611372780223,0.115,0.005670074618992632
919,17.155845422088497,0.02565648019667284,0.06615201315264767,0.8723486085941444,0.6532330150980801,1,4.795848657951846,0.057,0.008925226269404896,1,47.48320311671909,0.019000000000000003,0.007898295081687212,0.117,0.0110158472435741
920,36.08145490054691,0.1303992124659136,0.18479242964611733,0.667004485018993,0.8469085790566494,6,1.4203988934145078,0.016,0.024650872447657846,6,7.743327694329358,0.007,0.024327445871072356,0.019000000000000003,0.02476047745224702
921,33.582061252994244,0.00460403451808875,0.0522239307173406,0.8426455477954674,0.9299278241799462,6,0.06735165040821746,0.077,0.00034072631118436947,6,0.12145774587666894,0.058,0.0003256922160985165,0.021,0.0002992397563105764
922,8.311574101606334,0.02247656474274627,0.06852953088902544,0.7358981441561975,0.6273906332146573,5,0.4178080989767067,0.338,0.2130362219647679,5,1.119731715299867,0.265,0.16488024547743133,0.274,0.16948696558511844
923,13.92484668607022,0.05291325804585197,0.06930142911553604,0.7845653187332767,0.9655378059530243,3,10.174458805090323,0.05,0.024839003529983222,3,97.48420286463063,0.017,0.022607217421260234,0.14200000000000002,0.033306497665045065
924,20.007930662273953,0.0775680978301824,0.8534039376703308,0.6331094780713481,0.7100427914435056,5,1.2858147850542248,0.107,0.16512362037878386,5,9.7493429798259,0.042,0.1611217868555821,0.12000000000000001,0.16597593082776885
925,26.96787734127343,0.023089702555698317,0.9207854702269243,0.8499401185432099,0.9535652614085222,6,1.2237168728735612,0.041,0.1635466541840832,6,11.58553266333501,0.014000000000000002,0.1623859559211832,0.045,0.16372937181661282
926,24.171268965834837,0.11217033838377939,0.14254075860206158,0.508633611533989,0.762199750740308,6,0.3955166072670184,0.125,0.018596314966161542,6,2.3494984963278194,0.055,0.016092009879745406,0.083,0.016976540485159647
927,6.456621470017152,0.18813297016306949,0.28832101053848963,0.6893019008770553,0.953895931513206,8,2.0848583413499493,0.244,0.23071829349052073,8,11.214088634516198,0.131,0.19429876462623327,0.301,0.2571601162497894
928,3.4821841017431043,0.008000515052626975,0.02299819868574912,0.5716698645186882,0.9941768756688149,2,1.9838243963567976,0.308,0.3064892262275036,2,15.327430186291302,0.165,0.23983701606538127,0.34800000000000003,0.33815420651146466
929,36.36021772642043,0.11808561049576302,0.14030581629968927,0.5239922485669039,0.6454060774582375,7,1.0287867921066158,0.024,0.013289689599733284,7,6.4470989089632225,0.010000000000000002,0.012985664377535483,0.024,0.013297015550157054
930,10.473839276244782,0.06701565875100729,0.11271579928302686,0.9573076608982609,0.7319248358256598,7,0.3828877113938851,0.279,0.1282516764204576,7,1.1906863647539747,0.192,0.09644935247734177,0.20400000000000001,0.10012298572149902
931,20.18090528644099,0.03945553510944856,0.06928731382088985,0.7333588422066235,0.9668841412752877,8,2.0353552105027113,0.058,0.0043555877775963425,8,11.418705444717052,0.026000000000000002,0.003941064444472092,0.081,0.00468947222851987
932,29.419210077587664,0.01910142318995149,0.06478340284969958,0.6254627680901419,0.8318807520304757,1,0.9153727806247397,0.042,0.0008054807889099069,1,5.358056809915288,0.018000000000000002,0.0007624956155806162,0.04,0.0008022153868283421
933,30.346693277744606,0.027587714756574833,0.04104224260477547,0.7968620549275287,0.9713343502551772,6,0.5232794677727071,0.039,0.00022780226524535263,6,2.5244458177331692,0.018000000000000002,0.00021577710507639236,0.028,0.00022160392842321408
934,17.220275011185848,0.008569938081452805,0.09045599458500586,0.8653311951958325,0.7183063060827377,7,0.5835648281870564,0.14500000000000002,0.014512458409218942,7,1.8834996680167637,0.08700000000000001,0.011900055355842959,0.115,0.013064330766762056
935,13.569800636617344,0.12966942006167362,0.44374521981253284,0.5791201632647275,0.9472933665261818,6,0.605449453551841,0.231,0.15261514307597884,6,3.118991460760984,0.122,0.1320295168478935,0.193,0.144273973848844
936,3.7039620937570383,0.12094364639154649,0.5112905732116896,0.7832650958166764,0.9093215644502013,6,2.9797096713066695,0.273,0.30672325562792857,6,24.585820386777023,0.13,0.26123399619783483,0.34800000000000003,0.3468178538045713
937,31.578741122760743,0.07037172464580788,0.0952338899149858,0.9343726965451629,0.8736536738389887,4,0.5149082660168909,0.036000000000000004,0.003484333015949803,4,1.5018028532692693,0.022000000000000002,0.003384266797266694,0.026000000000000002,0.0034157682920170074
938,25.76783766400701,0.6006196554247142,0.8208868808239344,0.7885668489298007,0.6535379223399846,2,1.2375610906504817,0.057,0.28088802433153126,2,5.721407358137481,0.028,0.2777902435283792,0.063,0.28154047413132094
939,5.432066993231528,0.15984617442698104,0.9763050690072008,0.9611631493066976,0.7015871312267129,5,1.4866398924849762,0.297,0.3221388167682032,5,13.061301199384294,0.14200000000000002,0.27809789745039665,0.327,0.3348516479465705
940,39.1118155253579,0.9611696041790886,0.9952470219707704,0.9157692462138363,0.8351917612625223,8,0.9564217040949003,0.012,0.3337589380221404,8,5.49589265030078,0.005,0.3332115998749416,0.012,0.3337382705248684
941,39.89603341792675,0.019681562544406825,0.691721443188218,0.6384858455647715,0.9825628463436042,1,0.7592163651961208,0.014000000000000002,0.13726604781946541,1,6.3747786035539695,0.005,0.1368315095545751,0.012,0.13718045055924252
942,30.10455714045732,0.05835700837054682,0.19737768708680786,0.9790872785963528,0.943682661910887,3,0.34356380803882747,0.05,0.023108956143648524,3,1.3115744312722621,0.026000000000000002,0.022359078958712947,0.030000000000000002,0.02247159207487695
943,4.3719358846384075,0.00663840322433532,0.025711401962135255,0.7604845530519939,0.6257008681970327,6,0.36675281047123204,0.39,0.3671123281917834,6,1.7210164341307,0.311,0.28911042871543646,0.34500000000000003,0.3157262432215483
944,8.1949662778501,0.012891473227234976,0.019307592991501518,0.8501030011377853,0.9453999022551072,5,0.6215884853531718,0.269,0.1676419654304698,2,3.6144254676858183,0.14500000000000002,0.11922192674514512,0.233,0.15010644525160996
945,5.675584854435209,0.053805127731287185,0.06424633826317666,0.7663039088754929,0.9509942563438515,2,3.8861570747728567,0.194,0.19878769977468952,2,30.98874312868721,0.083,0.16374087277343766,0.294,0.24772350534532364
946,39.56685655668933,0.06129791138356583,0.09914244787570427,0.8885853601293099,0.6789503789701248,2,1.8543807744703062,0.009000000000000001,0.003117291625133106,2,8.491630873187122,0.004,0.0030899560736118437,0.013000000000000001,0.003136070535675939
947,34.11324270110811,0.05076485665556717,0.05649425669489327,0.5330123276648612,0.7998324261627711,6,0.12983302450862885,0.07200000000000001,0.0007293466012176508,6,0.374055610853362,0.043000000000000003,0.0006830086280647518,0.027000000000000003,0.0006587250051958704
948,3.7368495556517587,0.06803299018120117,0.14662046072752827,0.9793123178828604,0.7939474620069467,4,0.11361174830307488,0.41100000000000003,0.4161405653507336,4,0.37849161831898115,0.378,0.3646231859944845,0.329,0.3183890932845308
949,4.86370645240056,0.11595703440572278,0.23092922777255992,0.6444837647104743,0.677976352327003,6,0.1953356749751447,0.41600000000000004,0.3944999329462131,6,0.39610491163237765,0.395,0.3612945220302384,0.35000000000000003,0.31467340948195044
950,8.785133717496494,0.03912795699559341,0.055860331153954466,0.9475051563932075,0.9422646866242933,1,0.31245282670329416,0.303,0.17453951096677908,1,1.7000718817338913,0.17600000000000002,0.11787554199239667,0.214,0.13074244534836518
951,2.796084598869106,0.010581560778618845,0.022857951240372827,0.7617364287804986,0.6542607904332518,3,1.3538691150043247,0.35000000000000003,0.3528291250786252,3,12.670983502959341,0.202,0.26890191331114155,0.364,0.36650548766254293
952,22.3626455852616,0.4194622451858752,0.6345732003241438,0.9762772302270212,0.7670280841132081,1,1.1581704622930125,0.07200000000000001,0.2224045845304641,1,6.766477525208559,0.031,0.21759331287157724,0.076,0.22303380927295977
953,30.309642054739097,0.8257809672610138,0.8861791815216679,0.5039388310478052,0.7874527989287996,5,0.5291694105072133,0.059000000000000004,0.3166359589761566,5,2.1873789060896627,0.030000000000000002,0.3139318906458784,0.044000000000000004,0.31518548577346295
954,19.119534147111814,0.014762695633480462,0.24445432481882945,0.8298091624954477,0.6707424424851363,6,1.638690585542261,0.094,0.04428620748589013,6,11.552692799479606,0.038,0.0409842694151307,0.116,0.04584530011259441
955,20.21791062093712,0.06429471724838293,0.13722322969496403,0.623107678908861,0.9463473261410659,3,1.070093905980237,0.094,0.01547161395971633,3,7.316317536322555,0.038,0.013666655820776502,0.097,0.015579052528288673
956,0.7398141551322539,0.039302862962347154,0.05855959755912339,0.6188565883194069,0.8186731320092421,4,2.399542054093161,0.35100000000000003,0.3892515575243324,4,18.636877240854254,0.224,0.32065482143023366,0.381,0.4200635987803121
957,34.07538606593783,0.005573518274672487,0.026142234502794473,0.8322511290180028,0.9400337597994707,8,0.08643906684064578,0.060000000000000005,3.393429757253541e-05,8,0.43016671975850984,0.028,3.101617023967829e-05,0.019000000000000003,3.0253221777770678e-05
958,32.98280520976609,0.06078115619815333,0.19930827793922803,0.6642028410054509,0.6710266689377268,1,0.5777279896846043,0.04,0.02317083421715599,1,1.9716218305300512,0.022000000000000002,0.022610649765211627,0.031,0.022876001627301273
959,16.503879030181075,0.6445163239994565,0.6962594772395722,0.6227137790265245,0.8378083293207005,2,0.12200717245258792,0.335,0.3238329110007424,2,0.17241089121712364,0.303,0.3157591464910076,0.162,0.28901199242125347
960,36.69177676305073,0.05565109603086668,0.07257283220815308,0.752347503904148,0.8456630755393462,1,0.7892388622181605,0.019000000000000003,0.00125566020834042,1,6.765313303229325,0.007,0.0012254909345445764,0.017,0.0012504775528001943
961,1.2414921121236522,0.022420656865110654,0.9730133487468615,0.6204524986805917,0.8152211254516423,8,3.4228862890668017,0.341,0.3905300611239754,8,28.178722581469867,0.195,0.3390938298739563,0.393,0.4277494254059544
962,23.626420225045813,0.02743968601335143,0.1346896908238646,0.722590275899613,0.7716098662020492,5,6.429165967733659,0.030000000000000002,0.009162055811154007,5,63.19073111816679,0.010000000000000002,0.0088307439425091,0.07300000000000001,0.00996007068256008
963,4.811164701651791,0.04638143140247466,0.06033489941394696,0.9730204395052607,0.9436430685098893,8,0.9815651479108085,0.296,0.2697477559503287,8,4.747123863273231,0.183,0.21518732614982042,0.295,0.26891360263192876
964,13.42471388168953,0.02830617477659103,0.16710485303176906,0.6760529614772446,0.8345335914574441,8,1.4091035523518785,0.154,0.05567124214704636,8,12.025609817780312,0.060000000000000005,0.044160262085599034,0.17600000000000002,0.05929285830905803
965,7.140842724651784,0.2797491948408081,0.7154000291928397,0.5760058361685892,0.630528293662498,8,7.16452454019982,0.197,0.26734472082593697,8,65.6899197024722,0.078,0.24374490128803158,0.35100000000000003,0.32048231374060154
966,18.212614642685402,0.07569673738152284,0.1254050244422675,0.9589269640277656,0.7164674898828657,2,0.21455878625801625,0.202,0.025164914625534024,2,1.2329284067501034,0.098,0.018357933261366366,0.107,0.01882902760553018
967,4.498484559125973,0.024707400419505823,0.04928682489358798,0.940543063207216,0.6740953677805417,7,0.7044802836994966,0.34600000000000003,0.3148142530971024,7,3.5055545463536912,0.23700000000000002,0.24455144996937062,0.325,0.29720344516051556
968,21.365166583129433,0.017129557189365655,0.039876040010062015,0.9291738612165185,0.6932897748629125,4,0.09899165337990076,0.193,0.00295089259677217,6,0.1258793392722204,0.17600000000000002,0.002700596589614912,0.07100000000000001,0.0017129779480772045
969,23.733869462081866,0.003092566383567152,0.007947891182105798,0.7556092060214121,0.9213951677501987,1,0.4152318345692411,0.076,0.0004255747741067073,1,0.8543713899107003,0.054,0.0003870405835775803,0.05,0.00038069166645487984
970,36.01839013353723,0.10915291321425086,0.15158607607558477,0.7713742936578771,0.7057894172121423,3,2.5044778664098644,0.013000000000000001,0.014096087360174009,3,20.519480041984064,0.004,0.013917187277508042,0.02,0.014258877291648736
971,29.09188802093508,0.019583182873436827,0.04876070175129878,0.559786513337932,0.7671184842155907,8,0.2335915926556777,0.08600000000000001,0.00041192696229452874,6,0.43488273170284814,0.065,0.0003872429823789658,0.044000000000000004,0.0003656724845698678
972,0.5933772881108731,0.020472936946045708,0.02055096370718176,0.6063444966947057,0.965191767447728,5,0.6102514779413029,0.389,0.4336038622984412,6,2.4427449952645635,0.34600000000000003,0.3869667267330205,0.378,0.4183919587704956
973,17.480666408791596,0.07616354936408896,0.0907590943308434,0.7349306926783472,0.9696377359781878,5,0.4936998568095993,0.147,0.01771678885455763,5,1.1365204613632454,0.10300000000000001,0.01534146118853913,0.109,0.015628259860160032
974,22.95381667642009,0.06855519796600303,0.11975851265672335,0.6303131963937235,0.8351082095395204,4,0.16257031884565729,0.17400000000000002,0.011830127825736253,1,1.5425931250486427,0.064,0.008929392133921299,0.079,0.009225501234774447
975,26.942923458785433,0.05306097777963466,0.13016480834934466,0.6465724119114011,0.7992700424618787,4,2.6838031806570335,0.034,0.007871159368309066,4,20.78250867660952,0.012,0.007576353939070052,0.054,0.008178001405824614
976,29.040175215822625,0.03614419878139488,0.03642841833760004,0.8853131196030884,0.7887133694186209,8,0.7498665148073144,0.039,0.0002822884493891842,8,4.071451958616654,0.017,0.0002659800302741988,0.034,0.0002783599286699523
977,31.279810446673793,0.021960099061333345,0.07044335299861822,0.870049430622355,0.9038444954366992,4,1.995220175475037,0.02,0.0009268765754304742,4,18.59603881918418,0.006,0.0009024061391385285,0.027000000000000003,0.0009422903106524882
978,23.662255335727025,0.021840524275578,0.05682583744991986,0.985989027831015,0.6395104739677195,5,2.8644223964744318,0.037000000000000005,0.0012306170430156915,5,22.918984038457126,0.013000000000000001,0.0011493196162653818,0.061,0.0013245442026273702
979,6.0591914338754345,0.0021954730544501764,0.09873977753770455,0.9498943608618051,0.8097625211513084,8,0.35384737468918115,0.353,0.2846592937231033,1,1.5221006014273635,0.251,0.21487963136206478,0.28200000000000003,0.23191282223031956
980,8.958228454660915,0.019468506209834768,0.17773743979941975,0.8452946049964712,0.9350442427276842,4,0.2567988002422304,0.331,0.19959718754710146,1,1.5644272809288566,0.193,0.13331343764242823,0.226,0.14480980559684326
981,19.605868459784165,0.07481957731033408,0.19082970803721194,0.6819346742966602,0.7561801186084349,6,0.24198360593242102,0.202,0.038468074502407745,6,0.6014457864564582,0.14,0.033351451097243634,0.113,0.03152422196978247
982,18.420633418770308,0.01656606255049589,0.029448754998352557,0.7723696014647543,0.9937195249168999,6,1.6637436025140435,0.069,0.00438501707441441,6,10.537472521976122,0.028,0.003772378459353548,0.08700000000000001,0.004712010494115737
983,12.368046613199096,0.011107387273845795,0.020232171169191786,0.8059498933170853,0.604516764282965,8,1.898439564969915,0.148,0.04517312574292037,8,17.006093454732284,0.056,0.033444967302443035,0.191,0.05288665548523114
984,38.07069644603897,0.0034199036496213872,0.03677183740346128,0.7481031618500248,0.8943264202839518,2,0.40511084599253966,0.022000000000000002,7.385515627644779e-05,2,1.1963027302237095,0.013000000000000001,7.244542885873062e-05,0.014000000000000002,7.262709029171033e-05
985,25.05519138431121,0.010387793308313076,0.19582984302537476,0.9491470645671676,0.7112243375892598,7,0.23842354483305578,0.114,0.02551607188684632,7,0.8772441546860451,0.063,0.023520709042013005,0.059000000000000004,0.023388799255500886
986,34.77700295164066,0.0581053355725242,0.15534083914378555,0.612060354019623,0.810264286979259,2,3.1202225991471715,0.014000000000000002,0.01159675720623421,2,18.40959922371655,0.006,0.011457642747535857,0.024,0.011780986180562641
987,3.5427432277019277,0.563859895352306,0.5898566093243927,0.7395227791277595,0.7667741291740301,1,0.7130206055842319,0.401,0.3989300723904988,1,2.9801615485980997,0.313,0.3532549761828978,0.384,0.3875494207300301
988,26.336405464332845,0.010966681227250287,0.15511078226056982,0.9841302412440527,0.7449311412325944,6,0.1670923317998303,0.113,0.01412291326984283,6,0.37273126489375047,0.079,0.013238269845640083,0.05,0.012581170479614656
989,26.431312852736372,0.0304933837843921,0.05067202830239891,0.7529229456920028,0.6521305306853507,8,0.4129235202815102,0.079,0.0007301215209339629,7,1.7392927151372697,0.04,0.0006497910593776524,0.053000000000000005,0.0006730608133497795
990,24.703397168779762,0.00030945639886607255,0.001181605996934551,0.7936965684235311,0.9967789307893583,4,0.6001449119689694,0.054,0.000243736648483317,4,2.547526581259435,0.027000000000000003,0.00021750469646625303,0.042,0.00023188419032105223
991,39.14759242817341,0.041105352043471675,0.05330909531626752,0.9855520640169928,0.6075472434805735,3,0.9285399040517295,0.014000000000000002,0.00039079145198261944,3,7.8783324199756395,0.005,0.0003838348639999545,0.013000000000000001,0.000390399772499439
992,34.54206595635955,0.44637634463838616,0.723548149324914,0.7443285087310726,0.8113405865770048,5,0.5092834687421153,0.031,0.23556338736789095,5,2.785181263163399,0.014000000000000002,0.2337160850479537,0.022000000000000002,0.23463782491849913
993,8.348356384453048,0.1602820100994402,0.7932488579606768,0.9604407596461674,0.974730059077801,2,1.2703358395059734,0.225,0.25157868404102673,2,6.487945176633134,0.12000000000000001,0.22786251509419647,0.244,0.2569240307170776
994,39.95920173579403,0.01386169245959058,0.049511238566699686,0.8682612746159182,0.6600275551549725,1,0.048158415485010174,0.054,0.00023489756925493266,1,0.05859083316854321,0.049,0.00023240460692602882,0.012,0.00021502823933930437
995,10.778623731302611,0.05197658749221661,0.5537121199943381,0.5186980178896978,0.7034805701031308,6,0.2521320164914176,0.373,0.24877566493638562,6,0.5380985944147842,0.316,0.21676137635988127,0.266,0.19723749965083973
996,22.860570576907808,0.01114783945912148,0.13709453659476203,0.5225804568812407,0.8930451263923149,4,0.15495170377332917,0.189,0.014123787696564999,1,0.39230196690955177,0.129,0.012102821807734448,0.085,0.010973235425910666
997,28.276618426170078,0.1755829770084254,0.7943682177763199,0.9839948138772728,0.8746354573454688,7,1.0343167763877177,0.037000000000000005,0.16772588543682007,7,5.253945773736234,0.017,0.16628675194191922,0.038,0.1677702302986329
998,5.588657709270908,0.051349333491940506,0.13511560586208984,0.5818404027299059,0.9650059482260372,3,0.6334069012536252,0.34600000000000003,0.2906556100674531,4,3.2471019115978614,0.23,0.2191412616224175,0.316,0.267228319782132
999,1.9179271097763393,0.4469671421527083,0.7308525828274057,0.5576747929834595,0.6784550533711605,5,0.3187715175815843,0.431,0.4558366509060341,5,2.2458831105698227,0.379,0.40350108954757247,0.40900000000000003,0.4278430799207852
1000,4.045556303756765,0.011418634716334386,0.03819781462380739,0.9414593417439336,0.8022845941694534,6,0.3500059510803255,0.377,0.35703533308580426,6,1.0402704094509903,0.32,0.30307992253849214,0.323,0.3049443901456881
1001,16.222026996769156,0.050530478763973936,0.9360570648781668,0.8618198472173073,0.700120674877483,4,1.4911935820806632,0.125,0.17678455416299566,4,10.938535582379785,0.051000000000000004,0.17148018031983644,0.147,0.1786925022860319
1002,1.486247040121269,0.09201127085422393,0.13233734551646842,0.7353245982389625,0.9198229859360383,8,0.3695685008642039,0.395,0.4279333834572244,8,1.507798463179322,0.35000000000000003,0.3768260650556582,0.367,0.39288156612406666
1003,6.294881481418963,0.010590630689942067,0.019437305391073367,0.5976201132096067,0.7170773154634442,2,0.18118117809184753,0.405,0.3469008526936273,6,0.32779453537209285,0.382,0.31176998838616526,0.318,0.2477364840591894
1004,29.000273476429623,0.01574147782219524,0.19107698617183963,0.6906059725812876,0.8691780548900947,6,0.20200382135929038,0.08700000000000001,0.022216383282036067,7,0.82790287300755,0.045,0.02084664909392911,0.041,0.02073045229401263
1005,7.978088127647677,0.08112629036617666,0.8662161294107728,0.5304707142653456,0.9490239655321054,8,2.6609500283995327,0.218,0.2511582608498423,8,22.448327796999482,0.093,0.22393722539116415,0.294,0.276628993574504
1006,24.408230589607825,0.028434524695655147,0.7088292017889204,0.6384783857298666,0.8861492608915956,1,1.1262302951914733,0.066,0.1427393388831699,4,6.381068356065211,0.029,0.14074111169069448,0.07,0.14295082004653592
1007,19.91592797621689,0.07468562838611861,0.1332430058240877,0.8711898694823459,0.8459096978266462,4,0.4180638467071852,0.132,0.01758119310160894,4,1.3326711841956482,0.079,0.015389620176956442,0.09,0.015798455290132934
1008,15.343320453213183,0.0038560056263156283,0.009796197365473887,0.8961738068549411,0.6769494102931773,4,0.5387785204357908,0.169,0.019104642305596442,4,2.422493761782875,0.089,0.013735093046414848,0.131,0.016223362028104954
1009,6.549313945444782,0.017996075607360912,0.052400484504404383,0.5196580882696885,0.9697245675303882,5,0.5568150485831485,0.342,0.2615979897515688,5,2.8619077657568406,0.224,0.18804436929154072,0.302,0.2305931793059557
1010,11.488097005800949,0.009153443005947826,0.028157389775434586,0.5757960383680854,0.8265153245233633,4,0.5593134943289554,0.253,0.08523650684220271,1,3.1454173755417414,0.133,0.05490553960485706,0.20800000000000002,0.0712570806603503
1011,6.533349050959335,0.7097502655328299,0.7853568329545509,0.7682398707079373,0.7627585875639946,8,0.1900493227563247,0.447,0.41385468989026714,8,0.5037123752040307,0.395,0.38387742693493015,0.34500000000000003,0.3646274764541586
1012,13.502748390857493,0.12117073264957728,0.35075434863361404,0.8401829116740266,0.990074784635514,3,0.12425254190832503,0.328,0.16200624216988097,3,0.28189896652572766,0.258,0.13766634656555932,0.163,0.11609956362752699
1013,12.388476833167646,0.05624842601031981,0.07858311682042537,0.581634161737095,0.6879212482563875,2,0.9372437979779414,0.215,0.06527851325292108,2,6.402993700202203,0.099,0.04454750449038836,0.21,0.06409672814183567
1014,4.932935497380845,0.020457061124410297,0.1484959699842256,0.772682588834226,0.7622405687638553,6,1.2405078498966657,0.311,0.27873977772036496,6,9.042634119698436,0.169,0.21130513869116416,0.325,0.2890340665762543
1015,4.441443381967263,0.0178784907481129,0.1029935416722149,0.8302057544438642,0.9605647433875593,8,0.5039481115441244,0.354,0.3236952019504832,8,1.0371132556887066,0.31,0.28822475772552836,0.313,0.2899139915635982
1016,17.087897839959087,0.015074558887321668,0.06484227748145618,0.9120176618853332,0.8130066816072535,6,0.35081372220282975,0.163,0.0130680146765213,6,0.9574643093867561,0.106,0.010438757275954308,0.10400000000000001,0.010360558586538532
1017,33.82326230589617,0.05473631520049932,0.9077158256516076,0.5812402198805778,0.7834021544206097,6,0.17303560812962723,0.064,0.16372221453531063,6,0.48174812485774615,0.039,0.16258820881794622,0.028,0.1620695906095987
1018,27.879222628603962,0.060941622021290616,0.5182289813225874,0.8883589665210975,0.6023776820790469,8,0.0644267414786688,0.167,0.11969098112902996,8,0.2005603242140139,0.10300000000000001,0.11463444107710344,0.049,0.11103659790232778
1019,2.965790631955346,0.025025863663275316,0.07453466225791354,0.9524591452069193,0.8355755337831348,6,0.22977922310218224,0.396,0.40502715915721516,6,0.752968832862184,0.354,0.35338228662703663,0.339,0.3404648478689658
1020,16.85226156027628,0.07766705047453747,0.18469034261444497,0.7634885344090592,0.6524565576362207,7,1.0180012875163054,0.14300000000000002,0.04047846944124847,7,8.820726918671246,0.054,0.033564922306015293,0.14400000000000002,0.04058004038245239
1021,8.387637804447019,0.1667324084347404,0.905975574226972,0.9583344634926356,0.8756757395964757,5,0.3671822356323639,0.332,0.2974442438156494,5,2.0181004983511395,0.198,0.25373179284092273,0.252,0.2679675782210894
1022,21.90920470364589,0.16915792588442657,0.6311350870051785,0.9920747505795481,0.6941421980154266,8,3.3865038142919763,0.047,0.14773365352013718,8,30.457018556999277,0.016,0.14526480529092312,0.083,0.15091201225936818
1023,21.50890820124886,0.01855202124727896,0.6910713071482614,0.6095445103324398,0.6781899864842762,2,1.6193577613807328,0.08700000000000001,0.1421846565648297,2,10.790192076140553,0.036000000000000004,0.13920107230109263,0.108,0.143518211899512
1024,24.32570561225694,0.01063777506288465,0.0456165462968304,0.6827021594312417,0.9468847861748526,2,0.556700354385426,0.07200000000000001,0.0007795026818264994,2,3.6974260983420972,0.029,0.0006768435378076976,0.054,0.0007350623561831471
1025,34.20442247148535,0.007094212538610895,0.09386285183554532,0.6887790400639036,0.7956038550436423,4,0.1935772731225826,0.053000000000000005,0.0024503340647953342,4,0.7504552771267927,0.028,0.0023307179980369963,0.024,0.0023147597700756695
1026,3.196574747350691,0.0024898882454868054,0.002769596237251658,0.964115021122456,0.6439659702680417,3,0.7510865106640037,0.362,0.3569009656669678,3,5.671528134056433,0.233,0.2728224516386718,0.34800000000000003,0.3434938945764771
1027,3.3037560703772093,0.030959628856300776,0.14676847329865914,0.7349184778928249,0.731184627323217,7,0.1285994715277066,0.41400000000000003,0.43287583782271427,7,0.19913533929487498,0.40700000000000003,0.4183813499631215,0.356,0.3493980207952859
1028,16.336293998247843,0.01945274419317312,0.16197639008075929,0.8482310812274925,0.9511160496377858,6,0.19609976602483564,0.228,0.04201097074869947,6,0.8958281716469448,0.125,0.03117312505303535,0.11900000000000001,0.030723998138184716
1029,36.71213394734529,0.16763485877128964,0.179418682695051,0.6493324048033834,0.7660430953206924,8,2.763078780160235,0.012,0.030332869815524854,8,25.42397887224337,0.004,0.03000622980460821,0.019000000000000003,0.030659250186029607
1030,0.20752521545046587,0.012843304962830562,0.05184631831401461,0.7046562828930452,0.9402335394577955,6,0.6204061578306143,0.388,0.4368024696908927,6,3.4339327459203597,0.329,0.38070263692136325,0.377,0.42278254786127967
1031,36.98983131929934,0.06479818130500072,0.06956719510055723,0.6993354955732882,0.6091283193695867,1,0.211451720709158,0.042,0.001448132502480326,1,0.7131575040574474,0.024,0.0013930359655214553,0.02,0.001383063198873713
1032,14.67572687543901,0.022419546125014466,0.35101686596185644,0.6499389147943386,0.968398985752061,4,0.35552144401980823,0.23800000000000002,0.11021146378421395,4,1.8626213743542832,0.126,0.09208120621766347,0.163,0.09700681174798947
1033,13.597783362536795,0.2783275583586954,0.7459891115049564,0.5005089605963221,0.6484320339782589,3,0.1839855534403035,0.389,0.28682589409596504,3,0.33056295703972477,0.339,0.26621011139686696,0.242,0.23857458703802237
1034,11.37506011024831,0.02197070320417508,0.03934190550622338,0.955723747436143,0.7045214888741592,2,1.0179175343059177,0.185,0.06808213636898977,2,8.062438369638963,0.077,0.04854755477238987,0.186,0.06837816210044634
1035,25.800921948717946,0.071446142092169,0.4459278369123554,0.8950517376883219,0.6459731243215519,7,0.5933419553986227,0.076,0.09767313941622868,6,3.0206671355119723,0.035,0.09499733672418498,0.060000000000000005,0.09656273225906198
1036,22.454860585974124,0.010489781438732823,0.28340364604246054,0.786213110901054,0.9067891158781178,2,0.3529296790638805,0.122,0.054823809796658685,2,1.3719927682414206,0.066,0.051298700556330706,0.076,0.05190643909279685
1037,32.19354631588379,0.01201285512508632,0.023348218140683108,0.9215033749383861,0.7779560680394909,1,0.15691016343172248,0.055,3.79520170034342e-05,5,0.713901776742554,0.027000000000000003,3.4744758745125504e-05,0.023,3.432976270825727e-05
1038,6.793113387173926,0.03859400192221005,0.05834488430082214,0.590603475165353,0.7679109415607187,1,0.5431266856524729,0.34700000000000003,0.2599973238638982,1,4.501266256393024,0.194,0.1705893591673327,0.305,0.22708462079265607
1039,30.80815047457235,0.06018531788426958,0.08883089440329442,0.7350037624019103,0.6524254977587095,4,1.1078411774613226,0.035,0.0026130216284394325,4,8.46341657031261,0.013000000000000001,0.002499348751928532,0.037000000000000005,0.0026226492412736446
1040,15.13697401614795,0.01255945087176691,0.4060076479253734,0.844499332056424,0.6896073345573097,4,0.5525175171438348,0.20400000000000001,0.11425309218994523,4,1.4963172783508407,0.139,0.10490213521481839,0.163,0.10807718901889707
1041,38.0624430204179,0.01735558060681494,0.029382436071830907,0.5999115461723075,0.7756778490309756,7,0.32574130522505895,0.028,3.84054584303406e-05,7,1.14570593609023,0.015,3.7281308974984606e-05,0.016,3.737026613337413e-05
1042,7.967665989910838,0.026110872926752668,0.061560742000479264,0.9049161914022625,0.9065404502939742,5,0.06017633659073098,0.41200000000000003,0.31508187789080294,5,0.1297428290825149,0.379,0.2639034821866665,0.23700000000000002,0.15930032931971982
1043,24.090849592057705,0.016948096273267006,0.06913632282641884,0.9317861831305043,0.9955324516060883,6,0.24721644581672317,0.096,0.0019413681972171026,1,1.220553809529041,0.046,0.0016760077792918604,0.05,0.001697165899578662
1044,8.475321775381643,0.02494366917742792,0.027925292895929293,0.7193540465244243,0.9382909214696662,4,0.4643924016467815,0.299,0.17853995367487915,4,3.066613583901215,0.161,0.11814711579745146,0.24000000000000002,0.14713091433052652
1045,3.2919474528063186,0.025228863729789254,0.026129819296938184,0.566193837833493,0.9369471131931432,7,1.0168786992591554,0.354,0.3470976240738436,3,5.2000279304824275,0.249,0.27796411964878687,0.355,0.3478878964073905
1046,23.19005387577453,0.03389034030921985,0.034759475231745995,0.711501629552022,0.8849979881328145,3,0.29995252755371093,0.10500000000000001,0.0011921074011514987,3,1.9134840567023153,0.045,0.0009512593609232178,0.061,0.0010066668633660347
1047,11.557715114616798,0.03458839665430386,0.31333974996978403,0.9337546535951827,0.931995733004039,7,1.3268828706079911,0.164,0.1142570965093298,7,7.860971067813711,0.076,0.09891611469679074,0.183,0.1184061154410917
1048,0.25250891823136745,0.12019646981536879,0.3703938230177799,0.9339992290933472,0.8716164944666321,2,0.23041318174771047,0.404,0.4574942408256316,2,0.41832972380260475,0.397,0.4442417360970381,0.377,0.41979601985145665
1049,24.440906127017946,0.01841747219030051,0.055523821359034664,0.5112594332664283,0.9594320184735885,6,0.3452005904025289,0.10300000000000001,0.0012172053622797885,2,1.6279808408739025,0.05,0.0010257825097577389,0.063,0.0010678046568394495
1050,1.196678894284565,0.013970649036654674,0.8452621404867322,0.9736277545275824,0.8270324484673824,1,2.006521761630191,0.34500000000000003,0.3899103323896659,1,11.733716486837073,0.225,0.34229361665713454,0.377,0.4119881124112092
1051,27.464165652072115,0.05694669759772247,0.3648683020789671,0.5493115690397922,0.6103031857239868,1,1.5461111864610058,0.052000000000000005,0.07407586053126353,1,14.400634338300819,0.018000000000000002,0.07205083113164679,0.064,0.074820290768771
1052,9.681296233263971,0.008405891001939746,0.18350319433140225,0.7244508471695394,0.6283491139907352,5,0.656812641663221,0.28900000000000003,0.15810141344005307,4,2.6533181799089802,0.182,0.1170983623779017,0.256,0.14252967233480257
1053,30.089328076627545,0.0008369444086160848,0.036854230257179356,0.9160379387026644,0.9608014524379227,6,1.3641802980953088,0.023,0.00013203300719630273,6,13.381349396445183,0.008,0.00012668547016178588,0.027000000000000003,0.00013339331955838918
1054,8.882548594827902,0.045983987895314986,0.0789836686962268,0.844405005384866,0.6440912738381687,6,0.6960025935004968,0.279,0.15964183175429097,6,4.218649428960322,0.149,0.10998973294115413,0.251,0.14568187042769642
1055,25.016053500350377,0.022502433831074187,0.1372572872628251,0.9498596653986116,0.7237154315162773,7,0.19074187096378073,0.123,0.010914164497727724,7,0.7770192815509933,0.065,0.009679185339884627,0.058,0.009545346075338884
1056,11.886950226774855,0.06971945240504969,0.1432689136149901,0.6574195410910736,0.9327964341469811,5,0.16385909282742522,0.336,0.13452262838912063,5,0.7816958073311274,0.211,0.08409944887939771,0.193,0.07956278967313182
1057,15.813303911546159,0.1170102877128071,0.8485634983324476,0.9943500905637502,0.6768455512428919,3,0.6930510789261267,0.17,0.18413264156382958,3,3.354692961302724,0.08700000000000001,0.1753064472220085,0.147,0.18137107109612285
1058,23.668485232505212,0.022671824222822445,0.06461692215793668,0.9653468506449433,0.620871932812964,1,0.09394188772331113,0.18,0.00253363423369668,4,0.34864935253636525,0.10300000000000001,0.001911393170937914,0.063,0.0016884506571791524
1059,33.343904902654295,0.010106920597737485,0.022304089315369292,0.8061599275416877,0.8576044079840608,1,0.18100626819073315,0.047,2.5922751402063238e-05,1,0.6588604388001693,0.025,2.429762348715725e-05,0.02,2.3975435294448788e-05
1060,7.382785716833751,0.01189610034173031,0.02834706899996401,0.8297584154019255,0.9812641607882658,4,0.416997675049062,0.314,0.21694815472694723,4,1.2416870025244613,0.232,0.17020444749097438,0.248,0.1778692641992169
1061,8.325235069948416,0.03487942845423796,0.06512407537242558,0.7868381954260751,0.9468943241225913,5,0.6846925950159295,0.266,0.16509875122162393,5,6.010633818769683,0.12000000000000001,0.11233296703422133,0.23700000000000002,0.1512592545245756
1062,14.762693438342835,0.014027360621836776,0.17920482717397374,0.8003907685481766,0.9534518600784883,3,0.22815193830549219,0.246,0.0620689227652193,3,0.3476832253859056,0.213,0.055701455830822644,0.14100000000000001,0.04560287107597655
1063,12.745122483419438,0.06981215211661111,0.07978532774707457,0.9481891823916102,0.7479699221320396,8,4.686531775960866,0.085,0.04056524087977248,8,44.11237125348963,0.030000000000000002,0.034945785363986515,0.165,0.05176545909311203
1064,3.4462779213401524,0.023950052464683874,0.026540527269585862,0.6101487377384281,0.8179678138951372,8,0.27243410474217145,0.401,0.4044824005264366,8,0.7292857736461142,0.37,0.36074921001781,0.355,0.34567215448991245
1065,39.333135809256106,0.008033000619398833,0.03762773511643091,0.5872065963951485,0.9641354223800873,4,0.6247590410144155,0.017,7.770751727831371e-05,4,4.952455376019157,0.006,7.599612319519888e-05,0.013000000000000001,7.714567616601276e-05
1066,18.689916581226736,0.046679899943792534,0.5019515707281561,0.7720786820031506,0.7667829865172436,7,0.4270308716291222,0.171,0.12130106206443292,7,2.5256621740168486,0.08,0.11308155164581299,0.121,0.1164217782765867
1067,14.394333012598867,0.028846756053173175,0.10315583784662244,0.8760303938365851,0.8636298958963067,4,0.8354940323293427,0.149,0.03324844585218212,4,4.542765418578345,0.07100000000000001,0.026060722829457955,0.138,0.032078969609186464
1068,24.22511184784775,0.11899429000711279,0.8932206661584607,0.7726958576870814,0.788687749218759,7,0.3622274255292902,0.108,0.17162849275408937,7,3.6076928861041315,0.037000000000000005,0.1671815097534915,0.069,0.16902022654112586
1069,3.3507463282043237,0.14590419468958774,0.8146617654078115,0.733418198174664,0.9151501313112274,4,0.16223193958730012,0.424,0.43541411754676657,1,0.4597871976017559,0.397,0.4017928754061322,0.361,0.3735467218265349
1070,13.196653461047147,0.0015350592872400946,0.006959407368351126,0.8371906078598704,0.7206214552832162,3,0.5846058432477488,0.199,0.043058633789286344,4,3.370626877846964,0.097,0.02915255772416392,0.162,0.037006535236225796
1071,12.103994565236851,0.01357033939732642,0.9973965065353911,0.842899200270178,0.6534891125820621,1,2.2638827756224056,0.153,0.2007259090206773,1,19.129070552699613,0.061,0.18982753861851573,0.20800000000000002,0.2095958772946579
1072,30.374726152905296,0.07189010417945613,0.6872050797911928,0.7972869893721756,0.9746701035046358,6,0.35474756531745627,0.052000000000000005,0.13969942351695944,6,1.445268126949668,0.026000000000000002,0.1383162297424015,0.031,0.13859031373062475
1073,21.49852177853047,0.6766681539143942,0.8931865791243265,0.8386895327934362,0.779795255893172,4,1.1633621824724536,0.083,0.3025123298464059,4,4.390219342498105,0.045,0.2985103746603488,0.089,0.3031605317530798
1074,4.331020919995592,0.009399255799166456,0.02443593031214954,0.5112357369245639,0.8760575611681164,4,1.7157670471539648,0.316,0.29359635776116666,4,14.075465811973896,0.168,0.22039759717867363,0.34800000000000003,0.3202848317180358
1075,24.412882928026633,0.05275309466236755,0.7480261941193946,0.6703468295768156,0.808658624216315,7,0.8738505545550685,0.076,0.14864794273865112,7,4.708903240504071,0.034,0.14639387637148568,0.07100000000000001,0.14838911517015277
1076,19.474206792630152,0.05187871947887491,0.7110769345780628,0.529397427825111,0.6029972725204973,4,0.3295699720269139,0.223,0.15845918258411879,4,2.1844691559620073,0.10400000000000001,0.1480654263599598,0.14500000000000002,0.15119212136437182
1077,12.233461313431226,0.053229873205290025,0.0642664794843017,0.9408844006169305,0.9159883255177442,8,0.1594919918282547,0.296,0.09294673276042853,1,0.4176185409226142,0.219,0.06682275093114076,0.158,0.05362623877539979
1078,26.86545538983865,0.0231410014529283,0.029013741966108748,0.6771538298443638,0.6372536305624558,1,1.975350215186281,0.036000000000000004,0.0002268854807090659,1,9.686370809636175,0.016,0.00021298773568692586,0.05,0.0002377845113260002
1079,32.39384447672512,0.0982247493671453,0.12589151371769317,0.6450568976092711,0.920005252955195,4,0.2412029376135428,0.056,0.009398299560461343,4,0.7481290699420969,0.033,0.00899810552254679,0.028,0.008929221160897782
1080,29.883775156219027,0.8532992580783318,0.866558243715648,0.5741927559350833,0.6792152976923258,5,0.24322911383813606,0.089,0.320542847576958,5,0.9166270159138801,0.048,0.3165262530574186,0.046,0.31634442630556336
1081,5.986512738921052,0.4390341898132724,0.9067950423892528,0.6529166773954309,0.7921237829931521,1,0.4226756169538607,0.41000000000000003,0.38662225331647226,1,2.970040756081174,0.27,0.329345987676376,0.356,0.3581603280045582
1082,11.12253210460073,0.021354227020414944,0.33431686578280745,0.8065205533007692,0.6681709775583372,1,0.17327377172115135,0.363,0.20241352632682236,1,0.36893782851849594,0.305,0.16865218841548468,0.225,0.13912737451326515
1083,7.028536245439025,0.07853212644465075,0.18539163447213577,0.7848935843473412,0.9524157477145458,3,0.7333894828164789,0.294,0.22316658442815196,3,5.502475683286639,0.149,0.16336297541833417,0.27,0.21020992362547053
1084,34.95050813285653,0.1236435810902536,0.2753253465037445,0.7867663686933462,0.7162840685286344,4,4.302449873066883,0.011,0.04973273312093529,4,35.13609940565374,0.004,0.04936860987285585,0.022000000000000002,0.050340934697300055
1085,32.693701477767085,0.1302591814139095,0.25604856274581705,0.7648319454259425,0.8608137086307652,4,0.7015410072261513,0.031,0.04603663909252956,4,3.0396480578376655,0.015,0.0451824767772501,0.026000000000000002,0.045767795356342816
1086,8.63195688604937,0.025724731374097743,0.04002093370895092,0.949808331655541,0.8301007765314673,3,1.1445027313391527,0.216,0.13357764451524543,7,8.545596878167991,0.096,0.0985320978475471,0.226,0.13756465613984983
1087,24.674571936730715,0.043093151017450905,0.9685378803921503,0.5086155073609667,0.6888490008445217,2,1.1434438578873072,0.08,0.16961534564467948,2,6.268243579416193,0.036000000000000004,0.1676237885230807,0.084,0.16985636816387858
1088,16.663654835011116,0.9346205317444274,0.9838918840001267,0.7370472455376764,0.8111975106002909,6,0.23552612477835105,0.261,0.359427164071648,6,0.664798645146395,0.178,0.3480710488660538,0.151,0.34489742081174357
1089,15.428608022748744,0.0663214199869823,0.10739024255851405,0.7409998640450419,0.706768156764663,2,0.28821385176213876,0.24000000000000002,0.041157896950090644,2,1.566460335753763,0.124,0.027172955015806827,0.149,0.029493709515231226
1090,5.382528684429795,0.038139025196277834,0.1385551549843834,0.6783610090397497,0.7812069426287731,7,0.3711992988824499,0.38,0.3304349208565255,7,1.3685366725050443,0.302,0.26249667696729445,0.324,0.2775386916105581
1091,37.79191085556009,0.00289656452181242,0.005876732855434596,0.8309443746547192,0.9841325188744362,5,1.6541765807410818,0.008,8.198345414489605e-07,5,13.609606435730981,0.003,8.050180528296202e-07,0.010000000000000002,8.264405722546719e-07
1092,34.08404982980135,0.05092254814678058,0.07929743570819452,0.9011650442283395,0.6837389018402025,8,0.20226589746076173,0.05,0.0016469195006106885,8,0.8873757050424016,0.024,0.001562806452077653,0.023,0.001558490626600656
1093,25.78690182769187,0.03799741453194572,0.04382009462191099,0.7806862262506988,0.7968693761175717,7,0.26215014051344226,0.092,0.0007821655558953311,7,0.9503375699668545,0.05,0.000684440886816351,0.049,0.0006819139712973543
1094,25.96995389911799,0.013407696348634077,0.035401676880345734,0.8138558608561873,0.9895624894269553,5,0.18464797074150938,0.09,0.0003825088210714922,5,0.36073613101750324,0.066,0.0003505203724379624,0.041,0.00032120895017767603
1095,13.112902752123732,0.03198797293379753,0.03901589297787977,0.61770280019033,0.8510538887638395,7,0.7414533087613606,0.195,0.04550364334058449,7,4.444296354349822,0.093,0.03139395437039122,0.17400000000000002,0.04187420060065286
1096,12.059425867093454,0.004937469291612496,0.19640536333858288,0.8815531347933545,0.6458103312845601,1,1.060070680921049,0.194,0.08527492746233803,1,3.706361218722274,0.117,0.07048231789571355,0.198,0.08626701238422463
1097,2.037587935993887,0.8153463458172553,0.9396160927414035,0.7387308053439676,0.9229669162426699,3,0.9820194207094817,0.404,0.42720139608017776,3,3.5393619883980265,0.331,0.3961452144606843,0.403,0.42675061131605047
1098,1.7150026923419708,0.02233442659162757,0.05110116560130561,0.9740294537592216,0.9790077282705401,8,0.18336037853401685,0.399,0.4334980182738801,8,0.3557349327880763,0.386,0.4117493994294241,0.34800000000000003,0.3713684338710268
1099,29.945744557555496,0.04795563740691565,0.06788314711465379,0.9642076003954497,0.9348252923734086,7,1.6432643338004713,0.023,0.0011126137348974052,7,11.705168060149836,0.009000000000000001,0.0010789245887276588,0.029,0.0011282154077849327
1100,28.487397722512902,0.07696977280488028,0.08669506840079177,0.5947935546828333,0.9353819990400992,7,0.448321648994603,0.064,0.0036339515829942326,7,2.0733658625715923,0.031,0.0033796779134031285,0.044000000000000004,0.0034743919748692342
1101,18.090243815148092,0.022474165912464497,0.03314765098218486,0.9533971282456432,0.8731444377485788,8,0.16941757531045054,0.186,0.008626365824442123,8,0.5014233221933833,0.11800000000000001,0.006331815691458992,0.08700000000000001,0.005568722283970845
1102,21.762219900982487,0.043123214711976686,0.3238264163073845,0.8631740770485269,0.9965303001728396,8,0.3346976462778467,0.123,0.06851811334767402,8,1.7923768233559108,0.057,0.06394601650589751,0.075,0.06510094777186104
1103,4.181377024547103,0.05869626994654953,0.07277301915282113,0.9364307608748991,0.8125838502489362,8,5.930801195072798,0.194,0.2352458934649489,8,55.32481151287547,0.077,0.19884221411065756,0.32,0.3010449277330828
1104,12.037506400070539,0.0042003326923998165,0.08472226032798508,0.8401093967200403,0.8548882228397124,1,0.24376786866342354,0.28,0.08997739585593845,1,0.9553917129794991,0.17600000000000002,0.05989729634163796,0.17300000000000001,0.059272658427370645
1105,25.574092727241037,0.1434819497259072,0.5676708792141522,0.9910209495632527,0.7311106655829518,1,0.4433043123827222,0.08,0.13257653311867518,1,1.2818504855543738,0.049,0.1300711102221611,0.055,0.13054029588981525
1106,11.512730631649706,0.059563487060529635,0.07053977986373074,0.5008510436546579,0.7243234000724939,5,1.246385422837317,0.216,0.0787886148995951,5,6.2284115352268445,0.114,0.05697831705170586,0.232,0.08380904036832032
1107,24.889722997484572,0.12230039090031215,0.6531087098621429,0.7042968688105553,0.9635159957626701,5,0.6797531917647021,0.07300000000000001,0.14216821048870967,5,2.780321337293636,0.037000000000000005,0.13971540719606373,0.061,0.14131178570472705
1108,23.531463202774827,0.02793509773697096,0.04801829925522274,0.5033446931104634,0.8311167159081463,6,0.28873175076737956,0.127,0.0014356328797063278,8,1.0589306043007276,0.07100000000000001,0.0011663579998205942,0.07300000000000001,0.0011740573998885173
1109,24.264856706111217,0.1686708209362728,0.18141285365135618,0.6069819441714578,0.9934816552116764,5,3.235956452321569,0.039,0.034887427792843206,5,32.163290029939006,0.013000000000000001,0.033548479453452296,0.068,0.03652607686170806
1110,9.729536543215968,0.8523577067894731,0.9770392307287337,0.6636062432329564,0.8802706860169885,7,2.3653597544419696,0.211,0.3499668376734454,7,14.659434702094646,0.1,0.33613400416229877,0.28200000000000003,0.36180950859228994
1111,13.937307514139732,0.05071414490520891,0.06065462975796629,0.5514670719098,0.9165842603762594,7,0.4141404988830972,0.231,0.04570430196747785,7,1.1968263798561678,0.155,0.033630805017406507,0.166,0.03511152357771749
1112,37.33928292068996,0.001080204596726705,0.07350783319472812,0.680888351365699,0.9927880376418362,4,0.1792141263020984,0.035,0.0009793849541415434,4,0.8422697696519769,0.017,0.0009435045388553887,0.015,0.0009410381150332103
1113,21.48399847745496,0.022420991430873113,0.031264046344570175,0.8720078918018197,0.7349161854943123,6,0.19689968386472517,0.14400000000000002,0.00205132280317466,6,0.781429231155299,0.078,0.0015449399636088823,0.069,0.0014943448156765349
1114,7.223783247907084,0.007989751388739611,0.04056739353242332,0.8490301094873077,0.9216635021495471,8,0.2800380587955894,0.34600000000000003,0.2481398943209308,2,1.3540085746981627,0.232,0.17446965916793508,0.255,0.1854316182342866
1115,10.318614736552556,0.10128742837378737,0.9145990824543817,0.959605748582642,0.9135115073704404,1,0.22376342086096354,0.326,0.26453782788443553,6,0.7109089923954894,0.234,0.23388725425229728,0.20800000000000002,0.22766712831484104
1116,18.542232367732904,0.06862715052554474,0.1689985465688555,0.6088362888754123,0.7085012154672327,6,1.9608182562152858,0.098,0.026558713999256994,6,16.926776756513828,0.036000000000000004,0.02343662491495843,0.132,0.02863916593650065
1117,24.399574671154966,0.044306106844793684,0.09826458819741478,0.7635177020708176,0.6268880605091641,4,0.8651592655328252,0.075,0.00451204186918247,6,6.749254578094474,0.028,0.004047221147457425,0.07,0.004458733768160583
1118,8.72177528241619,0.06870865825403173,0.41974540946724404,0.7394840022431937,0.6396588896907494,7,0.44319885779716023,0.34500000000000003,0.24890353165633755,7,3.1792883052307657,0.194,0.18322300880659717,0.28300000000000003,0.2149929392767613
1119,26.812044874104245,0.024468629183823913,0.06852993415752323,0.8566024360540142,0.6257212898799064,7,0.49978119890300904,0.07100000000000001,0.0012840495113925487,7,2.956313303765366,0.030000000000000002,0.0011595353694949795,0.051000000000000004,0.001220293098621067
1120,23.81355438970999,0.018497440274927914,0.026100672589941094,0.8390213102162288,0.6690215385159822,7,0.2072694990797741,0.11900000000000001,0.0007089656315903414,7,1.0533736856564764,0.056,0.0005472567167733033,0.058,0.0005502374468917826
1121,7.512168524871751,0.0016819685509337366,0.8293884581071842,0.9064097104530322,0.8013227238713924,8,0.8021568946277171,0.29,0.27648691712860474,8,3.1807167844414344,0.186,0.24296374707856722,0.273,0.269685869331773
1122,30.34165732122059,0.01965977123851587,0.19858206515975238,0.5373792435834328,0.94751312339701,3,2.172324224047428,0.027000000000000003,0.022201418348382157,3,20.658403560523016,0.009000000000000001,0.021688856559812925,0.039,0.022568565628090204
1123,28.32332947458897,0.0037955659314108958,0.6050390910264739,0.9088413020655368,0.6574664535142507,2,0.4277704710972023,0.067,0.12722150212876046,2,2.6853687282224445,0.028,0.1250071419272006,0.045,0.12594472254747985
1124,18.93217825652396,0.05863782325758753,0.1230725362976031,0.8431886759851408,0.8574625216855882,1,0.31748611594593174,0.16,0.017728573917939833,6,1.753115450365045,0.076,0.014012527566006155,0.098,0.014831385234515992
1125,12.822760096984654,0.029136760865690406,0.06143315590616124,0.5175364686171455,0.7363239989950248,6,0.43465938474326515,0.269,0.06974349065879987,6,2.6284990925605465,0.139,0.04157681992732015,0.203,0.052594863526092495
1126,38.341818056067154,0.022889635596721088,0.1918075949602009,0.5446594287429476,0.8320592614011824,1,1.8616208557877079,0.012,0.01970871639833513,1,13.116496173608569,0.005,0.019512490139682398,0.017,0.01982448723565486
1127,25.192342347843695,0.017152494806419203,0.028915131187581187,0.5312504179291802,0.8904642956942954,2,0.5921316955417812,0.07,0.0003790227015386116,2,4.382977904378212,0.027000000000000003,0.0003231882639930239,0.055,0.00035760013552157965
1128,8.55326572279292,0.019450151321782513,0.15904160412922885,0.5354371621449943,0.8340864360666003,8,1.938797188629834,0.226,0.15050702727927398,8,12.480793933474722,0.109,0.11523880183423929,0.277,0.17364186584808183
1129,29.818659515137707,0.010206523026345666,0.08910714753806122,0.5005057060321788,0.9465802648924783,7,0.4774165913332991,0.059000000000000004,0.002250998514888386,7,1.5151233715978052,0.034,0.0021363483133558236,0.041,0.0021695053402620013
1130,17.591888075248516,0.0028554752476037558,0.020585901615983292,0.6555380882260146,0.6964688695083396,8,0.33912489117263384,0.185,0.009406602714554652,8,0.9964528612302036,0.11800000000000001,0.006879897151075232,0.11800000000000001,0.006874432802214142
1131,23.48994938889465,0.014434291072152852,0.024113463234712407,0.6158782913076798,0.8510063812885685,7,1.3147456736843521,0.054,0.000562376799495834,7,10.9926024937549,0.019000000000000003,0.0004932870149123303,0.061,0.0005791573983575382
1132,27.89905263976924,0.1471517206072141,0.6042391513613227,0.9428542581290267,0.7978507389835771,8,1.139397843709389,0.039,0.13590306817114617,8,9.279615765849726,0.014000000000000002,0.1341221041836753,0.042,0.13608927412389998
1133,2.842981137126269,0.5247585390036429,0.6499354600382599,0.6567382049013837,0.9742341979690983,5,0.2355870401612974,0.432,0.4400905485707842,5,0.7298475623691225,0.399,0.4067894931058966,0.385,0.3966100552787654
1134,30.919762764198136,0.011072510011691166,0.07838695991686497,0.959725450446902,0.804620708899799,6,0.32467535761477395,0.05,0.0014030644418347449,6,1.1289534588918955,0.027000000000000003,0.0013380765548828832,0.029,0.0013426515917403237
1135,27.594935059381783,0.0009286267550133564,0.16781543685197292,0.5701613807037995,0.8035672168014306,6,0.06446041580661341,0.183,0.019578236781431557,6,0.144368372014181,0.131,0.017570381018506304,0.054,0.015342626976950768
1136,11.476030784877407,0.02607002288110135,0.02825424449289147,0.9955347079567616,0.62527791527799,8,0.27365925818993886,0.28900000000000003,0.10088887154468462,8,1.1466250935853743,0.18,0.0648848771675804,0.189,0.06711518868933367
1137,10.968377266998507,0.007221479706650279,0.3608015390916305,0.7566900990017965,0.9091753670012271,8,1.5408447962418839,0.179,0.13446194492513408,8,7.050185846649719,0.095,0.11797279494038221,0.21,0.14224326261081663
1138,8.119317157482838,0.00845433676171666,0.1398414113675423,0.8467849828273242,0.7316484504418276,4,1.9911386312500436,0.20600000000000002,0.15016714074911972,4,19.846931731789176,0.08,0.11426831287733347,0.259,0.17216739712564869
1139,28.613997448978168,0.1840725505283718,0.21671412552749889,0.6615268036362905,0.7570393570094857,2,3.078704722967101,0.027000000000000003,0.045980951270888526,2,21.24394833070932,0.011,0.04499098987344774,0.047,0.04721890396807227
1140,34.539529381483085,0.03104639692271367,0.07734650910557823,0.9464315179867824,0.7505472179307785,6,2.7168531562243157,0.012,0.0011980710622382928,6,24.92370198955207,0.004,0.0011791049182324764,0.02,0.0012167591393319466
1141,37.065794281161395,0.004611098358434156,0.010243558054226349,0.8245664426779941,0.6668234797032883,7,0.8798786867901384,0.015,2.0861151681372814e-06,7,3.810863264681266,0.007,2.0348578170237275e-06,0.014000000000000002,2.0799247407998767e-06
1142,22.137572778283882,0.019844780274627286,0.06331388136402473,0.9238072478776804,0.9700513966055864,5,0.23062784794641633,0.117,0.002645083077385091,5,0.5247328206338191,0.081,0.0023330965674724924,0.060000000000000005,0.0021798340957274176
1143,27.257216520821288,0.04023721420647842,0.04983353314397614,0.7845657701263886,0.8374041368671818,1,0.23379356975607613,0.084,0.0007501786399465304,1,1.3585380542420211,0.037000000000000005,0.0006544312882643677,0.043000000000000003,0.000664936230077795
1144,0.827518459692218,0.9975697528636933,0.9999256872791372,0.8958837416429025,0.9293852499134486,1,0.5940784458639438,0.423,0.45218339906522165,1,2.3446797320549573,0.369,0.4228275045085988,0.40700000000000003,0.441508491079047
1145,15.57976218854219,0.05687636013010325,0.07642663695150179,0.9379391443524339,0.9259252017018986,6,0.4612379707569453,0.16,0.023989283359034552,6,2.2550632486902167,0.08,0.018240477140448408,0.116,0.020465554629634536
1146,34.957181949729105,0.14900080993617992,0.8813195959021785,0.9482055259653451,0.9325326405117099,2,0.1067601492567009,0.052000000000000005,0.17096507853563692,2,0.16489726847649397,0.042,0.17035137817269194,0.018000000000000002,0.16886320013035638
1147,10.486648287119724,0.01553146508088372,0.02929069876052209,0.9195047052942643,0.7517821332199826,3,3.411951808962911,0.123,0.06876926473053019,3,25.467211039620306,0.049,0.056403061204520266,0.199,0.08733586098772575
1148,34.209885679005865,0.008004225459805359,0.019877201211867142,0.7151694628872302,0.8127478978612941,4,0.8508121328690168,0.022000000000000002,1.5286748654697035e-05,4,3.5819228787176063,0.011,1.4810021326167044e-05,0.02,1.5213450734963274e-05
1149,36.88195543094257,0.03772785552046854,0.050573248463660715,0.7075884413378141,0.8097654304930454,2,5.855865940546081,0.007,0.0003180043275536615,2,57.50542073048035,0.002,0.00031486697984944856,0.017,0.0003247004733829828
1150,35.537731925717864,0.048419234609708366,0.050319381187574855,0.6315058513771523,0.6280707855873943,4,0.41931890977308905,0.037000000000000005,0.00047588575387397247,4,2.961070181040828,0.014000000000000002,0.00045343376270706726,0.024,0.0004630339834476027
1151,23.26764036629394,0.09003267356036705,0.598001201972257,0.5709922131312342,0.8962171167457649,6,0.1263392042143809,0.197,0.14054899257638523,6,0.2210766910604816,0.158,0.13677131959360966,0.082,0.1306842077805068
1152,10.016270753838135,0.1423000359562635,0.595627724133281,0.6721735881823379,0.9976161168098954,5,0.8797399896397117,0.248,0.21695709380633182,1,4.061745824925072,0.14,0.19069345313777847,0.23800000000000002,0.2139024209104586
1153,22.569590675335544,0.017566484638941535,0.07271420033794203,0.541460795817294,0.8307027746885104,1,0.10216124889558773,0.214,0.004352406815573556,1,0.21490649475961787,0.159,0.003486629985726075,0.081,0.0026732498369816393
1154,3.20220371801284,0.061786794647175534,0.24964739976783107,0.7436395764297381,0.9547966765199941,6,5.2544772091255325,0.234,0.2811329982470755,6,44.35839431768853,0.10400000000000001,0.23905825144325452,0.34600000000000003,0.34456149103384304
1155,37.92559600345635,0.05877179731878599,0.39771121530573467,0.9629830417673966,0.8885640066351983,8,0.18784351746515696,0.029,0.0812163614872562,8,0.40563856084163147,0.02,0.08069587639410508,0.013000000000000001,0.08029530219885558
1156,15.972728904186784,0.23066143648531742,0.7856010142000951,0.5552758803055297,0.7155609980978425,8,1.5539741842749373,0.155,0.2050185627774961,8,6.369968363294749,0.084,0.1957685902427948,0.184,0.20962654198395742
1157,21.2353268145024,0.05479828088485335,0.4555426538503823,0.9981613220271549,0.8644575432612295,7,1.0543452608122525,0.078,0.10098206242842628,7,7.693673455909556,0.030000000000000002,0.09777092980943258,0.08,0.10112046204532399
1158,2.0003764621879627,0.20820142904146605,0.8855960973814057,0.8337678414149311,0.6120113877502432,6,1.4282101000853729,0.377,0.40318996145155195,6,8.791695838999287,0.264,0.34919440558658466,0.391,0.41453902854611724
1159,6.247216203062824,0.02211678283379658,0.12401293277242426,0.971930085428541,0.6263371670941411,5,0.8723476811724172,0.307,0.244031079367867,5,3.0172271479842987,0.214,0.19555172147489802,0.297,0.23756029609173887
1160,25.586510735639113,0.02731296471766853,0.05083540269734928,0.5781882377949785,0.869017198500233,6,0.7779308991848488,0.063,0.0007800531819263379,6,5.2219771549654554,0.025,0.0006974817689995583,0.056,0.0007633983245035614
1161,15.602290838825953,0.07496830225298169,0.7579001260991216,0.8458065073431464,0.8734191216340745,1,0.07646343848825807,0.339,0.20156141975784014,1,0.10501026813803116,0.313,0.1941125315925866,0.14400000000000002,0.1661200610616625
1162,22.78600721294433,0.0018210446727178707,0.023187557353407714,0.5659332284588633,0.8018997049736281,6,1.5097668223388505,0.057,0.0006929168843115563,6,14.769175756772354,0.019000000000000003,0.000596618527019338,0.07,0.0007286661306002973
1163,13.684641806120192,0.042286286289969444,0.17998859699315048,0.6645422410993276,0.7135364011405992,3,0.17359200516413917,0.326,0.10242408882016901,5,0.6146668130554555,0.223,0.06963052151601207,0.186,0.06248901814858479
1164,34.457420920880764,0.029010698964749046,0.030888896359105987,0.6015039417356278,0.6377437126188349,7,0.46868668636373206,0.038,8.84725043305834e-05,3,2.8738571771462853,0.016,8.380560599846598e-05,0.026000000000000002,8.596574452651717e-05
1165,38.95873572912498,0.0028340688953082424,0.12012491537107901,0.5419977741449046,0.6316581975500758,4,1.2279098911630744,0.016,0.005078931068222325,4,7.267903094875361,0.007,0.00499904319432154,0.018000000000000002,0.005093760432163141
1166,16.734675715660103,0.07964937511174239,0.41561707367312883,0.5131295690223535,0.6562484636586737,8,1.1446971306720284,0.17,0.10994832528793919,8,6.853545031226759,0.079,0.09986144211237002,0.179,0.11118707201025349
1167,2.789043793218786,0.3329630842923623,0.9318750086125924,0.6428944073165265,0.7460615870522691,2,1.3951617278456547,0.379,0.39709546071360763,2,7.645458539978921,0.266,0.34848948593600143,0.394,0.40771976306558044
1168,9.581079844939534,0.07778951691804098,0.5297875825546657,0.9710913673487338,0.749036031304518,2,3.55274433619584,0.146,0.17844048918454747,2,33.61762578707567,0.054,0.16176434680295257,0.234,0.20106445881865903
1169,14.395090325451443,0.0024212859358941382,0.03160055735651083,0.6182279577183618,0.7835901327611272,8,0.7518240893240415,0.177,0.02795321218456176,8,5.805593297116579,0.074,0.01875680435109678,0.158,0.025810754325603924
1170,6.651596913696238,0.02644588291979278,0.07339690996317025,0.6397610204992414,0.8191276971265466,4,0.6186690067928788,0.332,0.25058951276598473,4,3.726269655629845,0.2,0.1768519319480246,0.298,0.22595745276838444
1171,18.29709548385346,0.00990867700815566,0.010486682529067762,0.5644966665699539,0.7992416395337818,6,0.2644780427292664,0.191,0.007335832939350695,6,0.7571851068183275,0.124,0.005274062624501641,0.11,0.004950183027983057
1172,27.636277901156884,0.05123447882755582,0.10706721599447325,0.6004023180724049,0.86940153702257,3,3.127430399823082,0.029,0.004411607999168093,3,24.913677552877676,0.010000000000000002,0.004258405080351357,0.05,0.0046023852975189405
1173,16.181549386741754,0.1548205229304917,0.22799236810334433,0.6940604783003226,0.6748509993933078,2,0.49288880508899213,0.213,0.0813926153396636,2,4.739767845453359,0.083,0.06310501220015058,0.162,0.07294966734902311
1174,16.680639280107457,0.6366457790639669,0.642753104341583,0.7761316821205505,0.993700854253258,6,0.6239069644842294,0.164,0.28109782744492695,6,2.8201887828265035,0.08600000000000001,0.2701909167573101,0.135,0.2767765126731043
1175,9.359671961445121,0.0112342286609452,0.019264182758549585,0.9995457663601492,0.6525440223708597,1,0.20393484330975173,0.34500000000000003,0.1891175763530247,1,1.0988001948890451,0.218,0.11674324652478965,0.225,0.11940907119014205
1176,5.369712997480582,0.04760361702489201,0.8335576550637978,0.800606871878977,0.7501182221576267,7,0.19921513165247007,0.41400000000000003,0.39332726444198657,7,0.5754007757284466,0.366,0.34942326738799157,0.331,0.32767562471045586
1177,27.913912883271568,0.053039275580839894,0.10863579507316522,0.8324793175774472,0.7806507980161784,7,0.22438937211647003,0.08800000000000001,0.005199108161759752,7,0.6762685792943074,0.053000000000000005,0.00481928520991326,0.044000000000000004,0.004732373479697072
1178,27.452794378927983,0.07328008427644214,0.2095150250499237,0.6818883610874359,0.8711748735818202,7,4.482234031692294,0.024,0.026651183659366667,7,38.368557913575366,0.008,0.026117425093107133,0.049,0.027584276327327406
1179,20.412996405320584,0.18991970793655547,0.19775406108252622,0.5221400120091524,0.9013134066377793,4,1.7805693750025788,0.08600000000000001,0.05211088500256206,4,13.56691151290041,0.033,0.04801500147000437,0.112,0.054386036141108623
1180,8.048272497129114,0.0315038482366775,0.07369677898019565,0.5919303486324345,0.767720070194878,1,0.2519412792203079,0.375,0.2567435168148722,4,0.9092157904064436,0.28800000000000003,0.18460162740618158,0.281,0.18037058805576672
1181,4.529876710928415,0.16620626940078598,0.325563537928589,0.5273990104617792,0.8781106631757007,2,0.17376747362559392,0.423,0.41009413825502516,1,0.4105708216179398,0.399,0.3735730963767523,0.357,0.3319253465794403
1182,3.217614260480298,0.028655921807751287,0.05021381495845261,0.5481189529038415,0.7242907606818012,1,0.14424092866741448,0.41400000000000003,0.43897390893867155,1,0.1967304752706014,0.41000000000000003,0.42963629575353707,0.369,0.36411018064974454
1183,34.77676396817975,0.18617829013283896,0.882011070455631,0.6898708649071433,0.8527484161545771,6,0.492288043722982,0.031,0.17832863579372624,6,2.066860101477872,0.015,0.1772486137270031,0.022000000000000002,0.17769775785846714
1184,20.208596704026856,0.0031859063841088065,0.042346235494670335,0.5428696226933097,0.6708464049750057,6,0.6619847946113593,0.123,0.0031371535288355346,6,5.494482342834728,0.047,0.0023135416675948706,0.10300000000000001,0.002877051025325733
1185,32.16059803496851,0.003230070380590466,0.008660628847508053,0.6572406225432837,0.8994729728567668,4,0.4869008989836675,0.031,9.71887090783774e-06,4,1.776156480585422,0.016,9.183583806193774e-06,0.022000000000000002,9.375562609215127e-06
1186,8.035090038738119,0.39464091102901,0.8297567934028655,0.8946950278103195,0.7142159123854211,2,0.5949682778616902,0.341,0.3283373072071781,2,3.984314495820602,0.188,0.2864004327405077,0.298,0.31359375825852065
1187,12.796185848781318,0.06351526795314373,0.0992309743476895,0.7942878142213065,0.9609515700054388,8,0.6360101539046247,0.191,0.058150117609978125,8,5.241066694502864,0.078,0.04124226885295526,0.16,0.05249199526614445
1188,15.786283239837967,0.04067144365358435,0.06085024082861481,0.7323599083815032,0.621953131064955,4,0.2279294301577246,0.254,0.03053355046098541,4,0.9215044173230996,0.151,0.019110586704709054,0.146,0.018737214398589774
1189,38.29428597759525,0.021701111766935195,0.06078585257148141,0.7626037208653109,0.7435237266552008,3,2.6090331758151284,0.009000000000000001,0.0004720154021670975,3,19.807680302552328,0.003,0.0004666107731808311,0.015,0.0004773231936437694
1190,1.112342709912555,0.018792524714778845,0.02569464544929358,0.9190149443713339,0.8150569546258163,3,0.13004021709005473,0.405,0.45730355882115936,3,0.4217223449202639,0.39,0.427176215993779,0.366,0.3973413383700257
1191,9.957989557841234,0.9080759541675771,0.930275550092977,0.5700273223680975,0.8669773861101733,7,0.45978484164696887,0.359,0.3795318341887063,7,1.511815541857103,0.256,0.3578829636577931,0.292,0.3643469865460733
1192,35.741604246513575,0.04545856710175915,0.1409745081213831,0.7842663581947955,0.7631875153157163,2,0.4227347453298578,0.030000000000000002,0.008779530482527359,6,1.308519317632123,0.017,0.008601213851017614,0.02,0.008634741719522887
1193,18.262447319282906,0.015802976980434494,0.016557055959797458,0.902524965443365,0.8834111274104856,4,0.2643015266726419,0.154,0.006316169981451875,8,1.6077864561373123,0.069,0.004369230014290709,0.08600000000000001,0.004677921394775297
1194,12.020476793632525,0.02867654910290726,0.03632714711991654,0.5925130317797104,0.8045613504974153,6,0.3574543190756661,0.279,0.0860258288866263,6,1.0706229947301098,0.194,0.06014374743954792,0.199,0.06127922230505828
1195,9.449081519159718,0.011390748098759444,0.017869990891517012,0.7918240041349061,0.6877840472091027,2,1.648396739789073,0.2,0.10834825124887401,2,15.596762292719557,0.078,0.07792276197535541,0.23700000000000002,0.12207329526499675
1196,11.155740499787228,0.3916487486454059,0.5817439933430812,0.6097472269204167,0.9874384664949201,2,2.750920358971208,0.165,0.23916637847333555,2,17.98197508065581,0.07300000000000001,0.223905950969691,0.241,0.2556122123969947
1197,27.13431840385976,0.10544841181471724,0.2142024103926378,0.5386274797948412,0.7130378962342077,4,1.9550290758644573,0.045,0.03156211212515356,4,12.77561733856027,0.018000000000000002,0.030412578908550342,0.062,0.032339100360865736
1198,4.080661839064072,0.05249723051384509,0.07540622111475972,0.998759385588372,0.9797491389547991,4,0.39597239214247676,0.36,0.3376931721322486,4,2.4587307154506144,0.241,0.25739748149994335,0.306,0.29302024274739136
1199,14.367575015325174,0.051222737093809895,0.9214047964485126,0.7662706488134763,0.905746246325139,5,0.6816210842673872,0.187,0.1886011715373685,5,2.8566689434946144,0.10400000000000001,0.1795094499696608,0.161,0.18544095534466012
1200,20.968039850320594,0.0666003150923343,0.6719386375275753,0.7158851145526397,0.7704300752635258,4,1.606935592223467,0.081,0.14106243478755792,4,9.786006232093163,0.035,0.1381589552648696,0.1,0.142381814773046
1201,15.031795633841424,0.02358487493997791,0.02890996790943289,0.8541713729208773,0.7986915929617092,5,0.7233665732341893,0.148,0.020424346929645232,5,4.716584177792017,0.065,0.01489005898271789,0.129,0.01893116710682241
1202,33.75020606684227,0.04621444618145381,0.06688545435232357,0.8668876140227839,0.8294337165441203,3,2.0721904889237392,0.015,0.0008910785773527108,3,14.445751465961523,0.006,0.0008741788453761334,0.022000000000000002,0.0009032686554773794
1203,0.45834211540612735,0.02228930404473681,0.029482731258828068,0.7471923879346911,0.6551804718459648,8,0.810115049121411,0.387,0.4331474283726599,8,2.2427941203315416,0.359,0.4000226194448049,0.383,0.4269069008851406
1204,14.253800913789737,0.007199902676659742,0.07803724015399104,0.711661286890042,0.8913295029734197,3,0.25341295583132273,0.246,0.04508226943569238,3,0.8339342299205881,0.159,0.03122168138993245,0.147,0.029941889686910667
1205,27.7369937093413,0.5766739911893465,0.8533361433437482,0.5539103570760904,0.6713909609998625,3,2.5223222599461463,0.039,0.27794102139427385,3,14.148928968735223,0.017,0.27575605779405726,0.060000000000000005,0.28017135080089206
1206,38.27037580757941,0.02968003607551427,0.043397470386121274,0.9781437364880395,0.9891973041453723,5,0.9131114129818679,0.012,0.0001652742644269456,5,4.580576663004945,0.005,0.00016304531560459856,0.011,0.00016509571583003813
1207,17.37206528731731,0.008004983577656569,0.17179997728308766,0.7926826670702926,0.7174743965741666,2,3.637254336023611,0.07200000000000001,0.02628461679642749,2,25.91700366205817,0.029,0.02412050197024601,0.129,0.029744222301741008
1208,28.320967235399273,0.046016737555724274,0.14388457995868204,0.7707929285124886,0.8138190088087849,3,0.5205239435225295,0.059000000000000004,0.010354595223900115,3,2.4267415261055705,0.028,0.009817810962814671,0.043000000000000003,0.010072110913829813
1209,31.731837936690006,0.0721971786436486,0.7559220012760206,0.5165036613907505,0.9766130101746573,2,0.21756593129094895,0.069,0.14932907129218717,2,0.51113400820677,0.046,0.1481004895396447,0.033,0.1474450148032485
1210,3.2933599783994456,0.008493998939457383,0.5099358035911051,0.5607125563762647,0.7062246909503329,2,1.3728795593577494,0.366,0.36672145589521743,2,8.055362305781342,0.25,0.3021483136545844,0.381,0.3797738460513297
1211,28.267460385186116,0.1252762643303415,0.19560431625269134,0.8522989475022554,0.6038650616634159,3,0.23998206689087287,0.093,0.030968235521176612,3,0.6174919698563454,0.060000000000000005,0.029353336223035376,0.048,0.028802293026010506
1212,16.685897818310906,0.011795488027700144,0.022080437805054108,0.9731714593069023,0.7114186100215396,8,0.2719157145948672,0.186,0.013307042267968194,4,0.4635516198481376,0.15,0.011242788644266116,0.108,0.009379623963443218
1213,14.62623366794567,0.9570506275266166,0.9745744187580435,0.539722156515387,0.6595320040547236,3,0.21476929788203222,0.359,0.37968225578127984,3,0.43438975366752763,0.295,0.3668546897149083,0.223,0.35557063573592157
1214,7.5387944204634,0.18839820351975511,0.9002841235186448,0.5674162392319217,0.7927886632928983,2,1.1957144195835583,0.306,0.2984066414711237,2,6.692437970416381,0.17400000000000002,0.2597735247565952,0.32,0.30418749234964815
1215,0.8057953812179227,0.01476892417426569,0.02467653046739469,0.5817649581060587,0.9581136375674633,3,0.4474284255430131,0.394,0.4397628140617136,3,2.44504052391569,0.34500000000000003,0.38299600256892236,0.378,0.4152792051769789
1216,9.10972059164735,0.04812437387941545,0.05168008989929727,0.634938613599624,0.7692929540247045,5,1.175810592968385,0.241,0.1342991430499067,5,4.957197899419936,0.14200000000000002,0.10138857818713926,0.254,0.13984110266798144
1217,13.807184976985209,0.007803845789320833,0.08281583746307682,0.5268106176963495,0.9770126200176309,2,1.4651462456688609,0.14400000000000002,0.0339932607653185,2,10.68852600495663,0.059000000000000004,0.02591397176796839,0.168,0.03706850218657262
1218,16.442405536780488,0.024613077242645838,0.656583847488727,0.7288715345864373,0.6165420791506577,5,0.2426923858898982,0.27,0.16407612569944707,5,0.6870888250817386,0.189,0.1524542308832922,0.164,0.14961293406337667
1219,37.26123601443655,0.026805100925805556,0.07934512344154426,0.9510292094057775,0.8112337730689472,7,0.5012518002294036,0.02,0.001273788712992524,6,3.374533785931397,0.008,0.001244024056074683,0.014000000000000002,0.0012595540968281527
1220,19.35944131036594,0.07860155968745951,0.7849277553492788,0.9570561509151664,0.9125280750927983,2,0.990334699876068,0.096,0.15813655842871627,4,3.3370946547383515,0.055,0.15543093087465001,0.095,0.15810752938827505
1221,4.634791774427204,0.0144187448668382,0.8147141721796141,0.5068906729083469,0.8290324901804804,1,0.5058529843123034,0.398,0.3856903571968163,1,1.8703581497724546,0.326,0.3341945571791074,0.365,0.35822192975053957
1222,19.998080807040417,0.00687173934060582,0.029912127228729914,0.6366587775622973,0.9455299387736178,2,2.3007843621285375,0.056,0.0022378430207882216,2,9.704125016706751,0.028,0.0020136097661340446,0.082,0.002488119154628571
1223,17.32653335132779,0.02126192803015241,0.8750718974603986,0.8285540521075162,0.6578644154756919,4,0.6690689390358239,0.165,0.17132553535326955,4,2.335755473388067,0.098,0.16625185312259677,0.14,0.16932470930264995
1224,26.939991525400018,0.02999763762666348,0.9766604590886572,0.6144672549798949,0.7909130926508796,8,1.4450361867270782,0.048,0.16843950216467607,8,8.069263362413457,0.021,0.1673034344515677,0.057,0.16883754740267626
1225,28.410952853061364,0.040792056493176826,0.16019909617976247,0.7149491112611713,0.8241288113688737,6,0.4532177843856944,0.064,0.013864576161799758,6,1.0159640713382834,0.044000000000000004,0.013402111145187162,0.044000000000000004,0.01340936994620781
1226,37.36804993676834,0.03207498035792706,0.07213280996773873,0.6987453442677641,0.7705002437184607,3,1.8526275911111934,0.013000000000000001,0.0009187072284277675,3,17.612509748227854,0.004,0.0009038788040781898,0.017,0.0009267374862329814
1227,23.22888029637413,0.044462971886480095,0.1684811608238586,0.8036755486324644,0.7719249930606049,1,0.8922650585127561,0.077,0.018026624722172757,1,4.171350192420987,0.037000000000000005,0.01682415097028625,0.07300000000000001,0.01789866808131721
1228,10.88440499609554,0.08142639916353929,0.8270371466578471,0.9708464263712616,0.6188719710131108,7,0.4361856195317084,0.292,0.23613169093691438,7,2.1165355147795823,0.17200000000000001,0.20550088402651115,0.226,0.21699739521636519
1229,0.8160709743979992,0.008447290406897555,0.19086434740676245,0.6972366066409974,0.8432712601604887,1,0.17408876020853242,0.406,0.460628632157156,6,0.6848115669409057,0.388,0.4268402370538243,0.378,0.4146359056765572
1230,20.25278729392866,0.07265585812697137,0.1451569930670612,0.7010626902198784,0.8189874930915908,1,0.15486931276961177,0.214,0.024389727779461884,1,0.3903135447741016,0.148,0.020205227285494037,0.099,0.017885070884309767
1231,20.54196860032797,0.11156502176918659,0.5038735646543905,0.5673650703336137,0.9035907540311975,8,0.6526605926354607,0.129,0.12209780659224423,8,4.497941356187272,0.054,0.11550142372335803,0.108,0.12001822283070934
1232,25.114965262458163,0.04770885273231131,0.07180019877229596,0.9733239749002096,0.9822701245669414,4,1.0856211679631935,0.044000000000000004,0.001973338741216024,4,4.961995203250453,0.021,0.0018633194330736347,0.046,0.001982313950723291
1233,30.91020058324287,0.04697292590205912,0.119913760235065,0.7298034324780216,0.9559532657466246,5,1.6818536750930684,0.024,0.005557549739570761,5,15.769379353830043,0.008,0.005404139773471622,0.031,0.005626806741377333
1234,12.063296077923779,0.018488834559648674,0.06298421748486649,0.8005496900545863,0.9795680449576926,5,0.35307467992085484,0.241,0.07352928476839751,4,1.2637790847615793,0.15,0.05249880280085101,0.165,0.05520058203544129
1235,30.724935833198852,0.029637443163109393,0.06851438708615457,0.8444414071738071,0.6135040939323012,8,3.5484430773031113,0.019000000000000003,0.0008946246217541587,8,32.63443841821116,0.006,0.0008711106821640557,0.035,0.0009268273739248545
1236,25.031606105602343,0.02594659017669695,0.0634567991910498,0.5669989412746472,0.6987161157494934,6,0.2889107914967835,0.12000000000000001,0.0015684890515728633,6,0.9890661404613464,0.068,0.0013381607919099037,0.068,0.0013367929508606435
1237,12.990019728996408,0.0005886049090486,0.11206843495033776,0.5064899142214498,0.9232877411506184,2,0.5934156674441623,0.229,0.06269688120053868,2,2.443443832289154,0.133,0.04500410184385284,0.19,0.05425328657318931
1238,34.125653340601694,0.02571081894005931,0.02657206428418438,0.7722580708898038,0.8636005898171681,3,0.19379271007606044,0.045,6.032652229162605e-05,3,0.35043651995341923,0.034,5.857523067007153e-05,0.02,5.657851068488484e-05
1239,10.631465693691775,0.5772708025586833,0.655238006024943,0.6365511452712602,0.9508951812687305,2,1.6956378224562345,0.212,0.2917027004262726,2,14.46295569612045,0.08800000000000001,0.27142111657045764,0.255,0.3007745372926818
1240,6.229447579618648,0.04691595814537679,0.8151005020904578,0.9830396762954232,0.6501707615626369,5,0.9431572361616316,0.314,0.30559910734348367,5,3.6431255183261,0.211,0.26722352608666644,0.31,0.3035189649779523
1241,8.50643852727299,0.14478369080258374,0.9612277463575303,0.5823486334333469,0.6384568341772545,5,0.1334313624165385,0.435,0.3716209960446373,5,0.22613775748441423,0.41200000000000003,0.34777493096643114,0.313,0.2884347217536731
1242,24.40422746450798,0.007982444068761576,0.009263479869679502,0.9516168631188757,0.6302966967180516,4,0.5780147115524181,0.065,0.0003144995439409992,4,3.193562922889699,0.029,0.00027012073946647286,0.05,0.0002951591301468548
1243,9.976343398824222,0.013525570699118885,0.020860804923355045,0.7728029481534435,0.7757261040232208,2,0.1272976800766074,0.371,0.19860616796683314,2,0.9028724983526514,0.227,0.10659979932178745,0.219,0.10382809326494702
1244,3.3203360807182243,0.00010076764284040918,0.09789029003185255,0.5005371874272212,0.8633375953978255,7,0.30611222147705713,0.402,0.4092667609273026,7,1.3142100628458584,0.35200000000000004,0.34475377366331955,0.365,0.35760061695400214
1245,33.32368738007044,0.14130867902232686,0.16862445902291034,0.9241676454293867,0.7767572885050137,1,0.1805961520036989,0.054,0.02409310416873514,8,0.90142957273667,0.025,0.023018131726789487,0.023,0.022975353849482155
1246,12.290092921869979,0.03513716895572704,0.14671506607489287,0.6153966460914719,0.6458630339239904,1,0.4912771676463998,0.274,0.09499076226046155,1,3.152402022892874,0.14,0.06140963966150459,0.217,0.07755135862027646
1247,21.831860181056715,0.02114798898230166,0.02819997482663498,0.5748807130753669,0.9552315477633329,1,1.539327657188307,0.059000000000000004,0.0011994659846895073,1,10.428121586292377,0.023,0.0010510519529292606,0.07200000000000001,0.0012629966745964227
1248,1.490157146801372,0.027746782663786492,0.030502578273663823,0.6013868522443798,0.9749207335781241,3,0.38598051312028975,0.395,0.4299827834860373,3,3.6425095553171545,0.308,0.34596703573435983,0.371,0.396878374450304
1249,28.529878552748105,0.02255945278679154,0.04101402063475402,0.5390639017741811,0.9332931367525069,6,5.690615451778039,0.018000000000000002,0.00025158217350679246,6,55.49120616189238,0.006,0.00024359769978735124,0.041,0.00026878901992508086
1250,30.262892925943028,0.006088922812506861,0.045936600026431476,0.9913282058103204,0.7481656545265073,6,3.055712264738432,0.017,0.00023923159719879683,6,23.696792013521357,0.006,0.00023301331811040327,0.030000000000000002,0.0002467379700680783
1251,21.319105066756684,0.04003740694241923,0.1913018582072801,0.5133664469777265,0.7734538506746972,7,0.3922796077835457,0.162,0.029797665778108384,7,1.1162651329257063,0.10300000000000001,0.026605678805409955,0.109,0.0268561432759529
1252,16.38207734050588,0.011473022987220272,0.013970434073816236,0.6393764332600026,0.8049442430871214,1,0.31040111693035166,0.203,0.01585796551813709,1,2.0189152012729163,0.093,0.009675890087279593,0.126,0.011110820262407645
1253,32.983597749899104,0.6485719799575945,0.6782042611216021,0.5074444495303382,0.7621852451355318,7,1.5477504992324227,0.027000000000000003,0.26779252778932716,7,13.113521499532355,0.009000000000000001,0.2660316370823511,0.033,0.2684485049646132
1254,10.508928149556638,0.005912086401522711,0.05700629921647917,0.9647304817636307,0.7019018580373336,3,5.439902808467693,0.101,0.06591515572873832,3,48.41657780367345,0.037000000000000005,0.05578751568862031,0.201,0.08902560203798618
1255,22.48050863927278,0.1246687506584463,0.8390753512615778,0.8055913182499295,0.6185198651471099,1,0.19109262285118808,0.181,0.17469902111002483,1,0.3242282254196273,0.146,0.17151068884241408,0.09,0.16707137464024324
1256,7.2778042656480695,0.013272496810693252,0.03892294788764921,0.8951774745061546,0.618629613489937,2,0.4066421089507306,0.34400000000000003,0.2443253585406054,2,1.9615648871180054,0.229,0.17177668804991802,0.28,0.19776364860832227
1257,6.078708518934614,0.04277178881408754,0.16207727660961124,0.8719274585194378,0.8095070443473918,4,0.44233123831790716,0.34700000000000003,0.2813463756728769,4,2.131172285187748,0.234,0.21153166510791133,0.291,0.24080748929452844
1258,32.58104817156258,0.023203918661257813,0.024163675106895776,0.7081613014763807,0.6678944023181235,8,0.8682517399358477,0.029,5.3179477576908996e-05,8,6.4011360462166955,0.011,5.0567733901663026e-05,0.027000000000000003,5.2890387742421385e-05
1259,32.55841216352009,0.07032803827451568,0.15101808741809042,0.6448003858084561,0.6851435166574957,6,2.151096464466856,0.022000000000000002,0.011389269401240798,6,14.972904645377723,0.009000000000000001,0.011146416795083519,0.032,0.011575955882229538
1260,35.48297606987666,0.009327849890088924,0.018245326356407948,0.6777041372156273,0.8014128021095807,1,0.5188309310255326,0.025,1.0551956341559032e-05,1,2.076789677826082,0.013000000000000001,1.018852461034947e-05,0.018000000000000002,1.0346938152799856e-05
1261,16.79071702478978,0.012855726533045009,0.020292352185996197,0.677286028272115,0.8672113742600298,7,0.7008499316895582,0.134,0.010035674622872054,7,4.900491252780284,0.056,0.0073246752085635025,0.115,0.009252104227524982
1262,25.865511576814413,0.007232043104833625,0.020437841596200112,0.921905258022471,0.9020981069490452,5,3.329664784355769,0.021,0.0001754229549337516,5,29.218338724689026,0.007,0.00016671028691711554,0.038,0.0001869338311348001
1263,4.961513799134102,0.8874108555897795,0.9195534200712032,0.6202711982443377,0.7054471948618766,4,1.2110886894443516,0.384,0.4013637686007808,4,6.130193919134295,0.259,0.36772560972304846,0.396,0.4062334772943331
1264,21.525010424342195,0.00831944853156759,0.02980169343334125,0.9104826326430395,0.7947952613180258,2,0.2250931472118403,0.127,0.0016963384406360749,3,0.591373763039645,0.082,0.0013970953208875536,0.065,0.0012994111503915606
1265,19.417353675417985,0.05973415445515454,0.18157582112556658,0.8013234190871239,0.8552095324142625,5,0.8859082837501472,0.106,0.027747614025797174,5,8.602614106637033,0.037000000000000005,0.024389198281112606,0.101,0.027440316260301717
1266,12.266988676431344,0.0005705793162888473,0.04604641932669616,0.7364596129204671,0.9525852202564998,2,0.5953689687984478,0.20500000000000002,0.058724957414631906,2,2.393212252300492,0.117,0.043017789951505125,0.168,0.05120527808183728
1267,26.8759604230495,0.0013148708018378462,0.024960189356177,0.5136245975343177,0.7522543390292175,2,0.3058874712829323,0.08700000000000001,0.00017916678530646712,2,1.3960471371417043,0.043000000000000003,0.00015072814459529682,0.05,0.00015493745368566625
1268,36.71015930156964,0.01412398669625358,0.6217782944505497,0.7706550089669054,0.8001069654635609,6,0.8407428534949467,0.019000000000000003,0.1271521744843455,6,4.412883480007884,0.008,0.12660847205480782,0.017,0.1270720044317676
1269,7.610646680129469,0.029057858652812546,0.04871339983069011,0.7630855357563796,0.6649987477351289,4,2.739801007824057,0.20400000000000001,0.15407540948798956,4,26.880653644393178,0.08,0.11686526610056008,0.28,0.18993614391672778
1270,2.755815392424765,0.05238220011561142,0.06397854837669253,0.704632413030977,0.7671244602829187,7,0.3609251642121937,0.395,0.40770042694002745,7,1.143093006733728,0.355,0.35871633566790273,0.361,0.36470774597788913
1271,1.6891549838714757,0.9386029059767362,0.9733117731275254,0.8029640041605592,0.7453677240361234,5,0.15388797489141348,0.449,0.4720053504000132,5,0.40125855322653714,0.437,0.4568099986753355,0.41300000000000003,0.43778030121334016
1272,33.12514995123321,0.027446700494610763,0.04443999574120023,0.6566469221746353,0.8266777282095168,5,3.7695272483413085,0.014000000000000002,0.00020553628777780775,5,36.67135825264825,0.004,0.00020135670038270992,0.026000000000000002,0.00021150673537378983
1273,0.20871811762610548,0.07781938497251756,0.18621724409592003,0.9472825879030533,0.9590864625738664,3,1.623779216431924,0.35200000000000004,0.3975281900818649,3,14.436720488795157,0.217,0.32974947158088663,0.37,0.41389947778177305
1274,22.13504691611565,0.05469753087868023,0.1471701691557673,0.5488598449908334,0.8676834995198782,2,0.20981303000529414,0.177,0.018002093444792644,8,1.2937836696114011,0.081,0.014351651898717288,0.091,0.014656819392127263
1275,5.148463255789778,0.006781810411994674,0.18674172865315788,0.8385893590852089,0.7304353143720995,8,0.1560740587402602,0.40900000000000003,0.3778428514689402,8,1.2522604856480535,0.304,0.27154882877708963,0.32,0.2820254246167805
1276,23.991616167430173,0.0034162634901043986,0.017813517165683992,0.6057410188359842,0.7184219115829193,1,0.4207404734086964,0.092,0.00045767092797538433,1,2.7769888804204816,0.038,0.00036363156857432966,0.062,0.0004009530925561944
1277,0.46168877514976225,0.01081664539519691,0.07501615182922534,0.7550408513825969,0.6438657112523761,8,4.909552323511675,0.322,0.3722125733157151,8,48.78010161617836,0.169,0.3078589701207215,0.383,0.4271916993742828
1278,30.222063364743622,0.036258896221868904,0.13928058880959981,0.7646204125994525,0.7345190549949862,2,0.17921814984183795,0.083,0.009515790392055717,2,0.5394993887924475,0.05,0.008948316845791643,0.037000000000000005,0.008752701404475732
1279,27.040919150603585,0.3238694863080455,0.9681760190488711,0.5440706289820246,0.9842989616346277,3,0.6136502772429566,0.068,0.23095886043367095,3,2.8769812278978386,0.033,0.22742994623798668,0.054,0.229532068389143
1280,31.355908687230723,0.0013729544212365285,0.20165811612771406,0.8799843035810464,0.9600391521148659,6,4.658873216146609,0.013000000000000001,0.022546622832623014,6,42.429919022344826,0.004,0.02230550128237191,0.027000000000000003,0.02297124906114259
1281,16.26523541447304,0.04427598889321723,0.07345192637286302,0.7969629513087606,0.9179601683872135,2,2.241698722428316,0.081,0.014121999429686394,2,20.558155862249738,0.028,0.011993332003894158,0.116,0.015913138539273897
1282,14.946863070766064,0.005911486810856004,0.01322750896604795,0.5608500079613528,0.7559395678247259,3,1.5529515127466815,0.131,0.01874783440348546,3,8.765580835221565,0.060000000000000005,0.014340699750142794,0.158,0.02092352007764106
1283,14.411252284865709,0.15689428205699316,0.3234302426672023,0.7701409968336524,0.7325473016336917,1,0.6462089534372814,0.20900000000000002,0.11984662337323654,1,5.634494083139082,0.085,0.09899595869326469,0.177,0.11342397385417183
1284,19.33139002047134,0.07770125263150786,0.18383341805400383,0.987050908456538,0.8997168358874486,4,0.1327722137885592,0.21,0.038182427576089945,4,0.36604636962324905,0.14,0.032229165094829454,0.09,0.029067909344185544
1285,29.06058254813699,0.013173352072365975,0.06646205604314646,0.5174288065547521,0.7188360815620196,5,0.5808471620944828,0.063,0.0009248391184915605,5,3.3297877335549546,0.027000000000000003,0.0008500097790307692,0.049,0.0008933858450312082
1286,22.627302066134327,0.058603795329886486,0.06248627858974236,0.6535085529949689,0.8719255653352262,1,0.2510095165017682,0.135,0.0036279456068201432,1,1.8803719145910116,0.054,0.002799433203800994,0.07300000000000001,0.0029584575301569993
1287,37.48281027447449,0.028153893407846048,0.04849519259077196,0.5951301944342545,0.8318904042315913,4,0.11073372580494066,0.05,0.0002510189397945395,4,0.38943127898576557,0.027000000000000003,0.00023860285290250305,0.017,0.0002335000136561849
1288,20.626856089178922,0.03611002937286076,0.1147862070693432,0.5959228376818557,0.9052057206484846,5,0.22741284047273636,0.179,0.012205618292183085,5,0.9208990624804055,0.099,0.0096426137225617,0.095,0.009552003159002537
1289,19.722285680419525,0.7228809741490111,0.7258143044531487,0.5337838381050095,0.6731561004743126,1,0.22079373892819198,0.248,0.3153685190764827,1,0.9753531730023147,0.14,0.29844953279463304,0.139,0.29825591117007155
1290,36.71877731495891,0.06095624339394236,0.10589303598478836,0.5013927697084755,0.8257107398151539,6,1.1532993057472867,0.02,0.003878784245218203,6,9.106728515966175,0.007,0.0037929686053713996,0.021,0.0038887386056523088
1291,9.070674863254554,0.08064562632697372,0.16360357067043588,0.5471085100739621,0.9539932774191675,8,2.1060072427204894,0.2,0.13470106185495795,8,17.548056638147425,0.083,0.10454544344212865,0.257,0.15635623461743417
1292,39.49418788970153,0.06803853386185846,0.17510160756104926,0.7342970853359593,0.7667517079470629,1,0.33561756496386413,0.023,0.016431097129195937,1,0.9950650677444706,0.013000000000000001,0.016211702192420296,0.013000000000000001,0.01621094494577091
1293,32.70392147773444,0.05720624978454439,0.7793915964588418,0.5484656626491015,0.9250437561319901,1,0.6136516429320777,0.038,0.14981623954299983,1,1.8898060130319232,0.022000000000000002,0.14904449091784852,0.030000000000000002,0.14942737829908792
1294,9.224628131752892,0.022658291058231524,0.027854980333660795,0.5687014398465765,0.9154096144600514,4,0.12478388740187649,0.39,0.24270465981891634,5,0.37050120197431796,0.321,0.17411946335616882,0.245,0.13126785910132532
1295,11.780366875812614,0.07880544521650897,0.1060221452948883,0.6643250031939123,0.761980478349378,3,3.548956579970769,0.125,0.06176992590287342,3,28.38312082114939,0.049,0.05087119145999364,0.20600000000000002,0.07876817059325888
1296,1.0792863732860118,0.693411136661743,0.9041275093602861,0.9750261822596551,0.6662872598644599,5,0.5084214089813583,0.424,0.4511119492671902,5,2.3553468780515128,0.371,0.41413515110444915,0.40700000000000003,0.4357746384059029
1297,26.670881606186548,0.061668458215713866,0.17557543067673834,0.609838404603282,0.9994710813186009,8,0.579405653652081,0.068,0.018605319995278174,8,2.125786382452013,0.036000000000000004,0.01770028579562588,0.052000000000000005,0.018146990319056033
1298,37.531502097749275,0.013923064220422271,0.039783208275656935,0.813126101928775,0.6160720033858319,3,0.6773921916838103,0.021,0.00010236421872839019,3,3.8821477066003016,0.009000000000000001,9.979311671109992e-05,0.017,0.00010157335833280157
1299,9.438413933219275,0.0006892982616628184,0.02816948687139023,0.8205348033329621,0.7167925395379674,7,1.3236467906026608,0.21,0.11244644575740431,7,9.105565406859268,0.097,0.08193901728071329,0.231,0.12029377321039583
1300,6.074240461714371,0.07682420345371513,0.18055794335517195,0.9314554706904671,0.718484279116381,2,0.4013174801240802,0.358,0.2925431413678196,6,1.5844445518664962,0.262,0.2275268040618935,0.297,0.24655006358145157
1301,14.509447334764753,0.09193039753761836,0.15411052384264357,0.6432033418789778,0.7262397977313867,5,0.19777693426544488,0.305,0.0823741590800646,5,0.32763712407391926,0.262,0.06959686730490128,0.17600000000000002,0.05259166776496138
1302,34.46962886278527,0.01659850057997074,0.03117397345964113,0.5758932893035966,0.9574738092128458,5,2.3451117401092607,0.014000000000000002,5.5023994602027004e-05,5,22.9290167752694,0.005,5.377056121294577e-05,0.022000000000000002,5.602867852683158e-05
1303,11.723350864585816,0.021411382070575472,0.2617387348503106,0.9011937672803115,0.7238602811075385,3,3.8944869030136813,0.115,0.09006674619623828,3,24.186613076430948,0.05,0.08051581197688953,0.198,0.1069724082810814
1304,30.6406564042635,0.07910052269278335,0.10846285836250308,0.8088954761004128,0.8811799625128652,7,0.6305290526361477,0.039,0.005406216880320475,7,4.211212336800763,0.016,0.005169152696150675,0.031,0.005325166411189186
1305,30.7527223074167,0.30251074473603723,0.38229931041918475,0.6970085230864884,0.6702111206911621,1,1.3582776876389022,0.033,0.1307160785146791,1,5.473695891884676,0.017,0.12898143284312474,0.039,0.1312925182979974
1306,13.627002161875243,0.053412092592740386,0.07886996308931651,0.8515190146434002,0.6386466628410674,4,0.6505872362989559,0.198,0.045533112996284625,4,2.5016969487263823,0.115,0.03399764660506999,0.168,0.04070666634809866
1307,28.203354491631195,0.011041938982651338,0.1724651552015275,0.9820917140085171,0.6419607598922242,1,1.9240762753633187,0.032,0.01583192801758107,1,13.27771152338701,0.012,0.015383058264230448,0.044000000000000004,0.016119908401146382
1308,27.59030743139912,0.015263045641530252,0.02410375952559998,0.9154223726779723,0.7997864630785136,7,0.5242661484720659,0.047,0.0001348825145985888,2,2.112426010022247,0.024,0.00012428858796714737,0.035,0.0001289445286786206
1309,14.695115588423912,0.028588963868591232,0.039122509669122285,0.9313365061591152,0.6770001685229194,5,5.406068781966645,0.066,0.017396497365431446,5,42.16226326227059,0.025,0.015226166517801731,0.139,0.02269901233868013
1310,20.67857188115437,0.13144307058769614,0.7974959942578579,0.6670472511792855,0.765378455796443,1,2.3713392399932443,0.07200000000000001,0.1639606119367732,1,19.112033380149033,0.027000000000000003,0.16080065778752045,0.106,0.16665218324552813
1311,7.013766257100881,0.018300124842657365,0.06611544213709786,0.5575165690782268,0.9862137408945092,3,0.7401785771241897,0.309,0.22385333479986427,3,4.6231862701798585,0.17500000000000002,0.15819690114909685,0.28700000000000003,0.209409675685777
1312,18.815313205700658,0.05300485400714588,0.14415710857724431,0.9471192346218905,0.867600192786914,4,0.6567779919506659,0.114,0.0197360552372281,4,2.3869711145168533,0.064,0.017516170022654293,0.095,0.01882055604913585
1313,6.733810157381438,0.011667617303837977,0.028238797989862136,0.6625062187810247,0.903701188819387,4,2.2137168104769427,0.226,0.18353846794506554,4,11.056367558245693,0.122,0.14692743339004782,0.28500000000000003,0.21452179399539426
1314,32.4022770318159,0.036412666475202075,0.4389037694297456,0.8420687365429315,0.7662580415321196,7,1.8937456824720895,0.02,0.09092366589484563,7,17.96579979711488,0.007,0.09017329112952391,0.027000000000000003,0.09134410929019193
1315,9.886202207362611,0.06176125793633409,0.06608509892209415,0.7135119654764475,0.713477159145671,7,2.153656974493136,0.18,0.09829049937177672,7,18.839737189984337,0.07200000000000001,0.0740383071826256,0.23600000000000002,0.11693906094169823
1316,9.837750719323829,0.0019021304156708262,0.03683073384852937,0.9477538044644643,0.8490561913574198,8,0.6361222706850933,0.234,0.11285305479124008,8,3.067186873188296,0.129,0.08183556373355233,0.201,0.10094506702706207
1317,5.989669759793885,0.0187812555301097,0.021852587088609324,0.9023312256242917,0.6592207483994749,6,0.5562605018496688,0.34,0.2737980069476276,6,2.102958276474727,0.246,0.2117168523274424,0.301,0.24333842499870706
1318,3.33840587587993,0.044984300822982444,0.18404382901881425,0.8733099091106337,0.9072826630888774,5,0.37495756896474025,0.382,0.376938899743478,5,1.005387997840666,0.335,0.3317691037047282,0.336,0.3320112831006832
1319,5.983085521731993,0.034847961823310465,0.0676872577779483,0.5263987257074364,0.8281711631564779,3,0.6882828011959686,0.34700000000000003,0.2809967991778932,2,3.165996938555967,0.24000000000000002,0.21019874305143305,0.324,0.26079624776964555
1320,11.793345720924746,0.006877138522060517,0.013884804340666126,0.652982016340867,0.602093824158778,4,0.8017491398720248,0.234,0.07260772971862803,4,4.244417528082343,0.123,0.048440910509140594,0.217,0.06776356474375347
1321,22.174067618723242,0.7034817434131047,0.9465852123548624,0.9113884384705242,0.6196402013631501,7,2.106664762414031,0.063,0.30839785088754623,7,15.539667394348934,0.024,0.30466581738878856,0.089,0.31106573147706973
1322,26.288157261960702,0.016181300691550864,0.5502815171884855,0.5848587267494382,0.7237184982853201,2,0.24273827678898502,0.124,0.12160226031058374,2,0.7886624585593619,0.07300000000000001,0.11816898938140358,0.066,0.1176927114272768
1323,19.412055660211323,0.17558965632435075,0.18182277767071597,0.5510641166991914,0.8319733647970338,1,1.0744340950292803,0.11900000000000001,0.048635248065660636,6,5.069703439403399,0.059000000000000004,0.04368871856820036,0.123,0.04898769518480492
1324,17.980778924895006,0.06219873625553536,0.9553100657060164,0.5085812346037919,0.9937154395880871,6,0.6776878759079064,0.16,0.17854437329183223,6,2.0074549870782277,0.101,0.17424516785354374,0.136,0.17671791724609182
1325,34.791041250012604,0.46630120690175714,0.5346805937633952,0.8364056931004474,0.8119654759890838,6,0.9374490272884461,0.021,0.20916367155417526,6,5.602318972195083,0.009000000000000001,0.2077998667653936,0.021,0.20909077213360916
1326,31.405423971888155,0.005076162955191841,0.01581822215972427,0.5389990901140363,0.7269918067928466,8,1.819656720189155,0.023,2.0055932969248458e-05,8,9.595279609243757,0.010000000000000002,1.9190118252160326e-05,0.030000000000000002,2.0611983367724296e-05
1327,20.949982062503018,0.1613890621350837,0.6453412872662412,0.6603703130693975,0.830169006070715,8,0.5761927655279175,0.128,0.15640739270642973,8,2.265716262223423,0.069,0.15070481659396384,0.101,0.15361006336281427
1328,19.978395524616843,0.02026684790276582,0.0665596374875004,0.8663679787344853,0.929397273547096,1,0.5794517102397957,0.099,0.004542377215879856,1,2.237372672735326,0.053000000000000005,0.003886464214736124,0.077,0.004210924603513744
1329,38.76686480717949,0.007521973092150759,0.43434606016957816,0.6674622326038356,0.9343080102531424,1,1.261867440138639,0.012,0.08920866944804548,1,8.739606606621429,0.005,0.0887995165411953,0.014000000000000002,0.08929054800260522
1330,14.355573209874727,0.07617323710294839,0.9520847079301774,0.908390195377582,0.6122008554767844,7,0.13146798621277653,0.336,0.22474180510735356,3,0.3324863313724118,0.26,0.20547729447597612,0.177,0.19232907218913145
1331,9.008424869595403,0.07111008518626842,0.44457852961795236,0.6844608052440216,0.7987602656474573,7,0.13225792659179367,0.40900000000000003,0.30071565200219896,2,0.3400891421339734,0.35000000000000003,0.25024329598344813,0.266,0.2074189005040898
1332,33.324752869063936,0.014758663633654849,0.020808332807994462,0.5623770071465649,0.6572298494433876,4,0.20789049355202996,0.059000000000000004,2.714686454266535e-05,4,0.4620789127235456,0.04,2.5617669808825072e-05,0.028,2.4671848103535732e-05
1333,27.813706525892172,0.439932206643923,0.9225576588953045,0.57024872064334,0.8024205304849222,4,0.4098060235386491,0.081,0.2604434347485573,4,1.2162248407486882,0.049,0.2568874161950291,0.054,0.25739192183046267
1334,14.488185183524589,0.08929916844896257,0.1173962415555932,0.8492335676201481,0.812488272676995,8,1.3484282920406914,0.13,0.03854125834661534,8,11.613328260402202,0.049,0.031085524150209598,0.147,0.040559500205292004
1335,19.680327471467916,0.042206465270519786,0.05477146368825834,0.7099318511099338,0.878806719351422,7,3.6053868220621124,0.049,0.0039971738576332905,7,29.723449096448505,0.017,0.003618177042017112,0.08800000000000001,0.004584849258004148
1336,38.931187150007446,0.18963687632588827,0.7844186390016898,0.6377408464068909,0.6864000670520573,5,0.135697410281116,0.042,0.17005922403619733,5,0.5609544336698206,0.021,0.16849321004071843,0.016,0.1681156427458868
1337,6.220883463231075,0.02647978928221802,0.06475878310585034,0.6124903440365473,0.633394753941191,2,0.6276644828935918,0.356,0.2833244986876043,2,2.284691177128821,0.267,0.21826923100671142,0.327,0.25739752443913444
1338,2.0654515315003636,0.04802225928211477,0.31265229168865505,0.611320227405771,0.8237944884339039,1,0.33701194882041485,0.405,0.4313761273495909,1,1.0186122342748036,0.376,0.3926594955097349,0.377,0.3933759397890323
1339,37.380258157009926,0.0240235013292196,0.0384034719538882,0.6617189562551721,0.8192355507457155,6,0.8363236038208183,0.018000000000000002,0.00010354998372041901,6,6.023506213872701,0.007,0.00010106431745218747,0.017,0.00010320802331459378
1340,10.547938804030201,0.001871903960124408,0.1659248419671198,0.8123859034109187,0.6376207370131306,3,0.2406046378754704,0.34,0.16710777115230255,3,0.7011253990839357,0.256,0.12235333406667126,0.228,0.11216154624454211
1341,23.31481134319051,0.0330173094265977,0.05710488815190558,0.6262604948755437,0.6721975505175151,7,2.3641658675910375,0.051000000000000004,0.001531357971666425,7,17.30677620200902,0.019000000000000003,0.0013945836182431004,0.076,0.0016591667754994321
1342,21.598205678827345,0.15314413226033521,0.6210799772142681,0.5671229407113351,0.659905319089405,6,0.8934194974314413,0.117,0.14906591985101103,6,8.659266782152763,0.041,0.14228313246633706,0.112,0.14850696683021491
1343,26.975882781858445,0.0407705610651615,0.06511358013299974,0.8238805338154888,0.9217526512984826,2,1.0569755843469875,0.041,0.0011838015359061649,2,4.15094342045919,0.021,0.0011271177056242643,0.042,0.0011871128526692032
1344,29.775269041760016,0.01992397534558321,0.037801348613857,0.7590424434222595,0.9648166822925689,1,1.086036913736443,0.029,0.0001717587524522335,1,7.8164882919253476,0.011,0.00016357087432639084,0.030000000000000002,0.00017232591548610454
1345,6.106221319629923,0.04511010700408993,0.1628781165100797,0.8073949453256636,0.646184360395624,6,0.6608252246545568,0.341,0.27512007119755527,6,2.652307594526325,0.24000000000000002,0.21360248678726357,0.313,0.25398534672937434
1346,32.74461737998082,0.173819101683163,0.38892670504210125,0.9254627908624594,0.6049667049232353,2,0.4753624148387248,0.041,0.0951385030787135,2,3.19359812666104,0.016,0.0931886832751661,0.028,0.09414750460261068
1347,13.379416421203361,0.08867322771828334,0.11472106338644919,0.66400033238715,0.6452987071522812,6,0.19540640738701226,0.326,0.09771602948699826,6,0.9577394286101882,0.197,0.05829818146045185,0.194,0.05768973050782095
1348,5.763653599767062,0.009866910429267675,0.03981568256546996,0.691982780715649,0.8681812843768075,7,0.5149787461193107,0.34800000000000003,0.28662086042683355,7,2.3722330087895447,0.241,0.21534056176272276,0.305,0.2518235553344457
1349,39.29767070288051,0.034843703579681015,0.5548911233299839,0.696991432195054,0.8149098938630167,2,1.0506725581982939,0.013000000000000001,0.11530341483422465,2,4.858897984612906,0.006,0.1149312533472642,0.013000000000000001,0.11532121444396887
1350,32.40472962325018,0.030689931570776117,0.05353926861054757,0.584116792816537,0.7816699858138365,1,0.6586272571016634,0.038,0.00040860846983195587,1,3.254902728501523,0.017,0.00039004737585965343,0.031,0.0004021330721967753
1351,3.348810150969974,0.022140699577994995,0.06873497355571609,0.9559898281846123,0.9449786711660769,6,0.26119328540707876,0.387,0.3840864535149399,6,0.7043273365736932,0.34500000000000003,0.3379187108739952,0.325,0.32170731269391906
1352,12.018800475866655,0.02855807343160244,0.07347758909616826,0.871561395097225,0.8517567304916939,6,1.5634492501474309,0.14200000000000002,0.05318032938732309,6,8.160892699863616,0.069,0.042678118948333565,0.17,0.058337123523780815
1353,34.428626675448655,0.6567895277921636,0.9157336792122894,0.8498740146078836,0.7063656369026109,4,0.6972085472834584,0.027000000000000003,0.295357546392956,4,3.4991937235777675,0.012,0.29398340827995384,0.023,0.29494789810044564
1354,13.652854893328541,0.026536390867120428,0.07163252064218599,0.670650765633078,0.8159746048453239,1,2.1090846127974676,0.121,0.03198518221448099,1,18.171313242595104,0.045,0.025197604179457045,0.165,0.03737683088709584
1355,18.125271356129407,0.14730710590338306,0.6626765838601548,0.5106377914476428,0.7208949713256501,4,0.427705862363499,0.216,0.17074926079364958,4,2.5445074463799364,0.10400000000000001,0.15674011257998152,0.155,0.16241757591904551
1356,24.737771229273985,0.5546025413012524,0.6322698235345527,0.8620557453297885,0.9000226890615171,1,0.7865802673878206,0.065,0.25006262138434565,1,3.9100547982577596,0.031,0.24605579736623162,0.058,0.2492388339164395
1357,15.925862090805179,0.0008217655067231732,0.3942432698343824,0.6113358801785429,0.6323156034362585,4,0.0891177283486302,0.372,0.15164544941378014,4,0.12323821320044823,0.34700000000000003,0.1411399729141255,0.18,0.10399127887525089
1358,22.964116846503433,0.02691174742634826,0.3707277932617202,0.9412486049799222,0.7048429777980363,6,0.3102886981705002,0.127,0.0813956762518952,6,1.854182390619648,0.057,0.07642606695154813,0.075,0.0776503704209962
1359,7.886827513301542,0.0035852582911868234,0.053406817233749695,0.5554013769611348,0.9006389163904485,8,0.2870181840162706,0.363,0.24717390413739646,4,0.7104254015496857,0.302,0.19585955456202309,0.276,0.18015367709877755
1360,20.045038699191817,0.004978778956423741,0.05776935537843675,0.6521370741223911,0.8974398972621993,2,0.313688067366087,0.14500000000000002,0.004491791472179402,2,0.735689456397155,0.1,0.003755280421426893,0.08700000000000001,0.0035785509628780132
1361,16.232110112876136,0.8701832804684544,0.8954744882297362,0.6537824457103134,0.8385364784947575,8,0.9121340650157177,0.17,0.3351983435950382,8,4.086282692924318,0.089,0.326049550196419,0.163,0.33442563506454726
1362,12.983336119809628,0.008059691006234054,0.02141149428987816,0.7411904502294672,0.738021554040971,5,2.20529546064924,0.125,0.034694297646942596,5,17.178326517280436,0.049,0.027043491046458312,0.17200000000000001,0.04142074687579772
1363,13.84723336391961,0.012286992252967437,0.8842412109218967,0.6834877498511941,0.6512343460497668,6,1.6894613235466767,0.163,0.18302878081522647,6,15.836843139637356,0.062,0.172831271129964,0.198,0.18779346543996203
1364,19.851795662943108,0.01752447838224249,0.03441418365069411,0.9513735422795013,0.9202118834311475,4,0.47526593031566566,0.1,0.0030571008745885475,1,2.20394473233769,0.049,0.0025019149941336027,0.07100000000000001,0.0027221961777463555
1365,21.681198202647895,0.06829462949297793,0.12346532987267748,0.7972340019876909,0.7757255740889146,1,2.003021111549112,0.060000000000000005,0.010416110293839265,1,15.286987239821153,0.023,0.009613791105946623,0.082,0.010976048414981315
1366,14.876398621920615,0.02035526582843015,0.11488579906470488,0.6625988766791917,0.7294243763075142,7,4.684931704304978,0.082,0.02556563069637985,7,40.32081830679503,0.030000000000000002,0.022177056420439822,0.16,0.032594703027947786
1367,9.0123905923114,0.027173405173560903,0.07736527981932792,0.8140946839293588,0.7891674810476079,7,0.8516511731876205,0.247,0.14017267598301553,7,5.033423494547422,0.128,0.10074123366102566,0.23500000000000001,0.13488377527873885
1368,39.91887917829575,0.07246329975982278,0.0794448318347568,0.9791769419563184,0.837879124926798,3,0.7171458284845772,0.012,0.002096328260271868,3,4.747894329146125,0.005,0.0020671402940697914,0.010000000000000002,0.0020889891572850317
1369,37.28571563225601,0.031396017795682005,0.03716516931929165,0.7603333712933115,0.9070587513381291,1,0.9003834179909543,0.016,0.00011895341194742559,1,4.896627075242112,0.007,0.00011669901441227482,0.015,0.0001187486908933999
1370,9.413399864985099,0.11961064602454324,0.8262027583198881,0.8468832736132428,0.837121487734967,1,0.10905722013946288,0.406,0.3214215184331453,1,0.3155627854630717,0.334,0.2757138637111358,0.242,0.24168769877471882
1371,38.84767428824665,0.19048812962692072,0.19735236730362976,0.5475500096231682,0.9360689663543462,6,2.343156941012766,0.010000000000000002,0.04037070971224693,6,17.901329978585306,0.004,0.04004859524132792,0.015,0.04064161311879427
1372,15.26603703899315,0.06058334073701892,0.06859601232257106,0.8362064901734632,0.6641980741878172,8,0.8100519240456768,0.156,0.025096337665579754,8,3.8607257771236703,0.079,0.0192486674015378,0.14300000000000002,0.023922522355076525
1373,21.194600782607584,0.012286674725085562,0.024532880658584295,0.5083691992720409,0.9974494696121091,4,0.6763478236556252,0.094,0.001587276949156724,4,2.0165703484507858,0.056,0.0013605514230927984,0.078,0.0014874414133642377
1374,0.05094389375291571,0.005035155515390707,0.058261484739164364,0.9796607761881979,0.8655759250815173,3,0.1679466534200188,0.4,0.4628563755484471,3,0.632532962636746,0.383,0.43225456630708403,0.372,0.41836145749103015
1375,17.34986123572469,0.016337976285678325,0.027726824466088512,0.9844487944706939,0.8203941805782511,7,0.39786201027331625,0.14100000000000001,0.008735920165513777,7,0.5982190182008115,0.11900000000000001,0.007916445230115837,0.095,0.0071643136021150855
1376,34.79453057380362,0.18020269657699786,0.18360806934811125,0.8209162936547628,0.7918997710549763,4,0.14607334107227118,0.053000000000000005,0.03652713215102907,1,0.3545793175787988,0.035,0.03555968721816902,0.021,0.03487563896567389
1377,32.20742956607784,0.0457443325757673,0.09905836709692291,0.816287678371084,0.9556550546519389,1,1.5643466959579302,0.02,0.003008604303694734,1,10.841349568419371,0.008,0.0029397268221421358,0.025,0.003036999363232651
1378,2.283890019979775,0.01064078256110033,0.011629845157782415,0.9395929641088162,0.8257714781586087,3,0.4116943949334097,0.384,0.39987383307760727,3,4.034881887968863,0.264,0.30669477228068676,0.35000000000000003,0.3627150095514817
1379,2.2889550149638933,0.04158717436059105,0.06884965610367506,0.8137532141392445,0.6796063344614582,8,2.838006409186595,0.311,0.3334013656561068,8,17.278203513875717,0.186,0.27513899188408053,0.365,0.37761461484684267
1380,5.509703660551598,0.620417213182165,0.7080312092146135,0.5839130512950708,0.8658589295677728,1,0.1843730617055374,0.452,0.4245926637405484,1,0.6736226348089567,0.396,0.38278914147740817,0.37,0.3702388229471466
1381,15.87301529980116,0.05485973477860531,0.2958902202916498,0.5171024743184228,0.6523347198478368,4,0.43365671184186183,0.253,0.09256795280172114,4,3.095830239001605,0.11900000000000001,0.07239704730698668,0.188,0.08116748160279366
1382,8.732021480717817,0.022552685219165085,0.358858444501957,0.9860986653784375,0.740724729472148,8,0.8235254500715821,0.26,0.19366977384608,8,8.176740348568083,0.109,0.14899554495155043,0.245,0.18761463100754308
1383,21.813682648144393,0.15302276973407358,0.19198266221379234,0.51911736065092,0.663697968730127,4,0.3247824374990628,0.179,0.04687174634583968,4,1.3303744699483024,0.098,0.03995291205703874,0.111,0.04092707542861035
1384,0.14415328263652993,0.02584176324667954,0.15530408676761687,0.9096018933687708,0.642145380011016,3,0.7920071703506296,0.387,0.43525345018719996,3,4.433132368497403,0.324,0.37895764605981597,0.382,0.4285602249227737
1385,6.512030147865486,0.027137298449748673,0.0739397670664495,0.6899869360499131,0.9315850699979877,6,0.3469963058344162,0.357,0.27740687049116164,6,0.9361317850971163,0.291,0.22481512287546446,0.28600000000000003,0.22181157218881153
1386,7.127340121948662,0.04851753906628477,0.07327350496502888,0.5641708421642783,0.630891300058365,8,0.16372518611146564,0.41200000000000003,0.3366350253191227,3,0.7350536825439373,0.338,0.24434240799683155,0.317,0.22762008446195123
1387,19.506267646845007,0.05467555362171419,0.6345643416991956,0.9847273226099101,0.7320635830494331,7,0.9209054127608131,0.106,0.13785528689691753,7,6.596455319349934,0.043000000000000003,0.13348153879377678,0.10300000000000001,0.13757071469083806
1388,29.27008900609679,0.006066480842229328,0.05055009823736187,0.5518209267187054,0.7202033064947142,6,1.70807574787092,0.035,0.0003653368546750746,6,11.168393112700887,0.014000000000000002,0.0003470832210582808,0.045,0.00037495486148231283
1389,37.411272755828065,0.072452691928181,0.18647066982697483,0.7895309151731561,0.6860749186925761,6,0.127791869319588,0.046,0.020166843005276075,6,0.2330824760828966,0.035,0.01982863779939359,0.017,0.019340934356461364
1390,1.9871370452555102,0.052320371186925944,0.13537466107543608,0.6017705442476604,0.9728348858675328,1,0.2843068779659193,0.401,0.4305463812473105,1,0.9633468169141033,0.369,0.38635656113022354,0.368,0.38484070668089027
1391,7.636949980596083,0.021081864989968755,0.037315410992390025,0.6393826955299852,0.7174231882488321,2,0.45574766887118695,0.343,0.23406269331691665,2,2.09243201176351,0.231,0.16373869443477307,0.28700000000000003,0.19276721649076606
1392,32.674168422039486,0.06582171952201386,0.5876128102723573,0.5614226650808614,0.922938652612814,8,0.22871549994157256,0.060000000000000005,0.12453548755703422,8,0.8244620025840044,0.033,0.12292716846329177,0.030000000000000002,0.12276308236133524
1393,3.1942931491371485,0.007133641123572835,0.1317313123437053,0.5597154256822507,0.7725173853310414,1,0.6114540988384616,0.385,0.38454415770862627,1,4.515690118942018,0.278,0.2963784895786238,0.367,0.36236400548169856
1394,14.435501047365722,0.05086762282635057,0.30436477940416584,0.8805453233477473,0.628056036039325,2,0.30723537735687867,0.264,0.10766510925589237,6,0.9339464227321218,0.178,0.0900437395347041,0.17400000000000002,0.08928866675576849
1395,28.75033181756409,0.01937117527381378,0.12420823283155565,0.507887301212499,0.8292777171302093,2,3.8956811378240164,0.026000000000000002,0.0061556495616822415,2,26.445580040248363,0.010000000000000002,0.005989639898958565,0.05,0.006428922026245593
1396,24.711248304830324,0.013935756385751223,0.1590720978580813,0.803838362101203,0.8900284664972042,6,0.40082174558390943,0.09,0.01497501244590363,6,2.3214006655337664,0.04,0.013695916314753198,0.059000000000000004,0.014158091753494972
1397,5.196175157756111,0.0452522046700201,0.42895427782332174,0.7001781724746331,0.9059580002689407,7,0.31176693713194115,0.392,0.3559207177372195,7,1.2712086330064207,0.309,0.2913073023949476,0.326,0.30135419120452056
1398,28.994848448173897,0.01626815685133163,0.04251822027219674,0.7043087502524803,0.7099966853029046,8,0.39154779872786993,0.062,0.0002675547612679685,8,1.6265224335076387,0.032,0.00024520051689172484,0.04,0.00025091664053256135
1399,33.86238607650432,0.04604437388178225,0.22323617309534588,0.7818641009634271,0.6274519043715936,4,0.12844046006929372,0.07100000000000001,0.03091742216947943,4,0.360519265945798,0.044000000000000004,0.02982895533655555,0.027000000000000003,0.029203397890358584
1400,9.436525175024473,0.06346457783759607,0.12491493990365717,0.5013570890459687,0.7729585939848265,8,1.0690207922848547,0.265,0.14528722960868273,3,7.744137234121026,0.128,0.10032487750311192,0.27,0.14777211510975766
1401,37.13774744333996,0.0070788843395371325,0.07085142279087976,0.9429661999060969,0.8527258636176985,7,1.31099301521144,0.013000000000000001,0.0008213917486564748,7,5.63542999413909,0.006,0.0008112289040521914,0.014000000000000002,0.0008242589409258316
1402,13.888314539056381,0.7142993154343906,0.9519732880405796,0.885522766377301,0.6781701142860708,7,0.8315027259216018,0.21,0.33089501846517555,7,3.808410428314771,0.113,0.3180582312091562,0.196,0.32879898511960154
1403,38.520731369588525,0.04127286167840492,0.629209935814365,0.747406924147755,0.9488021094476066,5,4.998597888665308,0.006,0.12777101374038133,5,41.35987005511469,0.002,0.1275761134261832,0.013000000000000001,0.12814077283715294
1404,30.636765518933,0.4362108160177477,0.6859864212505928,0.9445591229269732,0.8117690779464517,5,0.3261894137737216,0.053000000000000005,0.23064664895239906,5,1.738371293512066,0.024,0.22740540827184583,0.031,0.22819138602388497
1405,33.60499388699266,0.019564223437812413,0.021126298096453687,0.6143077001584385,0.8673084544099947,2,0.6924500099036678,0.027000000000000003,3.048815975317809e-05,1,3.4270864934878085,0.013000000000000001,2.9249397948377664e-05,0.023,3.0103801464564928e-05
1406,27.797725488417594,0.022220465264383028,0.023227906557442453,0.7445827922097407,0.6040492786748359,8,1.0543682111530794,0.042,0.00014383359577219146,8,7.095799653864965,0.017,0.00013191718685540144,0.044000000000000004,0.00014437909456599396
1407,32.205239208631625,0.057012775829331584,0.11365636708494364,0.9022579379669923,0.9752434987658227,3,1.5775864450633459,0.019000000000000003,0.0048162340788338864,3,9.295816202272826,0.008,0.004721905223852407,0.024,0.004858003472504646
1408,29.857761318780906,0.015146779449471223,0.025095115765386204,0.8090406216270559,0.928568647870046,8,1.0515983573528804,0.027000000000000003,7.078911796312704e-05,8,10.072759545416961,0.009000000000000001,6.688761734555126e-05,0.028,7.094087382925052e-05
1409,17.158581882230738,0.02513872604992894,0.922906050185759,0.5379116355525088,0.9033540302392354,5,1.0227356276364583,0.148,0.17428545694042716,5,8.070749731603513,0.060000000000000005,0.16830965410400026,0.149,0.1743920031488149
1410,33.23226490935162,0.02595784327558504,0.1867308678928376,0.9141070123508694,0.8307434714478372,3,1.3846899746624286,0.02,0.018713079799656474,3,6.962650681058314,0.009000000000000001,0.01844081365505118,0.023,0.0188007899491629
1411,13.36667229156472,0.021662957514097435,0.0290048753852535,0.63874647907645,0.914446833014339,8,2.330088227649565,0.114,0.030312447579245644,8,20.423441618036723,0.042,0.023929283234569915,0.162,0.03622978384734085
1412,11.297329142579445,0.0012278252199064165,0.07272234357794517,0.808542401510746,0.6045275694064122,8,0.4747307692555797,0.27,0.09896237568753913,8,2.492614338489214,0.15,0.06413338782851163,0.212,0.07898691992624354
1413,35.578077294967464,0.008651615909422383,0.016380176485919704,0.8977235488344489,0.8267148520992169,7,6.197980769087011,0.006,7.632394479289983e-06,7,56.20103806931482,0.002,7.5443016107068495e-06,0.015,7.83298810025368e-06
1414,0.5745410790207991,0.002623052924328727,0.1785214777319504,0.5275003232264729,0.9695055190222039,2,2.451897430701794,0.353,0.39370501465620833,2,14.414761379114475,0.247,0.3340880695165219,0.383,0.42417107211339866
1415,22.616286481032713,0.05683475199248189,0.06982007388483413,0.627127495871202,0.8912170917650625,3,2.384360704252552,0.049,0.0030867790906921044,3,13.575676759130335,0.021,0.002861035824916286,0.074,0.0033153949772688207
1416,5.273669930127082,0.14961168572218256,0.9078251850622004,0.9276551951429297,0.7831220011294894,4,0.3191269767295206,0.393,0.37510321345786424,3,2.140733828651076,0.266,0.3085807158312661,0.324,0.33189808226939976
1417,39.0984518883495,0.032979789520749106,0.14637230213711477,0.937104896539432,0.6506623044412114,4,0.7849873751979569,0.015,0.009401278065251789,6,4.5594549183869795,0.006,0.009276398562273164,0.013000000000000001,0.009376815389883747
1418,33.69775496436005,0.001313084060843821,0.02635203159459759,0.8167964054323317,0.8148634391547823,2,0.3661223735742199,0.034,3.3282900203657206e-05,2,1.179035644318284,0.019000000000000003,3.199127950001546e-05,0.021,3.2127945005511194e-05
1419,0.007107351191645665,0.07420701427427626,0.35629267162609857,0.7045379158040955,0.6068384239250282,3,0.5505501368993718,0.401,0.45568046502987203,3,2.9953648051008988,0.363,0.4100291482231583,0.393,0.44202534229768414
1420,13.458310843963444,0.02022102603816847,0.11098160024836372,0.755200303180668,0.7768267020614009,4,2.099690535332683,0.123,0.03928369177146618,4,9.19192842016466,0.063,0.03308712076641329,0.167,0.04525513597053618
1421,4.467014759509275,0.005745623217665061,0.18297394139544015,0.6066186973677468,0.7850321961328439,3,0.21362734123011767,0.40800000000000003,0.3934551710261385,3,1.4765555980537484,0.323,0.2990947414923222,0.34700000000000003,0.3179599099658886
1422,4.357942807773338,0.01235951187846018,0.020510647253924708,0.9726072364816396,0.8339823060691431,2,2.205846369076424,0.256,0.25660050715956556,2,16.16121332065563,0.125,0.205763066787975,0.312,0.2900423216784298
1423,36.853194175057446,0.018062592719026924,0.967789094815031,0.6246096987613894,0.8985817692633727,6,0.38952213948211395,0.028,0.1667400311024692,6,1.9922797788917566,0.013000000000000001,0.16611333185074256,0.018000000000000002,0.16631764987678718
1424,4.151491266753987,0.02147169394346328,0.03491889194132186,0.5816710319410345,0.9019189034328445,7,1.4359148119478664,0.321,0.3012667085651035,7,10.867780489926036,0.178,0.2286541982586216,0.343,0.31891349505803573
1425,6.037231723481837,0.05470505760166785,0.5130358986434035,0.8653013788776656,0.7356698221615809,1,0.6130585919363158,0.34700000000000003,0.30634402346482803,1,4.374114059996046,0.201,0.239841954039543,0.312,0.28550377103196656
1426,26.284337055357618,0.03119384164009285,0.10897734129998513,0.8213088729010801,0.7043020891758628,4,1.246951809343942,0.049,0.004753430918815416,4,4.428379925648606,0.027000000000000003,0.00454371734445147,0.054,0.004807266926654757
1427,6.8110685584637825,0.03288196770771351,0.03514763110963286,0.5635761040789042,0.7064215114055928,7,0.16928187100546904,0.40700000000000003,0.33754923026387573,7,0.679208281112414,0.34,0.2529370057636251,0.314,0.23191394728932918
1428,37.68366116797915,0.03995791768290722,0.1342703585765839,0.701437144561065,0.6649540565011874,1,0.31762198514833095,0.031,0.0075135396496439355,1,1.5506915274133506,0.014000000000000002,0.0073081843077275055,0.018000000000000002,0.007349272273358187
1429,11.795577930623894,0.021461758505382632,0.06887030585365828,0.6044199543520156,0.8493634055624422,2,0.7834643267507052,0.218,0.07196953306392842,2,2.9558510981050854,0.13,0.053289089026702735,0.199,0.06728289316852012
1430,24.03119697251308,0.022621411781296844,0.027323495138548128,0.8042952844527429,0.7235172668693544,8,1.5604772273515282,0.045,0.0005279187183933609,8,10.193781145854453,0.018000000000000002,0.0004788616482349073,0.056,0.0005494592236509332
1431,10.739038217962534,0.040557030838400884,0.7945778327642921,0.7178442676006531,0.8109199231017066,1,0.12530810675928308,0.386,0.28028178716201063,1,0.28482301887778655,0.328,0.246446780162696,0.229,0.21282447443862956
1432,36.162192241195804,0.06984882897664522,0.07094658850790043,0.8504569430677204,0.6597829840772401,7,0.6045224617238255,0.024,0.0016567991191633602,7,4.469558104173161,0.009000000000000001,0.001607598891394224,0.019000000000000003,0.00163926824497021
1433,18.015401258358217,0.01419844076631236,0.05341343470405504,0.5414881263753882,0.8753400579049851,8,0.5925863948285077,0.14400000000000002,0.00819617534839151,8,4.25229485298193,0.059000000000000004,0.0059069851508581905,0.115,0.007275294686332506
1434,38.947113528981546,0.038766895112046534,0.057465621903575355,0.7123046776253609,0.7677542542390333,3,0.37367117032103975,0.023,0.0004709421381459411,3,1.5696699618303036,0.011,0.00045998043828537893,0.014000000000000002,0.00046258975544713477
1435,38.25530935185806,0.03066762200878853,0.04690800391498751,0.9626968765078417,0.8010200324248813,7,1.3687412545917486,0.011,0.000213610230104605,7,6.279695186875746,0.005,0.00021108163292812843,0.013000000000000001,0.0002144250836024486
1436,32.03133523945963,0.07352509696280929,0.43877846247222785,0.8764899582700136,0.9941621398976612,5,0.3812533264224737,0.039,0.09298830530085062,5,1.7275984532572748,0.019000000000000003,0.09176063465900319,0.025,0.09210132763331191
1437,16.330518571240333,0.021238379930009734,0.07109314750371708,0.9434101807536498,0.7677902448664123,3,0.4433265999690014,0.161,0.017117996395296292,3,3.557338063471826,0.064,0.012031629373540076,0.114,0.014299624219618667
1438,12.23627602766387,0.04287835876140477,0.07239859897341246,0.7815171368534657,0.8333919174646299,4,0.4416789211342574,0.23700000000000002,0.07160429244648475,4,2.8131991641203795,0.115,0.04685593403928434,0.17600000000000002,0.05713313514336907
1439,29.574219409633216,0.025975618410108058,0.05851998486831199,0.9234858580419406,0.8745332315487283,5,0.16742823975173846,0.074,0.0006602557663787645,8,0.4634005218610176,0.046,0.0006147896365018557,0.031,0.0005942112041497916
1440,7.218737474025228,0.06757627534021816,0.8747628273170177,0.8532141091546654,0.8805293347629489,8,0.8838535704690801,0.28700000000000003,0.284018680845161,8,4.766581572521853,0.163,0.24674683729819266,0.277,0.28026817255301645
1441,13.794009896927987,0.9106850931512005,0.9828076854937849,0.622741582630841,0.7782344475089564,1,0.41332323299572415,0.28900000000000003,0.3637026284336379,1,1.21896748403632,0.199,0.34985213315244834,0.215,0.35192094524337497
1442,10.886583878715792,0.059027108886240666,0.10927375555139131,0.801019407243623,0.6947743863040359,2,0.5534745792215365,0.26,0.11022451356204926,2,1.6162115555839178,0.179,0.08469218256175193,0.214,0.0941998071094528
1443,15.079653153221274,0.14374442501488557,0.745595299796552,0.8582635316271262,0.7876373585618879,3,1.682351788535784,0.127,0.17651787603069563,3,9.770821320989343,0.058,0.16893291914478273,0.158,0.1804935878220684
1444,16.02596976432829,0.004586863678731437,0.015014982083940781,0.7197743607773407,0.9304300523732433,2,5.910145030416824,0.052000000000000005,0.00941122727602911,2,47.390085520505636,0.019000000000000003,0.008381213205134908,0.117,0.012097918140923647
1445,7.198573414436143,0.07599039834108685,0.1999605121813394,0.6719333652801428,0.7414985386105902,7,0.15342904470459515,0.41000000000000003,0.32784103512353724,5,0.7438728783707689,0.32,0.23735055250182183,0.298,0.22338289410652373
1446,4.721221399799433,0.013858373759738205,0.03206279156097084,0.821817538021884,0.8476306484303503,8,0.27332763492683915,0.384,0.35139803307658884,8,0.6359247864926159,0.343,0.3067232228523296,0.315,0.28399750197863005
1447,5.327220056023893,0.03651548523724153,0.07715165353990729,0.58433280487284,0.94746815671667,5,0.22704614250349944,0.396,0.35426982964358794,5,0.5309264961533959,0.358,0.3074859567286508,0.32,0.2740599598662472
1448,1.6217718736490094,0.0018602101574013295,0.05996766324808285,0.9985274660994914,0.9201628916419947,3,0.1106040606344723,0.405,0.4494765435588704,3,0.2599680622203762,0.394,0.425734574275879,0.35100000000000003,0.3756215052985532
1449,33.62013218248422,0.07811337507530329,0.8144499965091603,0.5779784449116085,0.77695181654813,3,0.9340206717624833,0.030000000000000002,0.15406048263427488,3,4.592349332852457,0.014000000000000002,0.1532939495690715,0.029,0.15401353927676026
1450,35.5727903434773,0.007432892573197496,0.020675510526056387,0.7967347084713664,0.9656892371610952,3,1.3109534636293307,0.014000000000000002,1.3123036150863854e-05,3,6.149828109155686,0.006,1.2874019296060801e-05,0.016,1.3191118258565337e-05
1451,0.7537419491015215,0.020584363130860074,0.18639201193554264,0.7878890640324302,0.8591604404813691,1,0.30237104703045947,0.399,0.446558005621282,1,0.9858796250912472,0.375,0.41170287218134993,0.374,0.4112172891352558
1452,30.679050245513245,0.40545260513884473,0.42945347645612525,0.7157216427326747,0.8893391714552282,8,0.3202183271098154,0.058,0.1754236042610478,8,1.9772379476078192,0.024,0.17143370428570062,0.033,0.17251892600250865
1453,39.1218156964883,0.026758942167769553,0.06383220481849111,0.8557232527268557,0.867887621899219,1,1.8074314482698397,0.009000000000000001,0.0005702513291501732,1,15.291249574344226,0.003,0.0005638574038118183,0.012,0.000573643190583395
1454,26.241040434966667,0.6600343926562942,0.9997922347410158,0.5599792156001293,0.8349204700058163,1,2.5947340455486407,0.04,0.30397135854037066,1,25.47687735581103,0.013000000000000001,0.3014906072288516,0.063,0.3062005893096737
1455,2.1656192111013293,0.04275838238215975,0.08555935442301899,0.5524109019313398,0.8545522524078807,6,0.38339339628685815,0.398,0.4237785045265042,6,1.1614522417741293,0.367,0.3817136736644071,0.373,0.38790196792368103
1456,19.377942043213476,0.6654255111574713,0.9271602304578881,0.9340717693804749,0.9006770268930447,8,1.0047990030330465,0.099,0.3059586001575168,8,7.920454844601316,0.038,0.29954307154142035,0.099,0.30598254286344956
1457,30.8028812775706,0.05299052653251671,0.1408711137661288,0.5545454034093091,0.9898553628793051,5,0.9471213938826476,0.036000000000000004,0.00923620880683168,5,4.615219172095486,0.017,0.00894174060649608,0.035,0.009221527118070644
1458,17.34349425900034,0.016709259523069814,0.04771168451907649,0.5468959151498483,0.7973803076271707,3,1.8393613410891683,0.097,0.008132007662839585,3,13.247784663149682,0.038,0.00658158188684374,0.126,0.009152821516413445
1459,28.76746021165576,0.016456759981711797,0.042191197085389855,0.9977050219311067,0.8439399408777034,6,1.4437185054767416,0.027000000000000003,0.00024578260530452867,6,8.433078055567183,0.011,0.0002358570170923613,0.032,0.00024930061407774096
1460,35.55123503884118,0.028369714832623554,0.3838998690733171,0.5914103673523793,0.9858475306649293,5,0.5821956347008841,0.026000000000000002,0.07697272046455245,5,2.7461057696076545,0.012,0.07619745325482757,0.02,0.07663131800421588
1461,0.8774564909471032,0.009251442850254588,0.056001628966728396,0.8536056075207213,0.6371415227691184,8,0.19414945179629955,0.404,0.45867944293493546,8,0.625003067101258,0.389,0.42968534274155673,0.378,0.41458492993719476
1462,5.420574932663094,0.10919862351473456,0.11986956297768,0.7544160269617545,0.7040218099811384,2,0.37877140186139174,0.379,0.32914139929749375,2,1.2993175461639705,0.306,0.26507027170411174,0.324,0.2776173236626662
1463,6.40582196085442,0.39933581042374056,0.623569796902898,0.6961657172464581,0.8415794726535436,7,0.5307967701827301,0.38,0.34774241372660086,7,1.72855224114412,0.291,0.3082414025884139,0.334,0.32498831984000853
1464,20.207418792828648,0.06947754953022454,0.15785552853235185,0.7536647570540207,0.9519944525420716,8,0.08043945205050769,0.252,0.031156797531143615,8,0.1226351668974604,0.217,0.027866309493176367,0.09,0.02024751576573458
1465,39.06023124996031,0.027356990936026837,0.03182865420337819,0.5607827439189226,0.8208487568253894,5,1.2903242404054247,0.013000000000000001,6.497588910717167e-05,5,8.107679929085876,0.005,6.389373718210245e-05,0.015,6.522394706817702e-05
1466,25.454907327795016,0.025165678408959963,0.025925463652379913,0.8113535905652224,0.687143122877264,5,4.910395590905449,0.023,0.00031341662422518235,5,42.53588764492981,0.008,0.0002978425211576652,0.05,0.00034437521781080505
1467,22.299952377083944,0.040206694351522076,0.11899155076897898,0.9369307304204131,0.8247969324319171,3,0.2980219018167369,0.121,0.009308325086074681,3,1.2777091292713316,0.062,0.008081731913349571,0.07,0.008221657393334914
1468,24.01838587782247,0.06677584345345361,0.3167800151928688,0.9061272847660828,0.7804440145284115,2,0.5807535860016392,0.084,0.06328561892936829,2,2.5969487182206343,0.042,0.06063879391078786,0.065,0.06207866545509613
1469,14.533442760501677,0.005685263602152536,0.07042398467770386,0.5979710939363142,0.9776523481478723,4,1.3175996160649834,0.132,0.025276539199918235,4,5.81005065372433,0.068,0.020348977435581117,0.148,0.026824806887946473
1470,9.423982910603108,0.017223822601840594,0.020257452231880028,0.7618790002287406,0.9240879608294099,7,1.4388426559418084,0.192,0.10643596733997537,7,9.959310941816643,0.08600000000000001,0.07997908778560198,0.218,0.11548488859068856
1471,17.820004266727736,0.012939255981261754,0.02860330911876269,0.9249170472483051,0.7457554575593359,7,0.313448904980404,0.159,0.007965526983079951,7,0.9770457888645524,0.098,0.0060726853484754095,0.097,0.006047516238929712
1472,33.257945475044195,0.21474160810143578,0.23985885674082294,0.9661876527326332,0.8660462783259367,8,0.3331375623646157,0.037000000000000005,0.061362829517682654,8,1.356483661664901,0.019000000000000003,0.06000865242962164,0.022000000000000002,0.06022558285036386
1473,10.5247875644627,0.005714797367191427,0.026346599288870738,0.9029617159358734,0.7941540943773852,8,0.17224407619815257,0.331,0.1472385167683623,8,0.3574475443680778,0.275,0.11432770202664944,0.196,0.08531660707547126
1474,18.624851419259866,0.002115390037640795,0.01936321912117306,0.8804811389053949,0.8440267026210538,2,0.19396070117165223,0.17300000000000001,0.005969326235036099,3,0.6653122956541315,0.10200000000000001,0.004287603046198962,0.085,0.003985813823472739
1475,13.056936395904229,0.0661191262257324,0.5683513631574736,0.6941052401429512,0.9455805650593345,8,0.12953146111741828,0.34600000000000003,0.2049554408275161,8,0.33822132123494847,0.268,0.17703150367870574,0.185,0.15853807211708315
1476,29.442211548004973,0.41935015568540834,0.42704986505712444,0.9932691298346475,0.7657116093321269,8,0.7855794750890975,0.04,0.176303715017765,8,5.585453203008044,0.015,0.17350414463604769,0.035,0.17579198105697913
1477,5.787677017315146,0.019145496337024642,0.03287793886310842,0.5345500221357328,0.8914883604072119,3,0.6845202580537011,0.34400000000000003,0.28268023145271914,3,2.478959347365113,0.255,0.22137585262317366,0.32,0.26240139377292415
1478,4.5486402630365355,0.4226376902782148,0.5429113982972087,0.9978014459306676,0.8591534006960189,3,1.8378857140290157,0.292,0.3229239141572371,3,9.390497567675354,0.17,0.28782533326698023,0.338,0.3422440014174768
1479,18.325892384374367,0.023847105879037215,0.0995731415697154,0.7772161965928216,0.8413448204542799,5,0.4450405215254846,0.147,0.012776323238126414,5,2.531428227998675,0.068,0.009959562278482464,0.10400000000000001,0.011082573552642028
1480,18.76481028936867,0.09441376907257672,0.5284231087771626,0.9763451228476527,0.7042071609391033,1,0.8755597904014969,0.11900000000000001,0.12566849325708906,1,3.6734697163621712,0.062,0.12074118928088923,0.112,0.12504062070542826
1481,19.921260464680053,0.02595746934231728,0.06484443237739794,0.5263519212170403,0.830788680637359,1,0.2881158709166266,0.17300000000000001,0.0061725218295775874,1,0.5354929395944831,0.134,0.005248485123066832,0.10200000000000001,0.004651007710428978
1482,21.76588192509641,0.06093962607540495,0.07815178931336118,0.6757407218816304,0.7629556508946778,1,1.3106783746286619,0.074,0.00467649253108901,1,7.158687673285364,0.033,0.004174373632359563,0.084,0.004813288550472278
1483,5.890139689895214,0.020177944553102907,0.11091255915705273,0.8960708188187626,0.9920029947908641,2,0.9271874966987227,0.281,0.23606569588736706,2,5.037624156052232,0.16,0.18317943853288038,0.276,0.23284447155272356
1484,22.821797782873308,0.03554213292979695,0.06698383093962453,0.5654457091247014,0.8207004789680726,8,0.7107070587715426,0.091,0.002513514047377652,8,2.223730508045455,0.053000000000000005,0.0022400715126380255,0.078,0.0024109711644083875
1485,15.12101900354031,0.010920565360942908,0.9516926166195875,0.7242286848286724,0.8514990091360246,8,1.2466231026277617,0.14500000000000002,0.18113219373702713,8,9.29273195630212,0.061,0.17426327090226462,0.159,0.18243351178299988
1486,14.274674421772193,0.03547387343743987,0.08042910665253346,0.9110684181683824,0.7002128959095651,7,1.306123036114649,0.132,0.02941700056829355,7,10.46565201621259,0.052000000000000005,0.022762907191907433,0.148,0.031072225633616002
1487,31.025595106903932,0.025312610419999326,0.036806035142102664,0.6119399644006436,0.6989597147681922,8,0.48980528705535575,0.049,0.00016084089012202707,8,1.910968389137431,0.026000000000000002,0.00015086138455944198,0.035,0.0001546863576840085
1488,7.802055255406302,0.027223449833000075,0.02967689498143644,0.8710323210448535,0.7700157364737713,8,1.1355293027667304,0.245,0.16595484667173907,8,7.428303607317452,0.121,0.12212230546853786,0.255,0.17066497029043845
1489,9.88184685838924,0.05772831305034486,0.09355443059952,0.9726984616293994,0.6738114549879065,2,0.3177753714322422,0.308,0.15407625567263436,2,1.6046960992494512,0.184,0.10201953990339394,0.219,0.1128880764440977
1490,28.74848408943546,0.0046984456245379325,0.06944949926380581,0.8231755204939925,0.8372072675310226,8,3.0890970564402846,0.022000000000000002,0.0009732667167491604,8,26.76833883244308,0.008,0.0009436510509105434,0.038,0.0010086362845316832
1491,11.586564489338182,0.15376833746727092,0.17050390014697966,0.7853615453525011,0.6586489087997647,4,0.6453035018399234,0.254,0.12088804149264401,4,4.047158496392778,0.126,0.08862938854540536,0.219,0.10992575253551276
1492,39.7862206581138,0.18061070526789813,0.7243247533966638,0.9589170089864456,0.8862943885153468,8,0.13442958268740815,0.028,0.15947226181751428,8,0.3150017264315583,0.018000000000000002,0.15877947439335272,0.010000000000000002,0.15820978257561155
1493,10.926268216275934,0.075441599247328,0.18357886807603307,0.812063161853012,0.9014292449264478,1,0.11727553653628214,0.366,0.18439149388649972,1,0.2698826622317102,0.303,0.14316199608449162,0.199,0.10454983485584973
1494,4.592098009198307,0.07879248853978338,0.8507941675514873,0.7984214783223542,0.806299493536827,4,0.5129706806353252,0.38,0.37143036982025623,4,2.3674071810766124,0.28,0.3165764653407196,0.341,0.34559055968917746
1495,15.378174852641278,0.1510950396690522,0.9788860737728515,0.8452723867072478,0.732037812845336,8,0.7404989520056012,0.179,0.20459538911343464,8,6.0372972240900635,0.07300000000000001,0.1927461912883266,0.159,0.2019832492279726
1496,30.47502331912125,0.057508969094711836,0.6340373529713548,0.5938000099803127,0.7386833436788643,1,2.7492257388809223,0.025,0.12993319708079604,1,17.72406538515179,0.010000000000000002,0.1291372491273858,0.041,0.1308002803070244
1497,15.736129890143564,0.016362535104756406,0.0656889291614655,0.6470244285423585,0.6320174550017217,1,3.829537548385959,0.085,0.014748473824613278,1,27.422547433678535,0.034,0.01245029332896877,0.153,0.018959127131105896
1498,8.633408184209063,0.0004248879933094474,0.02222366560424957,0.6549068404318604,0.9201113664863837,5,0.8834372652045193,0.255,0.14963903992986177,5,6.955274839193628,0.11800000000000001,0.10259921301726024,0.246,0.14516805428367183
1499,34.290038149623655,0.013263842585496215,0.04440939321852177,0.6297914189182904,0.873291426388396,2,1.6300518973431575,0.018000000000000002,0.00016742397765845407,2,16.005877604933044,0.006,0.000162994664649585,0.023,0.00016926595481142614
1500,10.586003599589564,0.0589448203035828,0.07429824688469425,0.5402992661103276,0.8989587722265427,2,0.7324658989620196,0.251,0.10862257785845564,2,6.1171192613658745,0.112,0.07056915281381093,0.227,0.09973344528457503
1501,29.20502292960623,0.05415631138236764,0.06429425553972369,0.5208195822105398,0.8575910369798074,6,0.2818513430933933,0.08,0.0013216554517621881,6,2.156400285966558,0.030000000000000002,0.0011712597248921819,0.044000000000000004,0.001209128751206684
1502,35.99207163475697,0.05524436900773234,0.07263525725901769,0.6006617806922526,0.9202609017755051,4,0.4594916312098332,0.029,0.0012838150418014727,4,2.975868002177908,0.011,0.0012404475883246446,0.02,0.0012605705522934496
1503,9.761633880121733,0.01588425491548674,0.027484571300389195,0.5055004525665624,0.6709765824753361,6,0.19220279872464363,0.383,0.21899858884921594,6,0.522938678158185,0.318,0.1575520006043423,0.268,0.12880584322119565
1504,1.5576170139862642,0.01700555116047894,0.11779816924572192,0.709448965674347,0.7989908760517004,8,0.5264242372229168,0.39,0.42024918962116387,8,1.505193936365101,0.356,0.3811206292746714,0.372,0.39712800012471255
1505,13.708108891438126,0.014905777008092877,0.04077834548863502,0.7604979712607826,0.8222265963893362,7,2.873708329493703,0.098,0.02616845811389945,7,26.734758998489035,0.034,0.021321840754680327,0.153,0.03203670524161578
1506,20.942409546069733,0.010280844332891463,0.017613645216032755,0.844481427846453,0.6350813377447053,4,1.921298865050756,0.057,0.0014047541022766397,4,18.775094162177087,0.019000000000000003,0.001209314909660919,0.078,0.0015291255348626742
1507,11.454623417693272,0.5255667240253394,0.7028454860633595,0.7058222095219108,0.872835527391716,6,0.29361132130088446,0.343,0.3202778964828062,6,0.6504723831015925,0.274,0.3005506589228216,0.23700000000000002,0.29228219406183165
1508,19.386897095719238,0.027468774857226607,0.6014921799217592,0.8556749700496145,0.7539029058538406,7,0.8501206397843282,0.117,0.13255792982856204,7,3.732158396475839,0.060000000000000005,0.12850471141555841,0.109,0.13194914621775736
1509,4.000564832689945,0.07835725120317841,0.8974576148657083,0.675335512828779,0.6430705319286512,2,1.0757226016409682,0.369,0.3733436466610842,2,8.65012673296107,0.225,0.3084383326912299,0.373,0.37609288821500103
1510,1.4416981815188867,0.025933545726279136,0.7645404443474042,0.8477637940958638,0.9630402328297141,8,3.348765403390939,0.307,0.3654196448325042,8,28.107535868293095,0.159,0.3182095900269205,0.373,0.4045693622608745
1511,7.209226932566011,0.9355145631252957,0.9908640594304335,0.6142733216497054,0.7648605637308337,8,0.5683438315486518,0.397,0.4018763571585043,8,3.2155439413105937,0.257,0.3679786331583234,0.355,0.38888764382350216
1512,39.10955019201322,0.041101356028998316,0.10202904433064151,0.7872226896978685,0.7910589133004465,5,0.09075436458420542,0.042,0.0032162114932953734,5,0.1700598760390421,0.031,0.0031499185994566248,0.013000000000000001,0.003047674392366223
1513,37.6713976664048,0.16930574050282182,0.7550725568783068,0.6887122322477065,0.7144319973431023,2,0.3578949675427,0.029,0.1605948580583441,2,1.3350988860638706,0.015,0.1596610844049104,0.017,0.15981663266370752
1514,12.418496706986705,0.17049922824636055,0.7520082800326781,0.6721648404930085,0.7994310910026504,7,4.414705076560312,0.12000000000000001,0.1941503022541781,7,42.418120677443,0.043000000000000003,0.1841690815229392,0.216,0.21110658976400762
1515,22.213888764191996,0.30520858545616747,0.4087239840068199,0.5499857650105251,0.9730105424627856,3,1.0886839364827208,0.08700000000000001,0.14726195316137267,3,9.580095594625456,0.031,0.14051990557683053,0.09,0.14771136650598826
1516,20.725589814472627,0.025717223202171097,0.0789591824648053,0.8957711650431454,0.8622372678836528,1,3.798260650815092,0.04,0.004027550430435678,1,31.488508924621044,0.014000000000000002,0.003748778351842813,0.075,0.004471417847417142
1517,18.29599993419661,0.07556506420445239,0.16520579131503008,0.8377681415796994,0.9978530192344747,4,0.41105572806465335,0.148,0.030168229678320946,8,1.1325773522957359,0.095,0.026683239001340897,0.101,0.027005735732104158
1518,14.573501542446852,0.06601399106745008,0.13259812986021563,0.5079128996136923,0.8912128022427752,3,0.658853995269155,0.203,0.04781287062105519,4,4.412864149734952,0.092,0.034305510835522274,0.17300000000000001,0.04332351706692769
1519,12.878401058556213,0.02204195037977467,0.1003879855522674,0.7659308282555977,0.656079029761533,4,1.5029547216263164,0.158,0.04849916243701041,4,12.786367710509003,0.062,0.036305892118602495,0.186,0.05325262302567954
1520,21.517054732318417,0.04142352172923479,0.14854731705769975,0.7811737247102367,0.9243852476972211,3,1.6786737852057305,0.063,0.014201265866355117,3,16.769721802247535,0.021,0.013117957730534507,0.08,0.014698228167169258
1521,25.63407257661864,0.014919722308785383,0.019146320995234816,0.8336631809279303,0.6712680703122184,7,0.5770289774648328,0.061,0.0002372686683263514,7,4.000946204291662,0.024,0.0002056162468541678,0.047,0.0002244478052449983
1522,19.21216268238436,0.4520172540288494,0.8774987072948283,0.6384549848126563,0.8200581032094085,8,1.6040844134566221,0.101,0.263544368550368,8,13.944114849763533,0.037000000000000005,0.25618521783623305,0.124,0.2665306840843018
1523,21.403911137500643,0.8792069654928936,0.9439076283279403,0.5101586906415281,0.7495028207670934,6,0.7790729368691549,0.127,0.33394047124022463,6,3.9564540821731082,0.061,0.3272869040332887,0.114,0.3325416938547723
1524,33.05771458915854,0.033931647419890944,0.09818992279727934,0.9492948716014787,0.6615449324240227,6,0.2179146572469725,0.053000000000000005,0.002956492856789922,8,0.7554768930418143,0.029,0.0028206251021806183,0.026000000000000002,0.00280066511139751
1525,28.47560055153877,0.04567593530083715,0.6735089947743322,0.5222248074019511,0.7285328493039913,4,0.10976454530664591,0.146,0.14300647660348337,4,0.28024713420618513,0.098,0.13976135631918638,0.054,0.13721223767679805
1526,33.405279137420315,0.30738490433806637,0.9691870769197632,0.9666416028140463,0.7851320572436424,3,0.8157084912858147,0.025,0.22141227396078444,3,3.5041873131024994,0.012,0.22026906085802975,0.023,0.22119798948127684
1527,12.973842798580844,0.012507512322437825,0.8162813831364333,0.50480105329757,0.9566863416839877,2,2.5220302329132607,0.14500000000000002,0.17950816162830258,2,15.115137541046003,0.066,0.1706925848105527,0.20600000000000002,0.1887357503984784
1528,16.7936239056531,0.02053262491223593,0.0637816456934442,0.5582025088075865,0.6908703483381138,7,0.5871152160769126,0.177,0.015182487103288456,7,2.23718056120797,0.1,0.011195623597085813,0.14200000000000002,0.013143261521789351
1529,21.614106291323314,0.07599897787857982,0.09358385622888334,0.7780516395222781,0.6857842039734274,8,0.9749120879665919,0.08700000000000001,0.0074872401594184845,8,3.4433396063613237,0.049,0.0067660491982201865,0.08600000000000001,0.007466775291341404
1530,13.74162236728407,0.020945945279603917,0.07286911901520782,0.5327136956726554,0.963794633527656,7,0.23846793034070343,0.277,0.05931053888734636,7,1.1917651312131003,0.157,0.03528298447283479,0.168,0.036807328442690995
1531,21.327784562249185,0.0036382492144937605,0.017877255078171637,0.6740563508289354,0.9777089279340997,6,0.4014179388028742,0.10300000000000001,0.0014336797938487023,6,1.220568031067278,0.062,0.0012001205106687562,0.068,0.0012306410309848026
1532,22.39761382891783,0.10090798431514302,0.1370265483337443,0.7187204189732529,0.7104708259798868,3,2.3476604266617422,0.058,0.014986486696671797,3,17.903861846282513,0.022000000000000002,0.013965256674917909,0.08600000000000001,0.015899109653435606
1533,30.645294165440546,0.021590540559888613,0.19288827759973176,0.5992071623260367,0.622897588773869,2,2.9093333072999545,0.026000000000000002,0.020627842670046803,2,21.900847443189726,0.010000000000000002,0.020182386507085787,0.043000000000000003,0.021135256749103742
1534,22.741232218412318,0.06659396942196784,0.07417165616327319,0.9152338680455774,0.6753760343533772,5,0.7677418447175883,0.08,0.004090180957309925,1,2.8228902922521577,0.043000000000000003,0.003697773208630989,0.07100000000000001,0.003984614426408517
1535,26.507632436751415,0.06539691581691295,0.16417822117108774,0.8041125496517959,0.6972743095824816,5,1.482514319892445,0.046,0.015413933632747845,5,14.138117931410308,0.015,0.014678393507901177,0.055,0.015659207348071413
1536,2.806181708595596,0.1843655249205917,0.23595197046866379,0.6767048405309357,0.6367605815693631,5,1.822212518074375,0.34900000000000003,0.3547538033671018,5,13.357707288704729,0.214,0.2842784778486398,0.377,0.38026013809237075
1537,2.865979507332357,0.9674719595054013,0.9949852417519414,0.6838152088574962,0.9285957721442208,2,0.46112227859439814,0.433,0.4427845648168328,2,2.6137621676026375,0.34500000000000003,0.4029679397928889,0.402,0.424881153679094
1538,21.466712134647416,0.007163857733555282,0.012464121780505823,0.5325652152925746,0.8007418635980268,3,1.026935637828339,0.08,0.0011897434817330355,3,5.704751174432627,0.036000000000000004,0.0009884772823045007,0.081,0.001194865967709513
1539,19.49518037914004,0.05165165835230542,0.17591637443990935,0.9492788248678682,0.609069728331662,3,0.7028557904452117,0.125,0.026649130535533028,3,4.433501036517147,0.054,0.02315266424453613,0.107,0.025664029667992944
1540,19.45081920725675,0.1240566718743114,0.1267390023423507,0.8562352547958672,0.7592717364857001,4,0.19598739150915948,0.2,0.0293336568601191,4,0.4617436782722037,0.14100000000000001,0.02487744847174006,0.101,0.022505849027582292
1541,37.18005750462997,0.015240157663906184,0.01839880861673519,0.608648850802764,0.7311123090282299,7,0.7201601162354762,0.02,1.1078905612110779e-05,7,3.366677467532968,0.010000000000000002,1.0775245932459487e-05,0.017,1.0992314657287672e-05
1542,37.4075440380019,0.02246618074735329,0.024780983628308766,0.8954363676836116,0.6112361375816813,7,0.9670042006005135,0.016,3.1133540011746286e-05,7,5.959072605446695,0.007,3.044868359808328e-05,0.016,3.111409616121663e-05
1543,9.221731583325383,0.029360688768916923,0.18334615920785155,0.9441034402115871,0.9934430475446439,6,1.07067447587758,0.20400000000000001,0.13283729816443118,5,6.188747133619056,0.1,0.10546774470072826,0.20900000000000002,0.13451629718478134
1544,18.562007140001832,0.021190603358317923,0.1566582559290579,0.7684011150535623,0.6640668731083892,7,0.3086847662067288,0.195,0.02715297978083525,8,1.3467246180325685,0.106,0.021531518849321002,0.121,0.022289748381096125
1545,23.2123478190483,0.058838302311018595,0.13064451827782575,0.9660431162986702,0.9517046199724933,2,0.3911366091880909,0.092,0.01071534471017338,2,2.1333826582530024,0.042,0.009627268007733086,0.060000000000000005,0.00998860854973499
1546,6.7868374291872735,0.9535481631914449,0.9769885563754341,0.8212866060227034,0.7467840528877949,8,0.44465799453517835,0.402,0.4053219347330709,8,1.0078470355465006,0.341,0.3867095781731078,0.342,0.38687050857395366
1547,28.817173163769848,0.007199951384714659,0.028060776471351453,0.650126848923203,0.7985552729714109,6,0.2801131767280017,0.068,0.0001113886471989789,8,0.8166878166803088,0.041,0.00010155745933743132,0.037000000000000005,0.0001002930050975348
1548,35.776216526730245,0.06282232096581537,0.06398784441677295,0.6533478500691164,0.7848006937073155,6,0.3406484345838499,0.035,0.001166987289978827,4,1.9542381911567437,0.015,0.0011197183255055587,0.021,0.001132960321025167
1549,12.81094193403168,0.0036794911483970737,0.04029604647769609,0.7264119792110756,0.6478530409735146,1,0.12486018354512146,0.34800000000000003,0.1051031755170404,1,0.41147423801537314,0.254,0.06272521663562922,0.186,0.04691201373486745
1550,36.65485882259954,0.0109417874182413,0.23778726265459219,0.8588253171364679,0.9381007936529226,7,0.40634166064974786,0.024,0.033183480110414165,7,1.4841752272372273,0.013000000000000001,0.03276380306261109,0.015,0.032863707981651835
1551,4.75517667390323,0.047537416176223174,0.04999726665239138,0.9590937911063028,0.8401348180950787,3,0.9707906473910384,0.307,0.2780560746065862,3,6.339332440337913,0.17300000000000001,0.21288241732244506,0.305,0.2766756552755755
1552,18.990492092971497,0.012877400840697648,0.1335755611770411,0.6023227241407603,0.9749725120879615,1,0.3290986125026418,0.171,0.01845977412101557,1,3.181549849896672,0.063,0.013865279080788773,0.107,0.01543104411815685
1553,12.114566202593737,0.03410823793885292,0.9000750812209376,0.6259474881258235,0.9044856220411722,6,0.5378476634276711,0.254,0.2135940127715297,6,2.025806899873312,0.159,0.19523823546861532,0.20700000000000002,0.20336111682493735
1554,31.98628950135191,0.007151210059576315,0.813455109014638,0.873100181871206,0.8233435070225064,4,3.304628167752233,0.015,0.1520652604346539,4,20.38943551090186,0.006,0.1516631523951756,0.027000000000000003,0.15261629631980594
1555,6.122767645318217,0.04552221453767232,0.0514900090659977,0.9564775941550765,0.9607961065877575,1,0.8448663029730972,0.279,0.2274429886323343,1,5.243670245574434,0.151,0.17176428009440195,0.267,0.22032020953954132
1556,16.95669501434366,0.0706910681466034,0.07164331645575923,0.561169183009169,0.8114181954529539,7,1.116192207424807,0.129,0.015753854559439673,7,4.0882026542050935,0.07200000000000001,0.01306704638155981,0.135,0.016101810829119434
1557,35.3519301329363,0.07005538700981384,0.146405030727028,0.5769683615587945,0.6253783830907386,5,0.4470474530075249,0.039,0.010624131608620219,5,1.4302072810432818,0.022000000000000002,0.010336986079449023,0.026000000000000002,0.01040746622225816
1558,31.46175564616538,0.037311068230216196,0.0631896985381734,0.8434279398338035,0.946936376873544,8,0.8384960235611792,0.029,0.0007409317869837839,8,5.123607325402538,0.012,0.0007142508494741018,0.026000000000000002,0.0007370843288201367
1559,1.5773675521388428,0.07059858787147175,0.5693896394767147,0.5982997210153184,0.9881443444753585,8,0.8509520508171754,0.387,0.4125960305243068,8,3.2546430376139694,0.324,0.3658192403014768,0.382,0.4071462679454984
1560,14.327143365645032,0.08228750641804071,0.15696839196034104,0.6383634988989313,0.8811973851803132,7,0.24883840155678785,0.272,0.07337795893872345,7,0.6600158086840845,0.194,0.056394073748579465,0.165,0.05182862497907767
1561,8.785251990631021,0.0573424453900031,0.8688526039454924,0.9781208576682316,0.712653804608857,7,1.3462523079057163,0.228,0.24243755372160639,7,10.109587383445074,0.10400000000000001,0.2153220044081634,0.251,0.2492848659042054
1562,23.366344140892156,0.0998839175383333,0.1646624810798595,0.6851506933922585,0.6969986022739205,6,0.16427792952951448,0.178,0.02575469143741549,6,0.4252496544593034,0.12000000000000001,0.02254514326914886,0.082,0.02089009133790759
1563,14.263587840825014,0.0746194926719328,0.1287309547550133,0.7605014412885218,0.7649957870956092,7,0.432992976303171,0.221,0.05421396912517931,7,2.3994656831476355,0.111,0.03848552814453532,0.161,0.04442006049625516
1564,38.24830965259972,0.07116621347087314,0.8970114480491261,0.8730725642415815,0.7743966394271093,6,0.22307453092953336,0.029,0.16166432251582846,8,0.8411086809484326,0.015,0.16105141468455578,0.014000000000000002,0.16099752278481969
1565,14.816163394952836,0.05040914862871781,0.07320090719793293,0.7865645427222654,0.6920482944212213,6,0.059938139494882164,0.367,0.08261101934408921,5,0.12598658346594174,0.309,0.05629796398188611,0.15,0.027259337704852837
1566,13.284830514622886,0.01765205398807948,0.2981653710075256,0.6636705255146853,0.7085285185298945,2,0.3033678427730106,0.295,0.12537274837347032,4,0.7487020952136199,0.222,0.10427612276997314,0.2,0.09952967687420755
1567,11.519751366173251,0.06216109063688221,0.06500796762462559,0.7629488942934002,0.6425328127838228,7,2.1998848490127614,0.155,0.06396203759319238,7,16.868875832813213,0.063,0.04923034192147463,0.20900000000000002,0.07657313232813584
1568,27.120010478904053,0.0050443912326037545,0.02295361666319495,0.5022342032226647,0.6769020812942947,5,0.35777021736823394,0.084,0.0001522803819009877,5,2.6660831183742837,0.032,0.0001248480484654091,0.052000000000000005,0.00013423666317641247
1569,28.89816050254453,0.04815610974725626,0.05562124156307549,0.9011889514278058,0.6922967499705848,3,0.5074053573181798,0.053000000000000005,0.0008320780227395186,5,2.270654062036935,0.026000000000000002,0.0007781843535527022,0.038,0.0008021558276117835
1570,2.6132163268974113,0.8526487389932006,0.9095307718067427,0.9773343948577424,0.6953442783077802,1,0.6779941069086167,0.41500000000000004,0.4299594525396615,1,3.574972036232598,0.319,0.38971468061319636,0.398,0.42017091981549115
1571,39.54183669207572,0.0732182106487995,0.09259269842779409,0.7151382798148066,0.6904402736856341,4,1.1506187945968036,0.013000000000000001,0.0030157877691329715,4,7.396683216211146,0.005,0.002972698675488661,0.014000000000000002,0.0030210116765681805
1572,39.96015699951651,0.03040603956927041,0.6113763576470849,0.981485093298172,0.7734740270086727,7,0.2642161286822863,0.021,0.12559178637312093,5,0.7984586787037603,0.012,0.12513443444951447,0.011,0.12506866680760853
1573,36.078430148481715,0.6333766298555906,0.8909759397315787,0.8210768371786146,0.7849696326972304,3,0.7416591290010192,0.021,0.2890271529017571,4,4.381053854320678,0.009000000000000001,0.28787730374297027,0.018000000000000002,0.28875583648543557
1574,15.441466454512273,0.00506051430438651,0.028606796728559,0.6988903487579751,0.819657255772205,3,0.20355388299402594,0.245,0.027793063656272626,3,0.5089385250485057,0.17600000000000002,0.019661174272673554,0.133,0.01637816514594087
1575,3.7632993167529745,0.05278985375795422,0.07784637689230105,0.7242457369646554,0.7186822765442079,8,1.4532481333477782,0.328,0.316109231538535,8,11.279344943361275,0.185,0.24186425686592222,0.35000000000000003,0.3339958483590453
1576,6.642580770567964,0.01134387059411793,0.044396317329993,0.9241476357627734,0.6802819868560877,3,0.843838471855623,0.296,0.22413085739065036,3,6.066409857713493,0.155,0.15961017657222584,0.28400000000000003,0.21626193639129684
1577,8.927114895125712,0.0579388882901811,0.12181217901696313,0.5868256350676792,0.7999508924542771,3,0.22592551151867352,0.372,0.23224182752012115,2,1.2575254891185481,0.246,0.1476076852752193,0.264,0.15576228921084406
1578,8.356027255975686,0.017276811600369837,0.02126729868695143,0.6594019306806772,0.7934451081436599,1,0.2963790291026889,0.35100000000000003,0.22167834416660065,5,0.6228730929052204,0.298,0.18081940789178155,0.262,0.16014895297771106
1579,34.95981421924905,0.00289053568321146,0.17494407029605333,0.5000143915134442,0.6936833019955332,6,1.164759764702441,0.026000000000000002,0.015831698371336606,6,5.076236008800995,0.013000000000000001,0.015534322947852758,0.028,0.015877506526863927
1580,13.28727043504966,0.06839244450815361,0.42511857996502284,0.5794237179922306,0.7064405858802032,2,1.5210931747851704,0.185,0.13077916344262702,2,12.900889311658846,0.075,0.11423268191318753,0.215,0.1369865867044192
1581,7.611555576054414,0.0390341835318263,0.5083586852128116,0.8717172070375541,0.7003870801943719,4,0.663181683543986,0.316,0.25991099348027374,4,2.58833652429728,0.211,0.21668817176702554,0.28400000000000003,0.24425508414606817
1582,2.897369654990367,0.054302462566402,0.10244250374583627,0.8516159835331685,0.7615649052070762,5,0.4143641727442905,0.386,0.3916952972551774,5,1.7513329468777445,0.32,0.32787865168978697,0.35100000000000003,0.3527555176053056
1583,16.237468115478574,0.44945353044659275,0.9393517661715365,0.5674331883049724,0.6376329219246787,6,0.5404057784733558,0.23900000000000002,0.2915026443789312,6,2.676613962734555,0.128,0.27361353410296974,0.191,0.2829385358360103
1584,10.707231765995775,0.07075407757992658,0.10120858064277288,0.6277085511078015,0.9173155659424533,5,0.2659644643521561,0.319,0.14314623789108147,5,1.039300360418003,0.211,0.09669991701352948,0.214,0.0975884644107951
1585,29.51205926923535,0.18228314782171237,0.19072801998793892,0.9134240167403442,0.6323090775245821,7,2.5382468970159633,0.025,0.03802179836264208,7,20.134449516332573,0.009000000000000001,0.037186926204192866,0.04,0.03880757791764111
1586,9.156353320612084,0.6730515779279866,0.7955603249230455,0.682064575929645,0.9201615471415249,1,1.4406690782468559,0.254,0.32935156392063325,1,11.519088299250434,0.114,0.3062758928053263,0.28500000000000003,0.33614182886835353
1587,9.66869401222805,0.5763576084192326,0.7715921360627622,0.9526050746620797,0.856556541835012,8,4.317886250605862,0.14500000000000002,0.29485217796396623,8,37.45615585398984,0.055,0.28282143231504664,0.251,0.3140470866885555
1588,4.076421206441464,0.0035957846545682836,0.025583251423268998,0.7143948880872114,0.900337487342638,1,0.3667648218702936,0.381,0.36156136995392085,1,1.1172649673145103,0.325,0.30603634308760996,0.332,0.3113851221516004
1589,31.49434748460644,0.04762488867554602,0.13955116215035732,0.6408241255134383,0.6561370669166238,6,1.8418254024325487,0.028,0.008707652660280951,6,11.824517312879317,0.011,0.00847488292161902,0.037000000000000005,0.0088483957730138
1590,21.412725947772092,0.046455173150525685,0.13473759838706637,0.5944466169757687,0.9489635979488018,3,0.7206158635438554,0.10300000000000001,0.01280238876489917,3,2.997724448831408,0.053000000000000005,0.011467354692499765,0.089,0.012390870615429705
1591,35.018680002245155,0.1472296834858548,0.1497765032113153,0.6373669968497926,0.7818464809144747,6,0.17988395437546253,0.053000000000000005,0.020902815262195062,4,0.42774472942371167,0.035,0.020290837486182295,0.023,0.019910877656262843
1592,13.321012186785545,0.06542589381862161,0.07341142881203747,0.7435465861621019,0.6085425944226156,8,0.16989651701091457,0.326,0.0888057114564427,8,0.3282707572453337,0.272,0.0676029987214635,0.186,0.04733128132257261
1593,26.669372232195496,0.005724260803021951,0.008760967156921179,0.6099203360194472,0.8691860068500573,5,0.8536591048458647,0.045,0.00010632632167720257,1,6.363541624856948,0.017,9.485411104739883e-05,0.042,0.00010487858647939552
1594,10.144748788331311,0.04345332818711125,0.054706139448260485,0.9292731160058472,0.9828618183957187,8,1.059401509269042,0.183,0.0919266750892477,8,8.509267120653728,0.076,0.06840435166674194,0.187,0.09306369690765809
1595,3.812878467033187,0.0799675801357637,0.2762078667308476,0.7076779437935247,0.659202920319006,2,0.11154570256952262,0.423,0.43540128873794925,4,0.8895226176994201,0.367,0.3521107119960111,0.361,0.34666592915831995
1596,22.946326458288205,0.08993164060373687,0.1722949829040853,0.5896867589400773,0.9126136068813684,1,0.2518221168109132,0.148,0.025217247531010734,1,0.7983063393885221,0.089,0.022369966830334348,0.081,0.022006946431134544
1597,39.35635246029824,0.0003943233266598689,0.01820843227539117,0.7367923617990466,0.6982455451721079,5,2.672187269560314,0.008,5.618089186476549e-06,5,19.122285656809723,0.003,5.552512947870625e-06,0.013000000000000001,5.685508878139345e-06
1598,15.790934732866353,0.026812158473321045,0.9220188300961696,0.786364261552029,0.7324576232602417,6,2.1761896924984314,0.112,0.17445528248022768,6,21.030980988846263,0.04,0.16937270352920658,0.155,0.17812872606929073
1599,2.0701764486372998,0.00385925028014965,0.017547246126838036,0.6188028078838044,0.8611724554643849,2,0.14302637847254807,0.40800000000000003,0.4496048108456261,5,0.7844937310155279,0.377,0.39479057443160104,0.369,0.3849334285467684
1600,10.620430570034364,0.01006795278511395,0.02229270735707327,0.5901118062998035,0.929647113490337,1,1.132571448533792,0.20400000000000001,0.08588763184814316,1,4.339363193043204,0.12000000000000001,0.06572350633517102,0.214,0.08870662741028851
1601,27.882646066282344,0.05236601925281195,0.07621706442702596,0.6035702325905732,0.759041654258061,1,0.28909496254034694,0.09,0.0020829855776297868,1,2.7043474909849223,0.031,0.0018077819114263316,0.05,0.0018892206093588937
1602,19.973611831794265,0.003411287877323903,0.4935537639212115,0.5971111608419101,0.8188812091330525,6,0.10787751011555699,0.273,0.12871166986426408,5,0.27321859272196536,0.197,0.11936921705299197,0.117,0.1119334820664189
1603,28.02830465719706,0.04670688146419479,0.18501603976245076,0.8613578788857138,0.9185587998785669,7,2.6481227557347626,0.025,0.01907609134947308,7,20.705148457526636,0.009000000000000001,0.018654873458776172,0.04,0.01949751753156989
1604,37.99376771108071,0.14700170290523035,0.17128090524993023,0.5923700464877287,0.6535995045744519,4,0.19603460345347948,0.041,0.025141974464632594,5,0.8643917653162343,0.02,0.02433677252435787,0.019000000000000003,0.02428633151757703
1605,33.464439946300764,0.011367145888670827,0.872051939541956,0.6314521110740436,0.7712076363460807,4,0.12428556785449969,0.075,0.16068801035212316,4,0.42042416291267753,0.042,0.15913654172185407,0.028,0.15848637922576747
1606,33.08718032445102,0.053826872206237074,0.07704567097977093,0.9588303271523685,0.9083797382782661,7,2.0354528773680465,0.015,0.0014978018721316377,7,18.5076741052621,0.005,0.0014682635003550049,0.022000000000000002,0.0015170480400488462
1607,35.75785216976121,0.015427983926161163,0.09912254698872888,0.5781264467446323,0.663454402257529,3,0.2170336500427282,0.051000000000000004,0.0029013784061127923,3,0.5960346176064175,0.031,0.002794792205138452,0.024,0.0027589200106090395
1608,33.3237091829792,0.009266111820575917,0.024588609984822023,0.5491534997340918,0.7382852955947038,2,0.06748345921678452,0.097,3.7543288691738175e-05,3,0.22932450885006503,0.055,3.28705198052448e-05,0.027000000000000003,3.0310327380433932e-05
1609,29.889625632779293,0.18502016822542475,0.28168082206374495,0.7220607590160699,0.6525279561047941,1,0.37512934373152723,0.067,0.06881676107427034,1,0.6221100788121376,0.053000000000000005,0.06765686723839223,0.042,0.06681772377246983
1610,13.992603686573899,0.03618932724486003,0.10622025813927466,0.6835689510166615,0.9387712486511414,7,0.19459374995115294,0.277,0.06190980899470369,7,1.475285229405422,0.131,0.035402097035628716,0.154,0.0381487649871326
1611,25.481933549772542,0.10135325643358838,0.32903177138851725,0.843586913849765,0.7330947040166714,8,0.9900939822128508,0.060000000000000005,0.06762351149692156,8,6.4067836867752135,0.024,0.06536644759839527,0.060000000000000005,0.06760484621473284
1612,1.976983835483858,0.013871835097863732,0.685485243727614,0.6163118842058086,0.769949904480124,3,0.5448327681338782,0.405,0.4287663788605839,3,2.575472964500841,0.34500000000000003,0.37630626762907304,0.388,0.40938016920706
1613,31.17906285850732,0.02945583289659957,0.06008146913419488,0.5653711211882293,0.9717928164706434,3,0.3449132930280513,0.054,0.0006303276052468387,3,2.6546567597122825,0.02,0.000583110679351101,0.032,0.0005993660889324903
1614,25.395533070214743,0.09621398520680774,0.19148959351081446,0.6649661120841145,0.8702046511177944,2,0.5205997201225372,0.083,0.026356038793353798,5,2.502776776178493,0.04,0.02458888396710207,0.061,0.025435167412746235
1615,32.605033018418574,0.0027348269556641412,0.5571958179344579,0.8475683330114839,0.9801769429077883,5,0.8292971636718042,0.026000000000000002,0.11641917070293203,5,4.2986186424626265,0.012,0.11563486154396674,0.024,0.11629403203492086
1616,4.4619359600208535,0.07994586324157803,0.9582792334854033,0.9469482139358016,0.8659822076365579,5,0.5545697633623874,0.364,0.366018017071257,5,3.3584169113012563,0.23800000000000002,0.309318019093676,0.328,0.34463774407788583
1617,30.197104877565806,0.03892723665505701,0.1468358931731967,0.75085497842465,0.8692284334246457,8,0.5436329908336065,0.046,0.010378154490921054,8,2.2814244413400155,0.023,0.009986985957038952,0.035,0.010175295651162819
1618,20.33431835748608,0.9288433751406698,0.963642445762975,0.735912340411429,0.7757410289067531,7,0.939102952700597,0.11,0.3379242800189509,7,7.285392193755636,0.043000000000000003,0.3316133185270035,0.107,0.3376208348943023
1619,10.390617089350114,0.02781453251259254,0.9594933242002812,0.5362252693061286,0.897998509035,6,0.9500174229465747,0.252,0.23461920385034835,8,4.8351943406524205,0.139,0.21046810159146348,0.248,0.23350441349638967
1620,2.1765867852413376,0.005604772036309254,0.0703408446821611,0.942387436546562,0.8977123511974621,7,1.513925971028081,0.325,0.3451971623120277,7,7.4059535677285355,0.217,0.28904920460688877,0.34800000000000003,0.36270890607795087
1621,35.02631288455623,0.055216454819399116,0.07592366426111206,0.6275870069303819,0.9639103174025206,5,0.09829865822418468,0.064,0.001574095688799182,5,0.3800585651824059,0.033,0.0014753878137080956,0.021,0.0014382841091098442
1622,27.146230484120565,0.04731183403073185,0.1922277940397628,0.7987957120375198,0.9639001264498749,1,0.38342790574162844,0.07,0.02257965873546869,1,1.4687089824918318,0.037000000000000005,0.02149671953906135,0.045,0.021731713647626688
1623,29.806167111420415,0.03655860027593483,0.039326674772586424,0.8495298604574659,0.7305511239294983,8,0.33733630969581285,0.056,0.00030278903527772294,8,1.9513643814744062,0.024,0.0002776420302629812,0.034,0.0002844971191173773
1624,3.4493210916468606,0.023156317840227512,0.07311430138260669,0.9931531619596542,0.8489701842047964,6,3.3280479161697882,0.244,0.27291571131095793,6,32.66112491479955,0.10400000000000001,0.2228820237401192,0.327,0.3214965949458992
1625,34.26991129067501,0.03418396502372648,0.8940035302694124,0.9580055537384166,0.7182550410679045,5,0.8760033376895614,0.023,0.1603567842366345,5,8.508802417148821,0.008,0.15970031780899357,0.022000000000000002,0.16029495619040643
1626,38.23520580596738,0.025305219192817675,0.04501286236975208,0.7844079734379714,0.7775604123677399,8,0.08413638294411961,0.048,0.0001844024179491477,7,0.5006904838214159,0.02,0.00017350494521478632,0.014000000000000002,0.00017139022751316846
1627,27.02825619808908,0.024069519723551647,0.15028688990753716,0.7982163256851897,0.7319661379128022,3,1.893650048503355,0.038,0.011233253820135791,3,14.284375361415213,0.014000000000000002,0.01080818819726112,0.051000000000000004,0.0114933916185474
1628,1.1136616520232538,0.09700566704066486,0.3102510571079387,0.6104614123194796,0.7993554332636084,4,1.4513960537563009,0.373,0.4041248579817328,4,9.986117870699264,0.266,0.3365713185028274,0.385,0.4169073657123508
1629,12.240704308516072,0.9304285828870773,0.9755551756274534,0.9329736535858141,0.8906710134896294,6,0.7706137440306404,0.222,0.3549344725967243,6,2.7909244915474383,0.134,0.34383928059238933,0.202,0.3521196505087876
1630,3.3447243642303754,0.043740726137104086,0.08078179875709197,0.9728534024044497,0.7814102876043707,5,3.287665127242191,0.256,0.28087176874030534,5,22.03465409949939,0.13,0.23343576743508263,0.335,0.3301972155469793
1631,24.17300511194037,0.009430165571886931,0.05882363729918644,0.5846300278631092,0.8682768964165568,5,2.4586082596742114,0.042,0.001138070927263285,5,18.059148012876776,0.016,0.0010564905253674928,0.065,0.0012173156071285385
1632,9.764013365927251,0.15777441736656622,0.17000442158303108,0.9764472398215701,0.6667493206916102,4,2.306400851746488,0.171,0.12499560964804163,4,16.389196554985997,0.074,0.10344094272228388,0.232,0.14380277224732776
1633,31.161757222579926,0.008368649737622238,0.016933229671133383,0.8485608046913503,0.9459437880626816,8,1.1637540930771562,0.021,2.4700583716757984e-05,8,6.799525415702209,0.009000000000000001,2.3714728680235275e-05,0.022000000000000002,2.4836361016411512e-05
1634,0.6294693360046593,0.03654817310342996,0.043613569847896536,0.654347701842431,0.936603647060444,2,0.8016817526555954,0.382,0.4233346718867361,2,5.1251385753929375,0.302,0.35761454793480363,0.376,0.41615987197979054
1635,15.201600852559352,0.00869093711456362,0.1383857318973345,0.7444844127579056,0.6664995668653955,3,0.2650515896583914,0.256,0.04914706318428996,3,0.979752692735877,0.159,0.03468179480813116,0.157,0.03454147020911841
1636,20.614553005487586,0.06761299155857282,0.13137250931161562,0.8100167034359489,0.7879214868010739,5,3.3815605511337696,0.051000000000000004,0.01265596806317254,5,24.56400663436918,0.02,0.011843032645235091,0.09,0.013830834874527326
1637,4.240150118558915,0.014010499457941824,0.05728088765263165,0.8970048311942814,0.6121510672284631,5,0.5801797120326287,0.367,0.34139218793430925,5,1.2816553752537219,0.324,0.30164454074283054,0.339,0.31378164070889647
1638,35.165073785446,0.12408196269965338,0.17054301850177697,0.9473659152974861,0.6201137003573294,8,0.42800097673171233,0.032,0.02074520087277229,8,1.1584223200816364,0.02,0.020358440419298462,0.021,0.02040363989789387
1639,17.415044086654987,0.051396617366337015,0.5783832773222198,0.8917714797015887,0.696423989591025,5,0.32082260773147725,0.20700000000000002,0.14214188248493445,5,1.8121076950934933,0.10300000000000001,0.13121515779049395,0.132,0.13391057552666713
1640,20.806899812715535,0.03986534195623391,0.17324941285966686,0.6076105673124811,0.9456396942893496,8,1.3750786735697178,0.083,0.021391231295046526,8,12.579999308735724,0.029,0.0194447738811295,0.096,0.02192400176774928
1641,32.6483007418455,0.13741011775611386,0.8178335000496849,0.8885088101119717,0.6251732980182525,4,1.3468557078906835,0.025,0.16094911018889102,4,8.061362941120292,0.010000000000000002,0.1601088316310563,0.029,0.16117838801421386
1642,0.5888267458189941,0.06904381646526289,0.06966128378026551,0.7484875821351227,0.7636333851966726,1,3.1301701150509857,0.335,0.37933745447384526,1,24.326954895994373,0.202,0.31581062191495207,0.379,0.41958279807148935
1643,18.469103247959243,0.0028387674686026496,0.009728688997587403,0.6210754278627963,0.638710600526086,1,0.1479820438792182,0.243,0.009238297024348446,8,1.1343507502178087,0.108,0.004533536920240361,0.114,0.004659400992552437
1644,36.61982393564766,0.16435847706237347,0.9554609593103889,0.5165853087460583,0.8743217617613496,3,0.6164646422261507,0.026000000000000002,0.1789638664190032,3,3.5895602628893197,0.011,0.17806987066763286,0.02,0.1786351335069623
1645,28.424956457598505,0.17895434602066582,0.5069935471330115,0.7505119641008419,0.8850744766393112,6,0.2201941108462565,0.085,0.12912211074286414,7,0.7109608115884113,0.049,0.12581924862593497,0.042,0.12517899656327466
1646,14.25045588471463,0.02277204103118124,0.023247269990420927,0.9596958332856529,0.7705019438531301,1,0.5849046756321153,0.168,0.028163810074661982,1,3.1354200211589163,0.082,0.020279715124243425,0.135,0.024659213591148033
1647,25.781015154969904,0.0009753623969657853,0.07125002559066763,0.6278982234189594,0.6428914533574743,4,0.7658986671910628,0.07300000000000001,0.0015158619490163727,4,3.1106478952485124,0.038,0.00138344531017906,0.065,0.0014817929547207565
1648,19.472133704957052,0.0064873958589460575,0.05423124795369507,0.9250954638472304,0.6011425333176279,3,0.7163403942327149,0.108,0.00440685985978273,3,4.999184774171005,0.044000000000000004,0.0034794775152300617,0.093,0.004157723457526685
1649,14.827976354200349,0.023617375829019807,0.040809436697162346,0.997445162039098,0.9918741087939273,2,0.9735996785839484,0.114,0.019720451315973553,2,4.789582147022894,0.055,0.016014434261221983,0.113,0.0196230692650316
1650,19.780348445379044,0.16709972327315298,0.498114800422525,0.6791193805294332,0.7757273228309504,6,0.4921766708680577,0.155,0.13712869776930792,2,2.1361413901500272,0.082,0.12861475017990004,0.115,0.1321881003752115
1651,1.0416987111533502,0.06368837631389404,0.18444639883637656,0.8524121738598436,0.7533338011076679,4,0.5303953518750597,0.391,0.4275724935799394,4,1.6148403124351158,0.356,0.388923327624893,0.374,0.4064702250380654
1652,4.225179063027856,0.024597952252657363,0.029129462331364205,0.7742378786451138,0.7686755322854274,1,1.2249542170844578,0.321,0.3001129626990183,1,7.7895770146458725,0.191,0.2313675572928146,0.334,0.3099670296345801
1653,9.527786746312083,0.015422228059721297,0.05539719118717376,0.6369501575214098,0.7111540417051828,6,0.77289450433165,0.271,0.13716572107439595,6,7.33917170314618,0.11800000000000001,0.08647542442619618,0.251,0.12777295417974924
1654,23.917527217767383,0.0023397672825170744,0.05882889114328154,0.785173197636211,0.9208931183267186,2,0.4954926614958433,0.078,0.0013204396214857306,2,1.6436068153442462,0.044000000000000004,0.0011908930442756926,0.056,0.0012337898178769457
1655,3.553333764128904,0.0722453892538545,0.07245132748006547,0.5429066510560493,0.7862611033319936,2,0.7281192044532143,0.376,0.3659258292496978,2,4.653604229240341,0.268,0.28257237763161125,0.363,0.35081003320341486
1656,6.2396681864704515,0.07212758605430492,0.12601205854884986,0.9101579214721175,0.9967185925791094,1,3.533678326324364,0.17600000000000002,0.18314887286768633,1,26.103620917790643,0.076,0.15399966593165343,0.268,0.2224661623374833
1657,36.67280153570492,0.039207458790837514,0.19066742683140597,0.5959752898825018,0.8436815146515243,4,1.1506079083070822,0.018000000000000002,0.019663220055903124,4,8.425591173562974,0.007,0.019372013305049618,0.019000000000000003,0.019697137328708314
1658,34.67489428617481,0.07396059524443907,0.17472760853049335,0.8733537132538906,0.691967591809605,6,0.7190938525335786,0.026000000000000002,0.016790826837252082,6,4.801739946950911,0.010000000000000002,0.01641322403807996,0.022000000000000002,0.016696257563645928
1659,13.228004799206657,0.07459719076839547,0.09892254163507214,0.6625815189904796,0.8614573357526993,8,0.7630862862600457,0.193,0.05444942482029605,8,3.210588866670886,0.107,0.041533089259986916,0.17400000000000002,0.05105048018554165
1660,38.16974089210366,0.006374695066133197,0.010043866159268798,0.9511176102738603,0.8981534830459097,2,1.4354818276981454,0.009000000000000001,1.6541437147798987e-06,2,7.816171662792131,0.004,1.629889369081372e-06,0.010000000000000002,1.6626127022079107e-06
1661,12.181763386824139,0.03763235344314761,0.09844276463551924,0.8946556220362565,0.6258843014293077,6,1.075474464299197,0.184,0.06268571658510333,6,3.9176477520421127,0.108,0.04950865842057761,0.189,0.06378791231481945
1662,39.8628877856707,0.02800185790844529,0.02802088951096729,0.92507298238818,0.6779807520492158,4,1.5954398295780954,0.009000000000000001,4.9947338583461454e-05,4,9.38200147114346,0.004,4.937423649667427e-05,0.012,5.020665127644652e-05
1663,11.75304550190635,0.36885104795532614,0.6704478888277426,0.513932115038877,0.7838911742227905,2,0.22422083767958095,0.391,0.310338588239319,2,1.0511219631153448,0.259,0.263844544151573,0.263,0.264938948979336
1664,23.822752057118358,0.01226858435019841,0.016588434370010074,0.9549645695936356,0.9890324194733514,7,6.6767070041087955,0.017,0.0003730272124651546,7,62.838958405685,0.006,0.000357037344625194,0.044000000000000004,0.00041352090394036756
1665,16.646803910993995,0.009492170744619907,0.050716079376594336,0.6709076138563445,0.7140567643461824,1,1.784569345354844,0.101,0.010526417184816422,1,13.240639270334405,0.04,0.008452649270133339,0.13,0.011800344198803964
1666,2.322346361806149,0.03852270808481454,0.07028655885985961,0.9072305598322842,0.8813362059448314,7,1.7124814079052304,0.319,0.33792029849669725,7,13.485557585797302,0.177,0.271413291359793,0.34800000000000003,0.36079326910796644
1667,0.5908812357484713,0.013533412841039646,0.057592766853427395,0.8970936888680282,0.6367447644669272,5,1.420484342444189,0.368,0.4075056148113221,5,7.7938284591541835,0.28,0.3469721643050911,0.379,0.4193353583793325
1668,5.445518967526062,0.07526636915810371,0.19215962133005765,0.8125986585576636,0.6653630635988995,3,0.2789850934854423,0.393,0.34670542192038156,3,1.2554552913056563,0.308,0.2687672386732113,0.324,0.27951465829806377
1669,5.378677567447731,0.05448812284933947,0.072087570138463,0.9208652801320059,0.6439172621891712,4,0.15351878681517936,0.406,0.3697170168933873,4,0.4209588965500598,0.366,0.3148250886083769,0.314,0.26897404502318906
1670,28.10733624021799,0.014590147535059115,0.031006926814215706,0.7067376454626707,0.8960025854120688,2,1.0008441502678977,0.037000000000000005,0.0001526064188255294,2,3.5536490416118354,0.02,0.0001446542824160013,0.037000000000000005,0.00015261370391572715
1671,12.582723446672135,0.06597128569797127,0.09838966411547581,0.9233961697063503,0.8523458791761173,1,0.9594079154266529,0.164,0.05585515099921201,1,2.567875407441792,0.109,0.04726364935902322,0.161,0.05537915264304136
1672,17.981127390284858,0.47532706642694467,0.6236565107711743,0.8101904702795553,0.6366132697851989,2,0.09029901509790159,0.331,0.2867171969835608,2,0.30010232893820804,0.225,0.2604709060195396,0.14100000000000001,0.24550329299452806
1673,18.584693801014964,0.05098002928278748,0.05105064786895527,0.8798041925600071,0.6210132948599801,7,2.911259962303867,0.064,0.005991576548607325,7,20.513506789018166,0.025,0.00527731837691281,0.10400000000000001,0.006912452706007932
1674,22.9000823438393,0.03006266134631259,0.36931827198282047,0.8393973593668074,0.8309665922975115,8,0.3040232423904739,0.126,0.08101519633465168,8,1.1968809045517497,0.068,0.07685504474980093,0.074,0.07724604895560658
1675,20.300348713304082,0.7927554259649833,0.8076828135047717,0.8251549634414586,0.9904406824587267,5,2.686467355615524,0.058,0.30598645588369466,5,23.78338830869319,0.02,0.30233766434506193,0.092,0.3095006476524945
1676,19.00894564386484,0.021725254152832416,0.3562894025903444,0.6264733327425238,0.627884378746453,2,0.8131167290228457,0.151,0.08288717143665167,2,5.698690885621992,0.064,0.07568680256429927,0.139,0.08171994303988864
1677,7.111818980199605,0.18663045773891396,0.9590810298329884,0.9785041830699307,0.6700187737959327,8,2.448882288255024,0.228,0.28085427548435016,8,20.05795140530417,0.099,0.25328282218106335,0.298,0.30347265510645793
1678,5.886394131037735,0.018495451948274958,0.07078359756261249,0.9620872566653536,0.8672983850877181,2,1.76919534748657,0.23700000000000002,0.21105395327434096,2,7.502721862725746,0.14,0.17419940929766448,0.279,0.2332953604593616
1679,23.310945646617334,0.009758153343924096,0.07611063436926623,0.9058084655027503,0.6680679836126213,3,3.338784877523741,0.038,0.0022498076918939236,3,28.63976797646057,0.013000000000000001,0.0021125795780398693,0.067,0.0024360055627531407
1680,18.935666413532054,0.06280903939815023,0.21113849843517302,0.8290772861014085,0.8053173586151551,6,0.3811829425191107,0.162,0.04162433132462101,6,1.7353117485254586,0.084,0.035930522540634,0.108,0.037450601081157664
1681,7.087487289656997,0.0044986603638361745,0.19223022094437053,0.8846532188239714,0.605706613420055,7,0.16017987049914745,0.404,0.3220760766039939,7,0.33207866316815915,0.368,0.27809970719295996,0.293,0.2202946244155811
1682,33.72614762177754,0.015708481789401586,0.01585292441708591,0.7442547561262588,0.9175482462966967,3,0.4443405238611303,0.029,1.6417014280872833e-05,8,1.945020460867139,0.014000000000000002,1.5699175814787303e-05,0.019000000000000003,1.5954423365716064e-05
1683,36.14961209521954,0.005668578961658187,0.019580837357106015,0.8244369819696772,0.7423708700518771,7,0.6055596680155486,0.021,1.0419636786329622e-05,7,2.2751547156190677,0.011,1.0145846038756012e-05,0.016,1.0293250815390786e-05
1684,32.42870871533576,0.019493932413711137,0.323894722491294,0.9842107831824974,0.7014415484705969,1,1.8397120199788652,0.02,0.05945020715342336,1,10.788692161885074,0.008,0.058872993928133416,0.027000000000000003,0.05980321984824627
1685,2.3868381798702365,0.001528561678175938,0.05232085407303912,0.9337250945225787,0.9332266540735386,4,1.725836204675309,0.311,0.3315662852056184,7,14.006467772232968,0.167,0.2663061197379226,0.343,0.354721203144903
1686,19.9433028736,0.060562030932332374,0.1580581195107019,0.8212415966514196,0.9278723657469877,4,0.4251614264466084,0.131,0.022040236737669083,4,1.5026108389379553,0.075,0.01945535510557969,0.09,0.020089385296537893
1687,25.573904139693422,0.18254626053376638,0.18386151618783086,0.6964931610955236,0.7348268053600002,3,0.14614447653076057,0.151,0.04619920677494335,3,0.42584085328696497,0.095,0.04175369690899683,0.064,0.039722918514020045
1688,20.673627215208047,0.026137483954402685,0.06258558665071151,0.6044334725755133,0.8838844838292954,5,1.1781539030403672,0.081,0.003401505328373411,5,7.01533990742332,0.035,0.002926069536035858,0.08700000000000001,0.0034764230625591586
1689,37.74016673587842,0.007364211141466632,0.5678250483625294,0.8339847156910767,0.6519234560912918,2,0.3942900362939518,0.026000000000000002,0.1183238371727405,8,1.9318118933677164,0.012,0.11756741235491694,0.016,0.11781035951865859
1690,26.265479397925912,0.05891473309678476,0.07218740519644687,0.8493179389198858,0.8283297892350259,3,0.2806700460059558,0.08700000000000001,0.0023184273231175168,3,1.40702237936311,0.041,0.0020602844981720547,0.048,0.002096930924034346
1691,21.154196424590225,0.08265060533640037,0.1207565740720158,0.5652009131218884,0.820566526052851,3,0.08631281596028764,0.264,0.021451016863772654,7,0.27853708315138725,0.17,0.015494087063953388,0.099,0.01271430241843835
1692,15.190775759463895,0.046362548248725204,0.1096877599590703,0.9502602194219018,0.8084998362195047,8,0.6217382626217425,0.157,0.030464044511464977,8,4.177116103937598,0.068,0.02317217270847169,0.129,0.02777010960925233
1693,31.248097570699112,0.01591771985233537,0.7408502522134783,0.5091043874458842,0.902293253586864,1,0.40511791469339353,0.056,0.14583536055239496,2,2.1076934600715913,0.026000000000000002,0.14427347217677877,0.037000000000000005,0.14482383730261672
1694,20.125270898240014,0.0743766707884619,0.5750608465118706,0.885244944529536,0.8400554954224633,5,4.064829175427817,0.05,0.12499159002657198,5,31.687908197508666,0.019000000000000003,0.12295032323983959,0.095,0.128279459467298
1695,33.397880943141686,0.356082235112135,0.390251701143466,0.5990795849734778,0.954141868899243,8,0.5729910722736162,0.034,0.14875821153411187,8,2.9470517796439943,0.015,0.14667997328439467,0.026000000000000002,0.14785159734479167
1696,35.91450976624359,0.06510763263195425,0.21777561356782185,0.9107823403072017,0.7518816597666794,1,0.8112638033097259,0.02,0.027756729218638393,7,6.354388053038316,0.007,0.027327437199638094,0.018000000000000002,0.027689904621823386
1697,28.3547578196624,0.4191751209722798,0.691346744428122,0.7092202664666895,0.7768714235842521,8,0.7765272490825031,0.052000000000000005,0.22722290573009452,8,4.181546705161475,0.023,0.22399434248767058,0.046,0.22654668097761693
1698,0.11463052277100058,0.015834597011739553,0.21809359657334781,0.5231477288662217,0.6838792253370888,6,0.9404789056427755,0.393,0.4446319625934017,6,6.2663711348343645,0.334,0.38571820894947767,0.392,0.44310120131182096
1699,25.271622472406833,0.041022879814762894,0.05845825967637221,0.5255602174594507,0.6373686590364925,4,0.9496089040670445,0.07300000000000001,0.001304844713422737,4,3.5531385407214584,0.039,0.0011831238981666603,0.07200000000000001,0.0012980855235931454
1700,4.092684451448174,0.01621018103854653,0.23677589205537722,0.7076692511518892,0.8552478307137219,1,1.5139124543505422,0.315,0.30336878760410646,1,8.134812477204957,0.194,0.24551860763880917,0.341,0.3222604620753079
1701,15.386019848841007,0.07455775599702774,0.08493518829545327,0.8566555354911851,0.9676900430785986,8,0.5595667243066362,0.156,0.02779819734702657,8,4.562767343040982,0.061,0.020642617912639633,0.122,0.02481566430081833
1702,1.2252690905113222,0.0012576109846732563,0.04468655983121713,0.5283018626271756,0.616417397778591,6,0.9455683734313554,0.39,0.42571587394633237,1,4.497618554706794,0.334,0.3684747901828793,0.389,0.42393102333368615
1703,28.83279091520036,0.026751136984606797,0.07935611488467363,0.9077271123086712,0.980460975922519,2,1.6057342823081742,0.027000000000000003,0.0015474107315801844,2,9.096684493752866,0.011,0.0014988182198290567,0.033,0.00157041786179965
1704,5.198264695548398,0.912533424104562,0.9819699085716052,0.643383617923619,0.9842111006066537,4,4.982476451771562,0.242,0.36844074097024415,4,49.54515150962787,0.098,0.3489265136272962,0.37,0.3983524135675749
1705,39.129738926298074,0.020189665665461112,0.9628137881707945,0.5299449355843173,0.7832153413223242,6,0.7355129613917325,0.019000000000000003,0.1659525481966154,4,2.4303911595878973,0.010000000000000002,0.16562221565756857,0.016,0.16584780857602333
1706,26.910450520954235,0.009482467881720606,0.01771471357505707,0.5397120926720432,0.8153856402423804,6,1.5744254980643049,0.037000000000000005,0.00011900807822318171,6,8.594041089306591,0.016,0.00011003984643440101,0.046,0.00012324204429567387
1707,33.360802962866934,0.06314151537543235,0.8657912482348835,0.6769905669625141,0.723451512513262,2,1.540465774227454,0.023,0.1582491636131317,2,6.643554653517832,0.011,0.1577282266493173,0.028,0.15849171810851448
1708,17.17808434409716,0.0018267804216994998,0.053965669879680205,0.6296419626060525,0.6066040060719666,6,1.042351923762609,0.134,0.01024335106509433,6,7.057378059148769,0.056,0.007637090334466384,0.136,0.010344454019284133
1709,3.236237965923725,0.0026090083643709946,0.1961005859244924,0.810149568515867,0.6714001090425293,6,0.3985755721735562,0.393,0.39359759633983044,6,2.7113037030145053,0.298,0.30895133112846473,0.358,0.3526663889482513
1710,12.79192395429146,0.0016176843462582069,0.0284967814234045,0.5124219493314759,0.9264836563329941,1,0.9913323279905986,0.186,0.046430309695860955,1,7.314769879136006,0.08,0.03184228009994067,0.185,0.04631761336967635
1711,25.702123468266414,0.05541184523195513,0.8574275781359253,0.5901544705620259,0.6998316479084564,2,2.80769777656236,0.043000000000000003,0.15853445035543123,2,25.347513666006865,0.015,0.1572072732399045,0.07,0.159882067400004
1712,6.328985881165149,0.03250932826137025,0.09164166967265028,0.9485461169168877,0.7852086974126905,5,1.5001857641146514,0.249,0.207053402438901,5,11.392875680082073,0.117,0.15831369055125,0.279,0.2233160800538967
1713,14.882710447292013,0.007826332951252563,0.0714717509146213,0.701686538848391,0.8527731216515095,1,0.8981276701150208,0.148,0.02444160760779099,1,7.791026533171557,0.057,0.017801812517486915,0.14200000000000002,0.023852707023183206
1714,2.0402641844826808,0.015291567135573777,0.3804764249006934,0.7551056876665404,0.902728339723845,2,0.524632853964767,0.39,0.40872639063391525,8,3.398254491524892,0.298,0.33783798401726123,0.367,0.38440628248965514
1715,39.295607244515026,0.07195325272883017,0.07943748094483206,0.6336305917111741,0.6251435621580633,4,0.07785044980535101,0.055,0.0022648975069241017,4,0.1477550362305673,0.041,0.002197861552313607,0.016,0.0020936547681456863
1716,11.230239539561937,0.03547014643130732,0.03779364223403101,0.7341384064438824,0.9009035180510027,7,0.9660257618808417,0.192,0.0729527520305864,7,6.786297239230195,0.085,0.052176575017996774,0.19,0.07233158977764528
1717,18.630603199181273,0.013730493015011645,0.019252345839941357,0.9976152031593337,0.9160242367506158,5,0.9167023073134692,0.081,0.0039851648732057154,5,4.838706105566079,0.037000000000000005,0.0033534579169926526,0.078,0.003933919340846165
1718,34.9329872630158,0.06591868816564514,0.15023903903028088,0.5811043977711935,0.7116364369266398,7,0.5027181894644055,0.036000000000000004,0.011187576136823696,7,1.5450707732432218,0.021,0.010919257111687092,0.026000000000000002,0.01100503402507541
1719,17.853751724615467,0.01827465261539347,0.026946426949966098,0.9493576097953841,0.6732023175755345,3,2.845365639762597,0.062,0.005235230121314577,3,20.461762474905484,0.024,0.00455621957257582,0.1,0.006086283736551956
1720,23.879817193743026,0.06024406318615608,0.7123255095841698,0.5960787870245099,0.8042087343478231,5,1.3591355520710808,0.069,0.1442556815574668,5,8.96071817869808,0.028,0.14197106537813484,0.08,0.14487918929152524
1721,20.23276004251954,0.01595686716721546,0.060058452214973676,0.8692819578963454,0.6865762330766618,8,0.28627109009269125,0.148,0.00455298215896105,5,1.5130186502292826,0.07,0.003394244242484412,0.085,0.0035762667006656867
1722,15.847443406151806,0.0185812277639145,0.07818197584325594,0.7093407858983941,0.9164281734771664,2,1.3269641641139485,0.112,0.017016015756421504,2,7.217682859829479,0.051000000000000004,0.013951074970747657,0.126,0.017922344919719085
1723,13.117518090654466,0.07608372265544713,0.7630909304177655,0.7754051946160496,0.9730907706402889,5,1.108493049359144,0.168,0.18123309996747758,5,7.167528064514363,0.076,0.169544158139783,0.17400000000000002,0.18228533150614482
1724,5.787868190032831,0.02298370332006908,0.06245849730454091,0.764059257930552,0.8870833875745696,7,2.0491304694430617,0.243,0.2163552430353196,7,8.958728143305889,0.14300000000000002,0.17734370694805762,0.296,0.2460342342508185
1725,12.226873464609628,0.09269419083564316,0.16041924689206213,0.642933527548676,0.9474206259352249,7,2.298971877935287,0.137,0.0702992114142495,7,17.222136124914446,0.056,0.058374797461191535,0.191,0.0810114436642897
1726,32.321645345077954,0.8884818685581213,0.9874923258228285,0.9156139477509074,0.6710713470601946,5,0.41479608835302734,0.043000000000000003,0.3295760346187069,5,1.104493836058962,0.027000000000000003,0.32818492374563646,0.028,0.32829730388182665
1727,15.834698980697398,0.05628980309944833,0.7667671647868477,0.7329882351076032,0.8910824358869226,3,2.3198788132571373,0.10400000000000001,0.16071177462911643,3,22.187003449545173,0.037000000000000005,0.1554743041340414,0.148,0.16489132983395283
1728,8.924031729667336,0.07566280399226133,0.0774815098672526,0.9472742364722694,0.8671367742255502,7,0.1420426506480162,0.364,0.22265850965829845,7,0.2889284410213603,0.315,0.1819950141492854,0.22,0.1335502227224436
1729,31.042072363214032,0.024315094748692003,0.17965884360174017,0.5351815855601052,0.6999920877581064,1,1.2242530957443303,0.038,0.01748625951803698,1,8.996115560669462,0.014000000000000002,0.016911008725599197,0.041,0.017585368026778292
1730,15.741352291002114,0.0779670615414447,0.17831323519127087,0.5073839962021816,0.6116912829302521,1,0.1355375904524212,0.354,0.09104451081746204,1,0.40205247705952557,0.261,0.0622797186206224,0.189,0.049831063999452085
1731,18.78436376183715,0.9023240471767447,0.9209691244326997,0.5245516611333724,0.8385606099044858,6,0.8444977089262303,0.15,0.336989308199377,5,5.036840551278586,0.068,0.3284063284203167,0.14,0.33581914073478425
1732,29.77944396272411,0.17417709050824082,0.26640120699560194,0.954767056487054,0.6484169496647383,4,1.5201429123201753,0.031,0.0585134880753308,4,13.916096822245224,0.010000000000000002,0.0571647960348019,0.037000000000000005,0.058990576911021775
1733,35.685802746336876,0.01965834478276206,0.07444808684981422,0.6011150303959918,0.7608234018776812,3,0.7239181386223781,0.026000000000000002,0.0010303015632309176,3,2.5616081837774125,0.014000000000000002,0.0010061266350570308,0.022000000000000002,0.0010225294420894149
1734,31.393580390591406,0.12384415304562242,0.17063759863396183,0.567173845047861,0.6090240857356484,8,1.284002214114661,0.037000000000000005,0.021174954119438316,8,5.626578157182005,0.018000000000000002,0.02056500523601229,0.041,0.02133368902960675
1735,25.014332538673916,0.016804814916895262,0.054291073127006956,0.7909596583487216,0.8176733618862514,3,0.8506225367499195,0.057,0.0008876561038419495,3,4.687689094049531,0.025,0.0008083858970567848,0.053000000000000005,0.0008764515323557431
1736,27.832835285215616,0.18071393864672955,0.6095748069630678,0.8838329730777923,0.9182977446804005,6,0.29720241523131335,0.07200000000000001,0.14728185607203764,6,1.9695145363236415,0.029,0.14364625132063685,0.041,0.1445683605047445
1737,8.23691983487156,0.06204745395494782,0.681149544063646,0.5459389344731816,0.9040801373159134,4,1.9462441430571693,0.23800000000000002,0.2368399092389108,4,10.388769310115613,0.127,0.20851096997739715,0.29,0.25605061404131435
1738,5.299184426199042,0.003155979841592965,0.6970673443545176,0.9190560707857987,0.9577206912599247,5,0.923040211647622,0.31,0.30954540837560285,5,3.2985056769862626,0.214,0.2720061511083203,0.304,0.3066669146029558
1739,20.490330014801504,0.05582802760043861,0.07565830583837219,0.7714371773165044,0.8601723014532228,5,0.30126651892151646,0.14100000000000001,0.006744421277925461,5,1.8236760021859473,0.063,0.005218929556157992,0.083,0.0055506997642850164
1740,33.974959564534956,0.027748496405754372,0.07953083719554471,0.6207496048108307,0.7307378372744502,4,0.4050330040568333,0.042,0.0013921645255063064,4,1.9805175316537262,0.019000000000000003,0.0013305257449743868,0.027000000000000003,0.0013508730096422061
1741,27.915148493499785,0.08265563973385114,0.8129420932802597,0.8156510546194482,0.6746859413540063,8,1.2811738510240664,0.043000000000000003,0.15514939901981814,8,8.88834102673536,0.017,0.15382756162391348,0.049,0.15543147566284354
1742,25.88091735980201,0.006145228214481398,0.07198246078488196,0.7886515832504012,0.6855648014513399,3,0.9958265229301524,0.056,0.0014773990253722225,3,2.7907563033746827,0.034,0.001399279886347582,0.056,0.0014769824174008517
1743,29.76963492687508,0.1892267894956439,0.5090904367164849,0.5556557573749975,0.6065492064993758,3,0.43831443574644896,0.074,0.1310221045079103,3,1.3420318372440847,0.044000000000000004,0.1282377016505427,0.05,0.1288210876534851
1744,10.78038819091106,0.05703528858157682,0.071772151360314,0.6848947522958142,0.6901726574743388,1,0.1976066102087236,0.35100000000000003,0.1604119529980484,1,1.1787421319438098,0.213,0.09101141877593327,0.225,0.09496301707447025
1745,20.434028576912834,0.6136706120240731,0.7316273435554177,0.5584521105580192,0.9568375438865415,4,0.426374011470323,0.156,0.2863034713753231,4,1.1643624853745262,0.10200000000000001,0.2789471144142621,0.109,0.2798394638183609
1746,6.567598124725237,0.01819921707352798,0.032439773729818745,0.9244213242957716,0.6396321895769382,3,3.148075460637185,0.20400000000000001,0.17893821943933125,3,28.596823879162358,0.083,0.1404946765443828,0.29,0.221624172053825
1747,33.41446902964421,0.030118406205655108,0.531090043810924,0.736981067039798,0.9825411385406237,6,0.6405863785290298,0.029,0.11161589620170378,5,3.4911195022080723,0.013000000000000001,0.11071486163502142,0.023,0.1113005957630124
1748,21.84279173907364,0.018165923516180477,0.14860270438606213,0.663363108190153,0.7319814219629118,5,0.28133543992551563,0.16,0.01676197592099643,5,0.630962205582882,0.114,0.015029207858599625,0.093,0.014364543238062077
1749,11.83426431111577,0.0020747945910999255,0.13028733579276433,0.9086482824234433,0.9249219800603372,2,0.1163028871882574,0.335,0.1287922870464043,2,0.38138754755694915,0.24000000000000002,0.086616279951954,0.169,0.0686288159794351
1750,22.64172150646809,0.19436353258316416,0.4638665286493619,0.7138157760276241,0.9230126968605443,3,2.7221616704163205,0.049,0.12244113879225368,3,14.225876730348809,0.022000000000000002,0.11995768441981819,0.078,0.12537137753551272
1751,22.663356930581443,0.7421649751458345,0.9950566473845794,0.9027645879316977,0.6550119305279414,5,0.9011587811951054,0.08700000000000001,0.31928533936438663,5,5.299811847357359,0.038,0.3145480746432324,0.083,0.31887682283626506
1752,15.634002566088823,0.07486311042094151,0.16227688218984043,0.7693145828367143,0.9871588815327681,7,2.44314751053677,0.089,0.03525831908435112,7,21.232182306459013,0.032,0.03116944941440375,0.131,0.03909567211913134
1753,28.430926215243254,0.009518963061552723,0.4665783685413876,0.9507003733542242,0.9422252421054055,2,1.4050686455410677,0.031,0.09811795808827856,2,8.964658164072004,0.013000000000000001,0.09707021232626956,0.036000000000000004,0.09844126677701479
1754,37.44302846949797,0.00803709925192051,0.029680419592668098,0.7085036651566502,0.7795294568396006,6,0.7682776139120522,0.018000000000000002,3.512812304468094e-05,6,2.65293528885926,0.010000000000000002,3.447340817860911e-05,0.016,3.495148644325208e-05
1755,37.450025022177776,0.020078264710419614,0.2528656549642408,0.8919668145100872,0.7404614051610229,3,0.36737861157933793,0.025,0.03782930620949562,3,1.0126478130708674,0.015,0.037427070631200265,0.015,0.037430977750082695
1756,29.238314431207193,0.0004532288707261178,0.0132565346484592,0.8390127593008557,0.6226529811650463,1,1.8448855945841853,0.024,3.6584187082189246e-05,1,8.218258271067745,0.011,3.489036274922919e-05,0.032,3.778719509514583e-05
1757,0.986829343746553,0.02388150944522264,0.041612055309379045,0.5209636536633172,0.8740929910563875,6,0.07838870085339446,0.40900000000000003,0.4747106500185774,6,0.299686542569871,0.402,0.45182417686674775,0.382,0.41807927543302115
1758,19.116721189185043,0.020247065026235318,0.07263431123273795,0.6083375360991576,0.8863059182908087,2,1.1954958268999067,0.093,0.006131336410495708,2,10.235142222491119,0.034,0.005057934246993467,0.101,0.006300376241223371
1759,28.966588803995315,0.148200526275539,0.16874011063327657,0.8786226998502793,0.72138122820065,7,0.2208514993334358,0.082,0.02736175675519284,7,0.4476772069326676,0.059000000000000004,0.02631207089779994,0.04,0.0255225879885575
1760,30.44721660219567,0.18606762801583407,0.631663679620313,0.6520212356384263,0.6390808001354461,3,0.7634375576321224,0.048,0.14974733683625302,3,5.167806842013563,0.019000000000000003,0.1474103088801702,0.042,0.1492646485565854
1761,25.344279585023138,0.03762128280052338,0.039575593146543644,0.6993979656216653,0.946537480718607,2,0.7319675219495964,0.057,0.0006782461420716812,2,4.5108037414637785,0.024,0.0006113776906669088,0.049,0.000661384033026291
1762,13.35984072683832,0.017401674318129192,0.04166742750429349,0.8453981428588261,0.85442041187409,6,3.886714649211416,0.083,0.027863515804532307,6,35.846764431468,0.029,0.023550751311979812,0.15,0.03515436488889315
1763,22.118544862622702,0.512050941630226,0.7004966316596833,0.7322818538006498,0.9149207466906389,5,2.5895967155948907,0.053000000000000005,0.25054606688602243,5,25.540298317345183,0.018000000000000002,0.24662209725770529,0.083,0.2540749577683404
1764,16.81787154609514,0.4248591373485111,0.9884722908961895,0.6334700353321155,0.7552636154148995,4,0.6308008075711328,0.194,0.2808535965489479,4,5.33727106427445,0.078,0.2649836018295324,0.162,0.27587323936964037
1765,5.290237085650625,0.09856652513441208,0.12290733167190693,0.5114862894814367,0.8852867863734297,5,0.46833213304726334,0.378,0.33046611319349384,5,2.055334090215501,0.28700000000000003,0.2559599380594717,0.336,0.2899874843763772
1766,6.577768099723805,0.009333684994408223,0.028358465696089793,0.5712222182529388,0.6946117858594186,4,0.11813401521092885,0.418,0.3659155833581365,4,0.6783830347869417,0.34400000000000003,0.2620421147095664,0.318,0.24073114600293757
1767,21.050209472564436,0.060472413043345434,0.09044963478778731,0.639878958791671,0.9338654200270416,4,2.333946124441494,0.057,0.006136873553992783,4,12.131632046502853,0.026000000000000002,0.0056573214911734004,0.085,0.006625931291058207
1768,25.658314299396576,0.019544739692598814,0.06857865448484997,0.771772256412646,0.7947837262931824,5,3.3033779197428323,0.030000000000000002,0.0012857221521551943,5,24.76909155842354,0.011,0.0012279536326984808,0.053000000000000005,0.0013646585119428956
1769,14.603546091902018,0.035561718836032444,0.05409826554332389,0.5562126209510396,0.7211021430342522,4,0.6889953115627278,0.196,0.03125581429231605,4,4.633556553201685,0.08800000000000001,0.020699497151919266,0.17,0.028007538801872622
1770,19.209625351167986,0.5960276146737635,0.7076233579440581,0.7957155864248557,0.8451841350969125,2,0.49151985490075406,0.151,0.28019506741892886,2,2.166098967530273,0.079,0.2706737510573944,0.111,0.2747610385517685
1771,13.424128404941285,0.014447229496372282,0.06440814980149967,0.5872549773355428,0.6279934361964171,2,0.78667279200245,0.213,0.046602560225606326,2,5.478559850242166,0.096,0.030319252706355465,0.195,0.04329177488769459
1772,39.946227605901214,0.04927210545051746,0.45389698666324974,0.7551990910305977,0.903548886534349,2,1.0183221538293408,0.011,0.09407489220410792,2,4.143221000314863,0.006,0.09376288775382896,0.011,0.09408073031842204
1773,15.891282389714945,0.05789548827886774,0.2523920002604374,0.5565483642227611,0.7693997207591088,5,0.25948676104333546,0.274,0.08414801240220343,5,1.1413137640557782,0.161,0.06466841421743338,0.169,0.06578725111052416
1774,20.494922549350864,0.006467193641004182,0.01751353064876533,0.9753571844435935,0.8971493789333692,3,1.226548469136081,0.059000000000000004,0.001675152703562971,3,9.508565579521132,0.022000000000000002,0.0014488323026906058,0.065,0.0017163493298139043
1775,18.44618889263561,0.013469693344824618,0.02129133401171111,0.8667957306824723,0.6510289862676196,4,0.30713454373778604,0.164,0.006254856021905952,4,1.1554575337703599,0.093,0.004529820900427639,0.099,0.004649599548839201
1776,1.9085234354780667,0.14311665250306435,0.29376353459544785,0.6384271249093456,0.8860116135574864,3,0.8889708108685109,0.379,0.39791535069825656,3,4.543599048754536,0.293,0.33567801605586384,0.375,0.3934385431954577
1777,20.73511524775981,0.03062626557486296,0.06675023939356826,0.9680628690908889,0.6521367125744314,2,0.9240862377952035,0.084,0.0037402619141539972,2,6.576926650365277,0.033,0.0031821152895800398,0.081,0.0037030139403122775
1778,23.789845166398013,0.11658470517522013,0.4847273034578395,0.9243641037545944,0.6107505907189301,7,3.09982382369794,0.044000000000000004,0.10933093229479157,7,25.93873127796405,0.016,0.10737305840432895,0.074,0.1116491718322975
1779,19.675473409815538,0.8914479457358433,0.9432282154910006,0.9086762816818056,0.7362439238643235,5,0.26387298769519,0.186,0.34206836117229084,5,0.9455368729347412,0.109,0.33323113329041265,0.107,0.33295513050903336
1780,21.325191361635927,0.07061659536519273,0.08397128390654851,0.9939135961164515,0.8839794188027014,3,0.799241075148141,0.077,0.006190478995295623,3,7.455714399345671,0.027000000000000003,0.005413231760382303,0.069,0.006060714116943783
1781,32.66214570214533,0.003656066797327533,0.16294330649135436,0.7025374556812513,0.6717085220613309,7,0.284052933010522,0.057,0.013761730313282483,4,1.496222934624653,0.025,0.013107632212147946,0.031,0.013217776337453052
1782,18.250246415603705,0.04663599821924096,0.0619965110612308,0.5668303207975214,0.6539228172612793,1,0.677852483238018,0.151,0.009712791846133495,1,3.9717925788756756,0.069,0.007178756757129756,0.128,0.008875513257874529
1783,17.267572286191715,0.0029638340776671,0.03894927336447264,0.9263096205866866,0.8652901544512915,1,0.4154656506435418,0.14100000000000001,0.009315843549726477,1,2.6169822089936465,0.062,0.006773732793141141,0.096,0.007727254021922203
1784,34.04359412959491,0.06948516533179684,0.1439268814443384,0.7654548560264566,0.8336070669638594,8,0.3895605123126512,0.036000000000000004,0.010129862906979176,8,0.9913851470471651,0.023,0.009910289714562842,0.023,0.009908721585791563
1785,24.809881702843892,0.024330020849464472,0.04276745821962175,0.6382270314515586,0.9006096130595693,5,0.47233739461607416,0.078,0.0007176711163575655,5,1.7871250743010962,0.042,0.0006349824195259479,0.055,0.0006632371447134744
1786,17.68357612662154,0.14251998475774133,0.7789673112140821,0.9490425620135006,0.9690038571627091,2,0.24660571205717124,0.195,0.18102900474811306,4,0.5661730067049167,0.14,0.17435706147960872,0.11,0.17123596706413563
1787,31.797907986442613,0.14947756501249854,0.5804199722406118,0.7144809751136652,0.6748566306644936,2,0.39618710499393495,0.053000000000000005,0.1328913392993814,2,1.4719820757431834,0.028,0.1310743616643966,0.034,0.13148977715608776
1788,35.987584213309816,0.039225167853479216,0.044239779368001636,0.7230826530552639,0.8260216464450595,3,1.0874857224352295,0.018000000000000002,0.0002495881598308658,3,3.897825033686504,0.009000000000000001,0.0002452014513590617,0.019000000000000003,0.00024999404836581474
1789,38.03404455819047,0.006657407377908323,0.14681755869402405,0.8951152150500039,0.6346805675823262,2,0.5541264887452447,0.021,0.009535992487200107,2,2.082509001641387,0.011,0.00939018296219632,0.016,0.009458774334156483
1790,25.49292820548706,0.07104713886670158,0.4486501406743501,0.9322021576818373,0.9009167210998028,7,0.2263930338524876,0.10200000000000001,0.10027960588956256,1,0.6203278146412885,0.065,0.09759321420350409,0.052000000000000005,0.09673313668891245
1791,0.4511266862539539,0.15759388757812107,0.18375712752647022,0.6759372044730071,0.9401832569575529,6,2.1736586751852736,0.35200000000000004,0.3946093755591629,6,17.887730325044654,0.221,0.3280917915961392,0.38,0.42080669255236797
1792,29.864460756637904,0.015469665069526432,0.01843320461725523,0.6543327083121124,0.692549908474799,4,0.5641068693556913,0.045,5.319640932949232e-05,4,2.010424604175856,0.024,4.949085114452911e-05,0.034,5.119942116066367e-05
1793,1.6007777557635459,0.15603943397503625,0.3440297558749009,0.5488613628862339,0.9388268523093706,4,0.2689778603034989,0.41000000000000003,0.4459636500225109,4,1.0178899816732332,0.382,0.4052359996506192,0.382,0.405868726315031
1794,28.398584674370287,0.06568232404335908,0.06910037807428067,0.8250183028189223,0.9692692725583341,2,3.132503008773622,0.021,0.0017705370279333388,2,23.495491638663324,0.008,0.001720666954315414,0.037000000000000005,0.0018333362307348666
1795,13.629666701117053,0.007957320253852177,0.14194727826055326,0.894510524098959,0.8942219466726938,1,0.5748998770365601,0.184,0.05215132122217436,1,2.0822347603239795,0.109,0.04167362693729712,0.148,0.046610000001749974
1796,37.07624360242916,0.008992865985243407,0.0667503589479837,0.990421980205221,0.840666638590081,8,0.19276490507117405,0.032,0.0006885887956469272,8,0.7033694241638004,0.017,0.0006682029726554906,0.014000000000000002,0.0006646687077614122
1797,37.65050395891063,0.003970950149025887,0.5552084995504108,0.7253981263660133,0.6722377729253014,4,2.3448639870582757,0.011,0.1152228316432592,4,14.927145315010714,0.005,0.11485740869471112,0.017,0.11554513741376435
1798,8.656143900316273,0.03179697978826604,0.14823252181540256,0.5034465447490912,0.8198631406982159,6,0.33506106998790536,0.36,0.22845906008252764,3,2.411566578874859,0.213,0.1422670611468675,0.281,0.17216699514098868
1799,15.833959245503483,0.02282186275654423,0.025226767453244127,0.7647853439816078,0.872974050022233,1,0.42444063174719243,0.17200000000000001,0.017158854151191144,1,2.526259706829205,0.08,0.01176405357951782,0.12000000000000001,0.013770673658748733
1800,4.852174007326917,0.01195773503898114,0.19948821800779143,0.7237812181014385,0.7360703197229441,7,6.698233239165724,0.199,0.22770029370207479,7,61.423675812647545,0.08,0.19155686564321747,0.335,0.3001695461004165
1801,1.9027673703857977,0.1199076102596081,0.16787096369149834,0.6380076000102775,0.8927311545013944,3,0.5496991644717371,0.39,0.4122890151193569,3,1.9506843600837205,0.341,0.36265853921705715,0.371,0.3896460049826164
1802,6.044700844541635,0.12183822966569548,0.5376649507216683,0.9121333547248879,0.6906921607546843,4,0.14917587705438562,0.421,0.37815646568746764,4,0.6001906499422439,0.35200000000000004,0.3132072398039961,0.316,0.29186836359851587
1803,14.023377752692447,0.4848651449764065,0.7581631043156356,0.6950235391140256,0.9751552366448801,7,0.365411036276027,0.263,0.2912405946545309,7,0.9323700924409647,0.188,0.2764228132053805,0.183,0.2755573801158399
1804,2.6684425709491744,0.07628486970265021,0.3119394844962575,0.5784346739747808,0.7386425912161447,7,0.5400271130737828,0.398,0.40891217014548525,7,2.4613854742371815,0.335,0.34713907690698964,0.378,0.3847144307171232
1805,29.116606531110506,0.030005469610503932,0.18552327614816932,0.6345881145902303,0.6850086702786459,4,1.4026703096007707,0.04,0.01928021535658439,4,5.748693747684682,0.02,0.01873769819873833,0.047,0.019482063655602372
1806,23.335923989881596,0.012839128814355507,0.8122693159619793,0.6217758230203948,0.7586629701448566,8,0.3613881383298699,0.133,0.1585516859830061,8,1.0865481100287862,0.082,0.15560574092322374,0.085,0.15577596324377033
1807,35.7183641596625,0.021801692526387986,0.038468295638367206,0.8291348030994721,0.9463555199161402,8,0.861302197358411,0.018000000000000002,0.00010606338395194315,8,7.12219147582106,0.006,0.00010340650462598022,0.016,0.00010576711699397667
1808,19.12234041169995,0.017851479982256693,0.05706559631285362,0.5223512193450399,0.6223326384912322,3,1.1642603675628553,0.115,0.005369075785897293,3,9.136309258499317,0.044000000000000004,0.004150936160256136,0.123,0.0055401458046470675
1809,37.50282891032488,0.05528831239827791,0.1070717124889384,0.9303699280108388,0.6228790185590038,4,1.415016539639028,0.014000000000000002,0.0038085418021193973,4,8.189967850272735,0.006,0.003755519179620609,0.016,0.0038259352089167475
1810,2.314440209755307,0.008268254791711381,0.010825539235449618,0.8128199861937567,0.6347009068754579,2,6.8945724847184415,0.254,0.3013501772363456,2,63.72047095514656,0.113,0.2513431081033517,0.367,0.3793276302064237
1811,9.287670052463373,0.892163717130326,0.9018714973432095,0.9574764974227584,0.691116940345267,4,0.2339078064035471,0.402,0.39142863546556805,4,0.42675691215436257,0.354,0.37693580635417157,0.281,0.3603698845926666
1812,4.754132904175988,0.8152518431317217,0.8249959810412268,0.6029695679955237,0.7992599644369173,8,0.26923007681872985,0.449,0.4348669524344426,8,0.5564399725604416,0.422,0.41521075649700145,0.391,0.39885111957373304
1813,0.9806906712226179,0.02955814016941034,0.038760196185237336,0.9406168756507284,0.8116530689799494,8,0.560121737947699,0.384,0.42029650629811843,8,4.267361659976922,0.292,0.34601324670014905,0.367,0.40006048692550933
1814,19.370354744675065,0.0769066912085549,0.15272714386604339,0.7428290117226053,0.9076297832810241,1,1.1668118877634297,0.093,0.02127592845119508,1,5.583681447845532,0.045,0.01920314386069205,0.1,0.02159998999684956
1815,35.598841264073705,0.002623418532721161,0.005525655071868291,0.5116676910823145,0.8182984168152815,8,0.34011334487462924,0.030000000000000002,1.976549674626016e-06,4,1.0821604609916071,0.017,1.879677212074382e-06,0.017,1.8845740257789068e-06
1816,39.909824566533935,0.07362167379529817,0.13454307646951236,0.8055052367770049,0.6174784904461048,4,0.12245738753700997,0.037000000000000005,0.008487384318062341,4,0.3282783352234638,0.023,0.008284201163355182,0.013000000000000001,0.008151346135096438
1817,22.976001234901197,0.01935232763558103,0.8669250980284097,0.7958149894046463,0.6432631086963543,6,1.3160934928838606,0.075,0.16070325358592394,6,7.557697769845582,0.033,0.15865693634619113,0.085,0.16122063054259445
1818,37.45895986622758,0.8521070095537707,0.8803291255616805,0.9325255653431256,0.9626937584447898,2,1.2939851704471923,0.012,0.3143837716467877,2,7.780073413417881,0.005,0.31380167461426356,0.013000000000000001,0.31451867454270155
1819,38.35909151337065,0.02046647759528713,0.6320301751557117,0.5763658241242525,0.8573943676925809,2,0.393149057395014,0.025,0.12911433231835828,2,1.8032320392785703,0.012,0.12842302389299592,0.016,0.1286304190828425
1820,24.706456580350697,0.021655152181249145,0.04463178494416883,0.6570922291509218,0.6688544217033493,5,0.16648500404151087,0.14100000000000001,0.0009631659032394713,5,0.6289303785797858,0.078,0.0007586002920776935,0.063,0.0007200702512944468
1821,38.18923305255256,0.07524188853182269,0.0999638665587538,0.6813038548759703,0.9414389715709236,3,0.27747695274318507,0.027000000000000003,0.0038600642423329556,3,1.0288094351681834,0.014000000000000002,0.003770128152084107,0.014000000000000002,0.003771519453989125
1822,25.685064519195862,0.886960886873537,0.982422251251669,0.927778816120212,0.6346577152228022,5,0.5175039722032332,0.081,0.33263397639669856,5,1.2879642635575879,0.053000000000000005,0.33004132675785214,0.060000000000000005,0.33064706330212634
1823,34.27028660679327,0.011416655810139068,0.016871963033470504,0.6906665018795836,0.6559448699474316,8,2.1289747390279015,0.015,1.2001046638815405e-05,8,19.18174459834581,0.005,1.1646797478059856e-05,0.022000000000000002,1.225182912500955e-05
1824,33.548631888970576,0.029711605212901317,0.03086114663876737,0.519661595845437,0.6744286406417186,8,1.2260636252079846,0.027000000000000003,9.605812871762986e-05,5,7.480201282506525,0.011,9.237087699676128e-05,0.030000000000000002,9.67410552432102e-05
1825,9.270555374306138,0.030231889235178055,0.5365159928526089,0.8583282230508478,0.6929409724784331,6,1.3683696850338851,0.23,0.2016267378226843,6,6.994645366020803,0.123,0.17510620275041477,0.254,0.2097431749988011
1826,18.061249291230926,0.05929038462906754,0.06568858344514468,0.7821545431866973,0.9004300771176704,5,0.6291429160076336,0.123,0.010292348456508976,5,3.427068609875079,0.057,0.008245461988190317,0.1,0.009502753471086867
1827,14.018208976665486,0.002805451100510506,0.009495681757439764,0.7305986191447758,0.7121312805110307,1,1.2830379890830397,0.14300000000000002,0.026669452426689916,1,12.16499621147264,0.052000000000000005,0.019183276894297857,0.159,0.028370758081620068
1828,39.223603164261284,0.07704317545234032,0.10092665362493672,0.5327277745931513,0.9199650987718463,2,0.22810458049293864,0.030000000000000002,0.0040560002238330395,2,0.4480351907703934,0.022000000000000002,0.003992769890665437,0.015,0.003941590192782896
1829,35.49915188326386,0.18453190480990941,0.4960607193057646,0.6941800871983057,0.7883702256620803,1,0.621985069718385,0.027000000000000003,0.12244497263676271,1,2.623890656737865,0.013000000000000001,0.12135975726662959,0.021,0.12199652511153236
1830,39.14705166014478,0.7933074845543093,0.851070617715148,0.6365465516793326,0.7946805471519885,4,1.0943342943834524,0.014000000000000002,0.30562811698003467,4,5.3571268534214145,0.006,0.30496355944906306,0.014000000000000002,0.30568473127877294
1831,3.122076259686087,0.042311362626738486,0.06851853182941098,0.8638301944957504,0.7640464614875694,7,0.8367358437170371,0.355,0.35215802703739896,7,5.805589160339058,0.23,0.27372939010507924,0.34600000000000003,0.34390955720001604
1832,2.8136560756261373,0.08327574107334712,0.8532198981950887,0.9571429363484859,0.7480507769671688,1,0.3094095822733429,0.40800000000000003,0.4229733763796307,1,2.0120832412000387,0.322,0.3589332335337214,0.364,0.3829310092520356
1833,16.263797807411496,0.04219317941506556,0.10253855609509763,0.7851290675034166,0.6591915917033653,4,0.39479620346387095,0.2,0.026452894561014295,4,1.93329534798926,0.10400000000000001,0.018894948385716037,0.138,0.021104738479489266
1834,18.768685022395903,0.05726135027321898,0.16979984371292098,0.5149513154351724,0.6268897863058804,5,0.7826049401940209,0.161,0.02939169875907352,5,5.653399934387726,0.068,0.02385569845261787,0.146,0.02829578134240207
1835,17.478824177009926,0.05343755317892077,0.10972574767129395,0.5253644015182611,0.9507920597623707,2,0.35865996673106887,0.194,0.021898635869252392,2,1.3002711026395182,0.114,0.01674360439263542,0.128,0.01746751336377045
1836,11.889656544905952,0.053967195134308504,0.06107869469505995,0.7650188018595176,0.6617557827768676,5,0.42443591704106165,0.266,0.08697100285081671,2,2.083101499251888,0.15,0.05665780294216244,0.2,0.06700837742693355
1837,10.068483633249025,0.013153206567739663,0.1625626826643734,0.6461162683048481,0.9461604729108537,8,0.7367221427906129,0.248,0.12794783332586387,8,7.300338573062222,0.10200000000000001,0.08756771541761882,0.224,0.119194740128717
1838,6.687213014867818,0.629767319986112,0.9356255049167865,0.7824874833173353,0.6592397826651784,5,1.149677861235701,0.341,0.36494556595729066,5,7.932711845436804,0.187,0.33016996576080415,0.35200000000000004,0.3685101155618018
1839,4.948271657845219,0.025015016775605917,0.04916350710746941,0.884883083708212,0.6432674090736168,4,0.6155987507025743,0.353,0.31107116140522245,4,2.6752440686916197,0.255,0.24234559442840123,0.324,0.28585579262655786
1840,2.0144336120059068,0.0005032401709105205,0.01817409225550081,0.8681389150953865,0.7933425998457955,7,0.15948212398859107,0.405,0.44123108797419497,7,0.3024909307218613,0.395,0.42185143204224734,0.359,0.3758630462069099
1841,36.18148926617076,0.027115201902896673,0.03162464928099938,0.5518133052921013,0.7156802439323801,4,2.652964178679968,0.013000000000000001,7.129893942059429e-05,4,17.191371771492985,0.005,7.000991977823556e-05,0.022000000000000002,7.266410804324108e-05
1842,11.766970561022385,0.040701418140648586,0.047967765356191454,0.5778517135864263,0.8956570189326838,3,1.1453538557255813,0.189,0.06430222668279395,3,7.486812250314921,0.08600000000000001,0.04621738184691199,0.199,0.06660627446674453
1843,0.3453089092166092,0.004532014121681631,0.8519404598367011,0.6981084379188182,0.9671718523300026,8,1.2940207524090461,0.382,0.4254768369980728,8,8.722661972201843,0.28,0.3708351033679904,0.389,0.43258096187496264
1844,4.155629738054491,0.015081124337929073,0.16265718047710617,0.5708870568914947,0.9162141949364035,8,1.4001657384278696,0.325,0.30683366566027204,8,10.3230886227219,0.184,0.2355454465400445,0.34600000000000003,0.3229615738145064
1845,4.340235552354872,0.025759867613270475,0.8338754972907383,0.9413983225998449,0.8181461398091864,2,0.5430193560229373,0.37,0.36639529331612636,8,2.7330399971867037,0.26,0.31074647088254914,0.333,0.3431035449757324
1846,1.0912955104430409,0.014502034377820421,0.5202155717704108,0.9678861310124534,0.6815756650280718,6,0.053126587886458666,0.419,0.4766506844296605,6,0.12434991412855803,0.41500000000000004,0.46473474869210596,0.38,0.4120953851631222
1847,14.733398835823094,0.05603033336414288,0.0722684944787261,0.8107683677412958,0.866882046534165,6,0.9645526741394784,0.138,0.027072278816382356,6,5.245419348615494,0.065,0.02129289412789634,0.136,0.026874215158715464
1848,4.669771807636665,0.13628316427935716,0.2307804478228584,0.6302858474446197,0.8793774878300437,5,2.3594496657956863,0.28,0.27333715991326685,5,11.835896572991748,0.164,0.22695307224825675,0.339,0.310506562828734
1849,13.364056998760233,0.26455308572883,0.5488019068969958,0.7999948979440916,0.9342948454908367,6,1.4119152174680638,0.158,0.19254562336607586,6,12.659626361595288,0.060000000000000005,0.17725762780181092,0.181,0.19695721111357964
1850,22.387459862464883,0.1950236527882292,0.7162164410283092,0.590187873453054,0.6449502608995109,4,0.10389692603045093,0.254,0.19205061766310225,4,0.4588297570341231,0.14400000000000002,0.1758982228855026,0.10300000000000001,0.17136677367339273
1851,24.58008166395361,0.02323317693553531,0.31820537904324075,0.6522646681899901,0.8575233283881172,6,1.1444496947382035,0.065,0.061128775325445944,6,4.630982238557293,0.033,0.05933821823937563,0.069,0.06138074036821653
1852,34.632381233836504,0.03129414814642615,0.0370809529493926,0.9112339069998373,0.6418599937558666,8,1.6383686264543966,0.017,0.0001327195582739582,8,11.775007300895235,0.006,0.00012963975803986783,0.021,0.0001341233714508283
1853,29.337492435745943,0.07037353604972249,0.09161952394906388,0.934947721265074,0.9634544845333025,6,2.3301357822745317,0.021,0.003259911945023758,6,15.959011654404568,0.008,0.00317769482552982,0.032,0.0033319711937464247
1854,0.14509189085575896,0.053318701650536635,0.06314781073003373,0.6623224693237655,0.855191273684712,4,0.157827083634967,0.403,0.46947089233926204,4,0.3994152423113917,0.396,0.4526003235310504,0.382,0.4289423088842159
1855,25.172099554874823,0.23700654409393113,0.9416551378143563,0.9495143581603581,0.9507111593716443,7,0.6097220267582139,0.065,0.20194295319038924,7,2.6784676216785366,0.032,0.19907009012259128,0.052000000000000005,0.2007322404362427
1856,29.020823030373997,0.0012830823492615618,0.07532555326411088,0.873460471597992,0.8412737185893197,2,0.7040403503297564,0.042,0.0012982090083766273,2,3.6399609224471314,0.019000000000000003,0.0012340652874225366,0.036000000000000004,0.001279384922461685
1857,36.29746044809185,0.9072691523613594,0.9391402529006585,0.9317013086571294,0.9271637188710171,7,1.8810769217616674,0.011,0.3246963791143832,7,18.192651617928263,0.004,0.32408081629948504,0.015,0.3250342349229793
1858,34.91092129692354,0.07917141863197215,0.0952080750674319,0.5414751609660122,0.8641636804656613,7,0.31410118562324313,0.042,0.003819592598268723,7,1.369407977839507,0.021,0.0036633038434710774,0.024,0.0036872234019793004
1859,30.930805272094396,0.12696266131590764,0.2804263294143657,0.7717016794778446,0.6440930673819464,8,0.8226901419443887,0.04,0.05376591667675029,8,7.874892338854473,0.013000000000000001,0.052210812275246904,0.037000000000000005,0.05354945597758423
1860,20.595809983510566,0.008715973975672257,0.36778107109356956,0.972527402030382,0.7565053091008513,6,0.5178912645277958,0.122,0.08145752167497805,6,2.2660926991001453,0.063,0.07709868377391196,0.091,0.07909560212622871
1861,28.47737883346477,0.0029121260255261837,0.00790528521967828,0.9850706504365346,0.6052967360973585,4,1.2874563121021871,0.028,4.3752483394388086e-05,4,9.94096947427627,0.010000000000000002,4.07029601347253e-05,0.032,4.4422761694251633e-05
1862,11.63647089531718,0.09639322601667501,0.9191121886730562,0.6753864309842789,0.6274067263846739,3,0.5084626068398427,0.295,0.23767628292421797,3,1.950889641233278,0.19,0.21194737997974072,0.24000000000000002,0.22250768905279128
1863,18.41027604000478,0.3352149303852562,0.5396079201429789,0.6534098583810446,0.8296826526547547,6,0.4960659177216138,0.17500000000000002,0.20187868041861856,6,2.818510263963172,0.083,0.18761580817515094,0.131,0.19456023112340765
1864,33.583180608136416,0.3204759580418919,0.571291328297031,0.8505089551169286,0.8923316936944299,2,1.0230839482990053,0.022000000000000002,0.17725643935430035,2,7.333556956708804,0.008,0.1758411534342841,0.022000000000000002,0.17728260130436554
1865,2.674067007972558,0.042400452154212544,0.07582906590503717,0.9637901010697005,0.9882790850103591,7,1.1788382127829307,0.324,0.33501584855557653,7,8.253301234340807,0.19,0.2682751961404005,0.334,0.34216092216788846
1866,16.890360237710887,0.2725821681722338,0.9988872635525318,0.6501299833415568,0.8136456535454452,3,1.0140602382359487,0.151,0.23334099822453255,3,6.0931343661442225,0.069,0.22335626544617979,0.152,0.23346099693149494
1867,37.035813189113206,0.006095450093418317,0.027720857943601532,0.752692059145091,0.8850519922358744,5,1.9086186412593318,0.011,2.7662686536700232e-05,5,13.985602323662729,0.004,2.723210341895599e-05,0.015,2.7927312975212226e-05
1868,3.331876497907675,0.13840964819618626,0.17900031090481228,0.6251209136742976,0.6995699791921157,3,0.2608453955712419,0.40900000000000003,0.41736662640364564,3,0.8305932952818079,0.376,0.36967618573533484,0.368,0.3612535408595362
1869,17.791255689908514,0.043586568648702056,0.050257946859882656,0.5186537368316895,0.6482381504540432,5,0.274151604704861,0.228,0.01428502021918257,5,0.7984779869232704,0.151,0.009955898753638975,0.138,0.009411924745530265
1870,20.743859257364353,0.044422897893148065,0.37407243195558043,0.7296414412052087,0.6463977774379165,2,1.339517407588224,0.096,0.08178435119724622,2,6.6745523141697785,0.046,0.07822872974517678,0.109,0.08281961919831812
1871,18.705502902365737,0.17351813801384688,0.1986509553464708,0.5654265192238418,0.8902515895647423,2,0.4144912779844668,0.182,0.061856486063469246,2,1.3801611813044825,0.11,0.05364899440252999,0.126,0.05531052165207184
1872,3.352584916682898,0.08429313715574836,0.1589262382765737,0.5967326677065201,0.7256506533268526,4,0.41527527930023117,0.397,0.3979738057811353,4,1.9492386225936114,0.331,0.32834478376684356,0.367,0.3590300358406925
1873,21.523109500551886,0.012542198032589883,0.047009780703123526,0.7855312479140312,0.9556702603811515,5,0.4961603774950016,0.091,0.001952168567627366,5,2.2550648365104142,0.045,0.0016480251371555898,0.066,0.0017765044309421552
1874,10.787493143556835,0.2941481684765931,0.44280906683027116,0.5541370588282636,0.8002698118025651,1,1.0744462675613515,0.261,0.22142463938207646,1,4.927420658509149,0.149,0.1932671462588514,0.267,0.2233347505603865
1875,30.04827583647511,0.2666961204151889,0.6314974123815864,0.8955219463515672,0.8631870257465778,1,1.918897064358927,0.024,0.17126840868924498,1,17.787294311392934,0.008,0.16976190647402056,0.033,0.17213876994077087
1876,37.0206085670305,0.0012468663086918053,0.018123335084226894,0.5635516402014797,0.656499058910848,5,1.7062539355570354,0.015,7.123131503250502e-06,5,15.496611943843265,0.005,6.945231772637062e-06,0.019000000000000003,7.206370038065346e-06
1877,10.74066862866324,0.02463746665897346,0.05005857390276521,0.5057011570871898,0.9188758794751754,6,0.7001967264052016,0.253,0.10186320544838004,6,4.212532494929642,0.13,0.06739447222189113,0.225,0.09183659499185373
1878,27.30260338964538,0.00721372351810872,0.050163570680443394,0.8460726686402725,0.9309721905960411,3,1.682030620902873,0.030000000000000002,0.00045025348399585496,3,12.723215566455417,0.011,0.0004283425516270478,0.039,0.00046090839627965785
1879,29.311732409035347,0.020298555748417817,0.05376678093428642,0.618401236328851,0.7153102245728221,3,0.11461978057999946,0.116,0.0005762222207778833,3,0.36490631966869563,0.069,0.0005025903824817379,0.043000000000000003,0.0004694895040839864
1880,39.73902368231752,0.009242918243643906,0.06985591583510094,0.5996220477124395,0.7150552376866838,7,2.4681785793277355,0.009000000000000001,0.000762912509653213,7,14.282435247331195,0.004,0.0007550430211087367,0.015,0.000770689368656069
1881,10.605066738474777,0.023623965780159562,0.06768503915838926,0.8336850883111863,0.6833771852340025,4,0.29193065633971166,0.309,0.133662515698193,5,1.5296394878443162,0.182,0.08325252332813435,0.213,0.09204920078904838
1882,4.351844451837013,0.0007751129237486198,0.029777386433288817,0.8700000642070602,0.8026957302027766,1,3.336268834899377,0.23700000000000002,0.24748428323997537,1,23.263896038255584,0.114,0.20282665925028234,0.322,0.29744463595888304
1883,1.2897319011986186,0.06903445993887644,0.14054812834936245,0.5407378592793983,0.8649043357540337,1,0.2670536292797166,0.404,0.4500585084541518,1,0.790139890319334,0.387,0.4193344682931599,0.381,0.41126747301176947
1884,39.51779091775483,0.05131858709753949,0.20038453927667765,0.5989447488733353,0.7023257733538847,7,0.9761492387122568,0.015,0.02230415258120172,7,5.660976213214738,0.006,0.022049816117621274,0.015,0.022298793157384644
1885,26.483870064528524,0.012824455756550621,0.020070164311872894,0.546965753685465,0.6283332705770778,4,0.363846411794931,0.08700000000000001,0.0001915773639897811,4,1.6955951079214404,0.042,0.0001599609401052582,0.054,0.000167651811274927
1886,8.721422388555466,0.16825578111325856,0.7273980833188405,0.8667298354823607,0.6980535377981281,5,0.2896338705262129,0.369,0.30131981279864944,4,0.7657458726905402,0.294,0.26521001746821526,0.272,0.2573480969225989
1887,28.048023871837735,0.040713456969798494,0.2991914991990116,0.5175751507049023,0.7956679686883975,5,1.1549407032923587,0.051000000000000004,0.05406368633853717,6,5.103760170279848,0.025,0.05269602423007233,0.055,0.05426103175059824
1888,8.81996630505232,0.008637012120266718,0.011097516097303464,0.8966929506149881,0.6250658377380268,1,1.6097132006533628,0.211,0.12644406816202372,1,8.99723989126428,0.107,0.0958328430667327,0.247,0.14125203789688992
1889,39.591088890574696,0.010653079031311003,0.18817361685114894,0.8154723175609068,0.6594174540950013,3,1.2869672658667304,0.012,0.01872775148411343,3,6.732027648756949,0.005,0.01856462106929918,0.013000000000000001,0.018767052334305007
1890,15.556292262179223,0.11964154153900317,0.6691693203412314,0.8976109504590525,0.7651009401487242,1,0.6323125270370208,0.18,0.16743081379342215,1,4.022481313483911,0.082,0.15569576564309312,0.15,0.16336513647446724
1891,24.969703516592666,0.0691351981322475,0.16809736077050022,0.6388530941521746,0.8668968914323846,6,2.80597301248643,0.04,0.0168722158326865,6,23.45973759685947,0.014000000000000002,0.0161923661869966,0.065,0.0176065900988491
1892,25.37993486131748,0.026312793744878757,0.15779949028267157,0.7573256530923134,0.8406471715146167,1,1.3891307461566342,0.05,0.013508031142962229,1,6.927310995464386,0.023,0.01292003325415031,0.058,0.013704425140250304
1893,17.833738964899265,0.00011946929970357178,0.1156608045089816,0.9692221737587102,0.9286586197917446,6,0.5070376098831271,0.129,0.015671673075444065,6,4.600171426393895,0.047,0.012464833105377132,0.096,0.014205372657643323
1894,31.211952811962025,0.013915500080302658,0.02036870468342984,0.9253230543505044,0.8723849688190882,8,0.15035982304387227,0.057,4.045489375445466e-05,4,0.6857538254609269,0.028,3.664587562229871e-05,0.023,3.610352017757723e-05
1895,9.603105572885921,0.07332278026638417,0.17068930072038188,0.5769482752855402,0.907712556473208,6,0.7299543459352551,0.272,0.15240454243325244,3,3.9757892230118523,0.149,0.11064814242230578,0.247,0.14160630274643113
1896,7.5959381886897965,0.869863014290821,0.9481021747050862,0.7306661875800132,0.816407546402263,5,1.4884872745010609,0.293,0.36743293950151545,5,11.508304445266846,0.14,0.34333200255467156,0.326,0.37498371043090073
1897,20.977576619788568,0.04541823176736134,0.05768933192512281,0.6684660814006604,0.7139694219816851,1,1.3915734576969248,0.077,0.0033356236232527647,1,10.265926526106941,0.030000000000000002,0.002867858215034963,0.089,0.003482131853758036
1898,35.15090108476841,0.10683707847028906,0.15852060548506589,0.6247643951443598,0.7636391744265504,3,0.5324153634971686,0.032,0.015768640408268697,3,2.3690157210225107,0.015,0.015362939956010374,0.023,0.015558588236095489
1899,38.13776442258223,0.02676345781307972,0.05567887392439252,0.8249333528389491,0.8080526677928324,5,0.6930126675648047,0.017,0.000361869407794535,5,4.2454119114265385,0.007,0.0003546963361210631,0.014000000000000002,0.00035983384290430576
1900,32.04192325519206,0.07259265411318501,0.07995308315653894,0.9813827107253311,0.7848910809033781,3,0.5942119286424881,0.033,0.0024051737553877905,3,3.940729942921168,0.013000000000000001,0.00231023406343972,0.026000000000000002,0.00236907371380915
1901,16.57793856766033,0.06325472029539723,0.19628805797506269,0.7685093384012852,0.8973457754603016,7,0.8533375086674919,0.138,0.04289594435589078,7,4.352421146791348,0.067,0.037093769037736396,0.129,0.04205937532292947
1902,30.283106944307924,0.023758724252922865,0.1789202178112457,0.8615065678318437,0.9148361783973629,6,4.801852901126707,0.015,0.016794772618875575,6,43.30744720917217,0.005,0.016570430046387835,0.031,0.017203664025289334
1903,4.640685577728132,0.07543285767333366,0.9814480396650699,0.6818030771534581,0.7179234040443805,3,0.4818644771530771,0.394,0.3876730589301508,3,1.3053483307144977,0.341,0.3500816837085122,0.357,0.3598427770155513
1904,38.17010655849943,0.03766916308646377,0.12468268156796088,0.7334379942772014,0.6782331335753141,1,0.406221241108262,0.025,0.005899209745184292,1,1.334695127125166,0.014000000000000002,0.005788624164817041,0.016,0.0058095811701050215
1905,39.606002639133806,0.18349281096484055,0.7544284064797494,0.634946568814211,0.7628994152100252,3,0.3071490711026703,0.025,0.16370710951699238,2,0.7303556866569031,0.016,0.1630827942266142,0.014000000000000002,0.16291546354021869
1906,21.061252377070716,0.094115741374473,0.13633813901959554,0.7576370609581345,0.8524224988500723,8,1.960607692633231,0.064,0.015689471785606784,8,11.08413315095197,0.028,0.014571073138330837,0.08700000000000001,0.016513380700429098
1907,1.594695619500297,0.007014238273998136,0.05940440973457832,0.7888226713912658,0.7946096187833576,8,1.4368390515057905,0.353,0.3772037642207568,8,7.522929426446986,0.252,0.31520881905908504,0.368,0.3916441863447014
1908,25.37181045740037,0.025480378706554917,0.07406887784400538,0.9578865649402928,0.7548575045994682,2,0.8668691678684476,0.055,0.0017620899545658097,2,4.9792490782480465,0.024,0.001630742055337392,0.051000000000000004,0.0017459456346526347
1909,39.82182887052654,0.04808845710598143,0.9252668848394995,0.5556013991926178,0.6733854841943296,8,0.32536126259884857,0.027000000000000003,0.16339020765124657,8,1.286924408368464,0.014000000000000002,0.16283564644633813,0.016,0.16291118341863467
1910,6.072366362756997,0.025971086289727222,0.03739383844581002,0.9402837314912009,0.9195282717538436,2,2.399564810637854,0.20700000000000002,0.19260543756448867,2,19.9480682060358,0.08800000000000001,0.15382476093927858,0.272,0.22374812741315211
1911,14.418383714188847,0.027738336790937707,0.06319257680397074,0.7749752181119058,0.8106240671856518,5,0.37382194129284674,0.212,0.035819383592245596,5,1.0137489795729695,0.14400000000000002,0.027142473486210544,0.14500000000000002,0.027225541170711354
1912,30.9218939486384,0.023061630534006783,0.11498102724805417,0.6156820368926436,0.7068889976530354,2,2.177341672003206,0.027000000000000003,0.004714310762437002,2,14.673740375625473,0.010000000000000002,0.004581225713020554,0.039,0.004820389507259909
1913,9.874820342485117,0.005666200757571396,0.008116278616697092,0.6173508169109979,0.8271233744193937,6,2.690629685197109,0.163,0.08845923869827951,6,16.338089525048456,0.075,0.06956950724231867,0.233,0.1108199446176279
1914,2.610511832648738,0.11283962016653422,0.7237953576283952,0.9905458973594372,0.7515471069538512,5,0.34248163917328944,0.405,0.4194579838286953,7,1.6510410402460627,0.336,0.36414036032059444,0.364,0.38199841264188694
1915,30.55162323294324,0.07711172644386687,0.5322421321802526,0.9877714497776587,0.7260169243731324,8,2.2394421469122334,0.022000000000000002,0.11269029138611975,8,13.34902168064365,0.009000000000000001,0.11196616514643631,0.032,0.1133016284215019
1916,12.673769737689966,0.02231739119523148,0.04122861236351837,0.8727550086017227,0.9906778205019373,8,1.3179305582410161,0.133,0.04045052024399082,8,12.22647222614821,0.048,0.03094359648740838,0.149,0.04279270461337789
1917,30.768615880774213,0.602009610723265,0.9925802219206363,0.8950080846737418,0.8767017334648224,2,0.6001062909547134,0.038,0.294079325045177,2,1.9839315796045118,0.021,0.2924794118431362,0.030000000000000002,0.2932774917492824
1918,34.03910062008585,0.016139529480234446,0.08414418285124832,0.6234608156259903,0.6015453339951535,7,1.1116024258940949,0.028,0.0016109646136886757,7,8.715818672719688,0.010000000000000002,0.0015566333778281316,0.029,0.0016156717981870294
1919,10.424897946514275,0.15006603813679376,0.18780136771959838,0.8580294464019488,0.8251165625747646,4,1.091747943169542,0.20800000000000002,0.1269969560627369,4,5.513223841245282,0.109,0.10288276087544723,0.215,0.12901619664370526
1920,13.205349602588157,0.0074696368986075365,0.014156645940750842,0.6402139971056805,0.6434328741482,1,2.6166206808558843,0.128,0.03257106711375213,1,23.01792472900676,0.047,0.024882970185089393,0.188,0.04114601340726526
1921,19.81339715323887,0.0077373856666899474,0.06250458752979347,0.903148086298511,0.8380093697242289,2,2.5938553962688378,0.051000000000000004,0.0036589548533207394,2,21.102399809807032,0.019000000000000003,0.0032962333987646697,0.08,0.004036013771691549
1922,8.639185821983885,0.05791407400419564,0.23046075044107353,0.9858855858518681,0.7210044713581317,5,0.5622809187467114,0.29,0.18972644435082517,7,3.810571061378474,0.15,0.13762439103788157,0.244,0.16867804564009797
1923,5.689992121884003,0.15060676667029038,0.42877112799514727,0.8467894539889137,0.8454844723630333,1,1.5898154230316786,0.277,0.27049302655258467,1,12.843871559872639,0.132,0.2225294093164181,0.312,0.28778368536687415
1924,24.477366869640214,0.04368310442987942,0.06620898807835747,0.7067101652792391,0.9293162807608475,3,0.4039995745504843,0.08700000000000001,0.001982646826134943,3,3.4358901510035356,0.032,0.0016951105619523177,0.057,0.0018172038579162553
1925,30.611330600078347,0.06012167433387187,0.1693809090048438,0.9652781312059424,0.7276276164109682,8,0.9919661797223357,0.032,0.0153932063898162,8,6.418700522330588,0.013000000000000001,0.014955949284090247,0.032,0.015390254589785712
1926,27.01708134088587,0.028346754410229668,0.05182042821303847,0.9833123270159994,0.6883671707139545,3,0.35949102328258586,0.069,0.0006559844731254261,3,1.2534420817423615,0.038,0.0006002931112439047,0.043000000000000003,0.0006076473050400932
1927,27.12482461758414,0.04299488598737862,0.04347977110801982,0.8872540895929182,0.808527250533177,5,0.36618462198848656,0.066,0.0006352468070878747,5,1.602054151623967,0.033,0.0005772500925779744,0.041,0.0005908049038881036
1928,15.251254352273538,0.33801518366481065,0.6031007931216645,0.8773301119903316,0.671376082029659,5,1.1020124366538566,0.164,0.21650557385521968,5,6.921294356475349,0.074,0.20269766793344846,0.171,0.21766134359390474
1929,8.488214437517934,0.141459514955478,0.3488603045103725,0.5199074468471512,0.8469663201287152,5,1.5860508679958587,0.258,0.20451591726367835,5,8.964942600489998,0.137,0.16733174684047372,0.295,0.22069059593792997
1930,30.296235672196342,0.09899738222362475,0.13552077137029528,0.8348712629814038,0.9728309182052077,7,0.19575967232394761,0.067,0.011554284036535661,7,0.8584133838565936,0.033,0.010857937983179161,0.031,0.010812931340549198
1931,39.99408169320898,0.11451200131066203,0.12389035791530298,0.883408602503147,0.6618076688549456,3,1.5914781304943282,0.010000000000000002,0.009831321786993502,3,14.15459144433415,0.003,0.009727134467409193,0.012,0.009872721741708584
1932,27.7841873168773,0.0100231060248017,0.1754816078900072,0.955656291529657,0.635411036978288,5,2.9529573076526883,0.028,0.016518623775000768,5,28.147679567505577,0.009000000000000001,0.016081362571889884,0.047,0.016997555788206137
1933,39.01216350316534,0.009842760475057367,0.11925112968368641,0.8450148617631703,0.7111933209524984,4,0.2293297254075775,0.028,0.005060881469324652,4,0.43377612073591665,0.02,0.0049963072839150635,0.014000000000000002,0.004938456948075265
1934,11.641114800134657,0.055531484254421594,0.6711087802938831,0.7181483725497735,0.692985206809378,1,1.0036407350133418,0.226,0.1916753837706675,8,5.279857507337762,0.11900000000000001,0.17142162981757192,0.227,0.19174240646744223
1935,13.492082786214445,0.13962165015009914,0.9313189947280631,0.9731661002441724,0.7050834352162996,7,2.5181364101767003,0.122,0.1987903539153706,7,24.591926365948755,0.044000000000000004,0.19021544060501708,0.178,0.20652360137398315
1936,24.164469398847324,0.07528466328828587,0.07914564651741267,0.6152238526011553,0.7266113654828338,3,0.6851856525948707,0.08700000000000001,0.004339050049758708,4,2.119209536288077,0.052000000000000005,0.003956293683912787,0.07300000000000001,0.004181630627669575
1937,11.435743056067986,0.35129622867000637,0.9357517660317071,0.7644346356440919,0.8994450721475254,4,0.42950417221863035,0.295,0.29401133831411946,3,1.7169734353669799,0.184,0.26921778899274296,0.224,0.27704021883831226
1938,33.5868843617956,0.06568456201057325,0.07655608621028043,0.9615365409446477,0.8853142907767753,6,3.0100534019365113,0.012,0.001780024666385549,6,18.908220381632457,0.005,0.0017552947292553689,0.021,0.0018108695705846833
1939,20.21536692376018,0.06495506881453365,0.633424368483401,0.741012076766424,0.8916161046943076,5,1.6013299398779197,0.081,0.13584782763847061,5,9.556308511164792,0.035,0.13285243353904422,0.099,0.13720902661355988
1940,10.754497005564806,0.07191373174028663,0.11246653413347595,0.7671078293896175,0.694201785847066,2,0.3470251063731552,0.304,0.1352647868579663,8,1.362516061231172,0.197,0.09345486731498262,0.22,0.10032280741405597
1941,1.9897747843822464,0.30173289109437945,0.720625673088423,0.7246849749551726,0.7163351127045686,2,0.47108813463734217,0.41400000000000003,0.4349322418935878,2,3.128883712252973,0.337,0.3751947860779036,0.393,0.41241386483725606
1942,30.924442274462525,0.8315248306022416,0.9486779520082907,0.6867988499999064,0.745376004695778,8,0.6460788438428658,0.045,0.321207440173193,8,3.564799228126772,0.02,0.31899810331702655,0.036000000000000004,0.32045225006736927
1943,3.241598132623624,0.024782880706593676,0.02723545797637349,0.5735474408081888,0.7478867799874729,1,4.946962730444314,0.269,0.2891290108134058,1,33.560333797986324,0.14,0.23755258689349731,0.365,0.3595249271698472
1944,38.93489153432046,0.04773728111498936,0.6711401619676032,0.8616997746058345,0.7061981542780095,3,0.9896834238757327,0.014000000000000002,0.1345543849481185,3,6.308518008055259,0.005,0.13414790713058247,0.014000000000000002,0.13455100163288602
1945,10.39810623031392,0.02750458243346417,0.03919387272960298,0.690375798134233,0.8089199102286526,6,0.9935150891430345,0.218,0.09567155491154325,6,6.303641064704724,0.10400000000000001,0.06759987058785291,0.217,0.09551001058679323
1946,34.67693825507541,0.011923018149751793,0.01464610025989684,0.6286372332665522,0.9596149094593426,8,0.27740752423435705,0.034,9.702810950473761e-06,8,0.9405550762017885,0.019000000000000003,9.250395429927227e-06,0.018000000000000002,9.234587110856785e-06
1947,17.562374795234447,0.01678587496089444,0.04312446272684486,0.596490949850654,0.9616632436087784,8,0.615733702910622,0.135,0.008543097343557071,8,2.2058069808238576,0.076,0.006763251856835351,0.109,0.007684293443064316
1948,13.38480160096123,0.07060987154092292,0.8406225936714129,0.7493286332060015,0.6158262518940395,7,3.965195992080603,0.11900000000000001,0.1801441602832924,7,31.414440233406737,0.047,0.17277977745828313,0.20400000000000001,0.19214464065657405
1949,21.884627579431122,0.04561634240088933,0.05691582007216364,0.6518311640842649,0.8550984832829702,6,0.2755337425661825,0.136,0.00327402522866449,6,1.1715169384182875,0.07100000000000001,0.0025998845044572783,0.077,0.0026467845108273935
1950,6.5748719442061345,0.18651963563971694,0.7690759841039877,0.8407760531881036,0.8139022593383739,6,2.9097689434100524,0.222,0.27248567252652023,6,21.86309637867429,0.1,0.24453435196621487,0.306,0.30139868105266143
1951,23.00224060958509,0.07338974683110967,0.9398217517617992,0.9930597573094576,0.9050591921925062,6,0.26798564381409873,0.11800000000000001,0.17117098291902266,6,0.9447634255260089,0.067,0.16835798786077794,0.065,0.16826862097990491
1952,28.12057849152914,0.06902993932919972,0.09451438495197385,0.6123764539069027,0.7781248572799844,7,3.724163416941937,0.026000000000000002,0.003630482738063351,7,30.366818595096824,0.009000000000000001,0.0035103479182719,0.049,0.0038108895180335722
1953,21.544387451718542,0.02794199527598061,0.057925472021855544,0.6042365409740121,0.9938770137320997,3,1.3517646466417135,0.066,0.0023855041805382338,3,5.467899136609914,0.034,0.0021513626730438606,0.075,0.0024666692226437137
1954,11.850707740297942,0.01823984304504911,0.5751477414285169,0.8733989874382408,0.6322569716169277,8,0.13020676633032088,0.373,0.23351412899114646,8,0.42184319294623795,0.28200000000000003,0.1909972302361935,0.215,0.17214064405580087
1955,15.639483413078858,0.006561422388107733,0.16909213764816325,0.6432350532809095,0.8049761028995106,2,0.24211815684516824,0.258,0.05382239428855032,2,0.5385768986916928,0.195,0.043660637632964405,0.153,0.03875187688522691
1956,2.1580962106358292,0.012668860788534542,0.02354161438840122,0.676001347652682,0.643651545776341,2,0.9687529465476246,0.376,0.39213333350634805,2,6.915884093545592,0.27,0.3121899494238358,0.375,0.3908443173195838
1957,17.521132998025355,0.01995984572047584,0.2692993065953104,0.6508495704196685,0.9924066924453728,6,0.42155540118761314,0.179,0.06325584259189745,6,1.5083289641475746,0.106,0.05613640082690444,0.126,0.057896200536911024
1958,18.058861288504453,0.07573307066663264,0.10391462352081915,0.7693093880555291,0.6587272714215154,2,2.8768737856585527,0.076,0.014273075664554713,2,13.058121098822257,0.037000000000000005,0.012893709778702356,0.121,0.01629433226175181
1959,13.725572361291746,0.06810448284532344,0.13467389059104487,0.5846222027758633,0.7239569108256965,7,3.200848354618627,0.11900000000000001,0.04405338707258588,7,27.76388798318515,0.044000000000000004,0.03648246961560983,0.19,0.05452445914718021
1960,30.307244382680302,0.027193516676175068,0.2927970819827949,0.6350676585023244,0.9294765370410785,5,0.30923852472436913,0.063,0.052373558808260834,5,1.5904235116080434,0.029,0.05059653834147276,0.036000000000000004,0.05095802144890901
1961,33.35455779156996,0.009666572783606046,0.013174443317228826,0.9885706852855469,0.7993754111250807,6,0.5756839465845136,0.023,1.0323385666921592e-05,6,3.7794242337822093,0.009000000000000001,9.850334316163778e-06,0.018000000000000002,1.013338694150212e-05
1962,29.282715501677142,0.0652560098981673,0.11690490963951786,0.8267428850954064,0.6988349563895453,2,1.078073023439465,0.039,0.005944211545508976,2,9.864114358375586,0.013000000000000001,0.005668772088353591,0.04,0.005960429714591764
1963,17.61950113039684,0.010779988131147661,0.31296283137005904,0.6203583492525377,0.8086285978733534,7,0.4236703595991989,0.197,0.07827851523855991,2,4.030107865371301,0.076,0.06637742104674352,0.14,0.07195467617000062
1964,31.70720015488144,0.1761198396827346,0.561475317719421,0.5568366440558976,0.8881467072999447,6,0.26134780593446244,0.064,0.1366080027837159,6,1.7098163908338941,0.026000000000000002,0.13346330094050182,0.034,0.13407814971715068
1965,31.52935051114575,0.08088115847603743,0.13154309787916127,0.5378970532006603,0.9660369794218637,3,0.6535893014264098,0.041,0.008745486035233896,3,2.283711517456122,0.022000000000000002,0.008462472265972104,0.033,0.008627601801408702
1966,2.8341213137864596,0.001484889944453157,0.0034506564300783656,0.7479236536316384,0.643182379830029,2,7.294932704624731,0.242,0.28487791306336896,2,64.72925670298308,0.107,0.23746863850769767,0.365,0.366866504094578
1967,14.82763067568677,0.051298167096921546,0.16963725460187395,0.8430620868084333,0.7669333315607102,5,0.04668935135245392,0.387,0.11682589551083253,2,0.1331076205257537,0.304,0.0764981379475024,0.15,0.04568606701265121
1968,39.91174712538339,0.02535849850985389,0.05265106744801942,0.7389373967321573,0.7688412835109817,4,1.7834706433100835,0.009000000000000001,0.000283968573411425,4,11.364445684135223,0.004,0.0002808202607942345,0.012,0.00028573872506967857
1969,0.15938553800845412,0.001956428012942043,0.1652741880477612,0.8363458913738793,0.636391965238973,2,0.8462343877908444,0.387,0.43578060170041644,2,5.5778882337671245,0.316,0.37398765980196813,0.384,0.43105672929740685
1970,15.033398794304572,0.6780041314282794,0.8595041816942596,0.5097916107043889,0.9902493667418719,2,1.0875542552692312,0.182,0.31440469208586747,2,6.354050356354463,0.08600000000000001,0.30200669302631017,0.188,0.3153011618060666
1971,36.01817825344276,0.026570486467638512,0.23976066283415376,0.5438467154593533,0.6791182119088737,3,1.856493918143007,0.018000000000000002,0.03358482123072534,3,11.584219345506977,0.007,0.03318975815708031,0.024,0.0338259813323839
1972,32.930394130115154,0.054233036302569385,0.10369827201136475,0.666327759451869,0.7489276813774105,4,0.9558655486020118,0.030000000000000002,0.0036545190481074297,7,6.854546611714538,0.011,0.00353201433597386,0.029,0.0036500564579970696
1973,10.129291750502322,0.9662557698023547,0.9865675750693336,0.9425142472721875,0.8587277053651912,2,0.7599025336917469,0.27,0.367220787397906,4,6.509710731754739,0.11900000000000001,0.3471490212928143,0.246,0.36344986552959885
1974,19.67747370678854,0.12022373254674718,0.23652344635680606,0.8194308114681964,0.6808953427312248,1,1.1052442860389415,0.106,0.050526085335143245,1,4.8296218018415145,0.054,0.04661862442095194,0.11,0.050926218315760774
1975,33.08279553733105,0.015296161453665948,0.5089412255522775,0.9327756035449415,0.9440530902338471,2,0.07292035699239924,0.076,0.1099738439887403,3,0.19210622661464383,0.048,0.10824935656717768,0.022000000000000002,0.10670693133045756
1976,2.9343484346751887,0.019513359239852694,0.028335683254207277,0.5874633004299625,0.6277553077434321,3,0.6226103337454939,0.39,0.39628769973353845,3,1.7909548963138942,0.34900000000000003,0.34939508924037954,0.374,0.3758733969306435
1977,17.493964049094714,0.016556529537307223,0.044269326829854676,0.827655284502067,0.7096794472351168,5,1.0817680751903065,0.10500000000000001,0.007798324823138719,4,6.901804250325286,0.045,0.006217360510645059,0.109,0.007915146795970718
1978,30.19368139479126,0.06953206242097305,0.07008748190176041,0.8299431271119744,0.8601815919628251,4,0.45722619820245286,0.047,0.001922725449429924,4,2.228882088686085,0.022000000000000002,0.0018203988217934675,0.032,0.0018613628031796114
1979,9.411727101721022,0.009046114062225734,0.17461972528490022,0.5010520153213566,0.7293781788246618,3,0.10336895858785752,0.422,0.2889184005449895,3,0.20906378856358773,0.388,0.24048983222422693,0.277,0.15668033191547093
1980,35.504170465063794,0.02945300326983258,0.10587592054888763,0.959250601787505,0.8348304490301202,8,0.10348915601162048,0.052000000000000005,0.0036646013438476344,8,0.21197672623731723,0.037000000000000005,0.003560366680441379,0.017,0.0034348606176125007
1981,2.8377889227314608,0.011460655703501636,0.02837566197447142,0.6785311503147589,0.613320603636134,3,1.2787664917553865,0.36,0.36228327931144616,3,10.03935796593524,0.23,0.27937717975632526,0.371,0.3733405870701272
1982,27.340750086830084,0.06609087624000673,0.07538298845354195,0.5506079143979867,0.9091926438673494,3,0.49042546394454295,0.07100000000000001,0.002505782471116935,3,1.926624852737187,0.037000000000000005,0.002310244296268721,0.051000000000000004,0.002385348696074263
1983,37.971770925317315,0.07646480835052948,0.15685087903647296,0.9102662459099817,0.7826758164661609,5,0.5738523551124046,0.018000000000000002,0.012604649809816681,5,2.209437388140633,0.009000000000000001,0.01243400345002696,0.014000000000000002,0.012519800310461654
1984,15.317075551763596,0.0016140847052943308,0.07639360850890471,0.6628631383226604,0.7023103414661185,8,0.6625304943949358,0.179,0.02493428927547653,8,3.4836418644074225,0.08800000000000001,0.017843169588290575,0.152,0.022385076013407612
1985,33.65980993735726,0.013731281448194056,0.04858474736245311,0.8114761779235483,0.657127713459904,8,0.9282928111905395,0.026000000000000002,0.00023856660386731288,8,4.345222475012194,0.012,0.00023140082655345728,0.025,0.00023807166515171785
1986,37.34480142421659,0.07598391672468531,0.5966065494746131,0.916076585506735,0.8174343295724201,6,0.41976484459141555,0.022000000000000002,0.12425931628998632,6,3.1598509519197004,0.008,0.12348630042533604,0.015,0.12383061327014655
1987,39.5865339172495,0.031416143082660344,0.04387949455896109,0.8374668810319615,0.8287980795247943,3,0.8182021682671482,0.013000000000000001,0.0001746106660059643,3,3.7247809101109834,0.006,0.00017219766155271432,0.012,0.00017417594102611678
1988,2.420206615085315,0.18678878419375602,0.24416281151113317,0.8190078083674696,0.9706096662844164,3,0.857896982392713,0.361,0.371971801317651,3,3.5232624348915165,0.275,0.31725033145186604,0.354,0.36564929618346653
1989,9.738273612266454,0.06615136154048194,0.0768186130993197,0.6096817346209618,0.7953861125515098,8,0.861740108017546,0.255,0.12925188598273754,8,3.663193596781002,0.152,0.0949134580989612,0.244,0.12434110299572818
1990,29.730597527292556,0.027301679119744314,0.18901574431323317,0.5585011390782206,0.621116549672794,1,0.185681085291227,0.107,0.022326051829023363,8,0.6063100411279231,0.063,0.02078636225205943,0.05,0.02038335942592026
1991,28.497819209635857,0.1944685281916358,0.7682535002205884,0.9292163970696473,0.8066112131674164,7,0.2716322351104813,0.07300000000000001,0.17262117670360674,7,0.7831381991941188,0.044000000000000004,0.17022601694042142,0.039,0.169835255601446
1992,11.646640364384506,0.02300240472267629,0.04592344341910246,0.6853389145366126,0.9799666976082235,8,3.991865603587465,0.10200000000000001,0.049074222971513815,8,37.97955145814297,0.036000000000000004,0.0406301297326426,0.182,0.06348272278517181
1993,9.988377607197176,0.0264209187292571,0.164183253607894,0.9385640330896968,0.8970321285213698,5,0.35393633957867066,0.28200000000000003,0.1454453533897692,7,1.2452185471622943,0.186,0.10946549666841485,0.202,0.11411215627158194
1994,4.144795098410775,0.1227183110563896,0.1316098023990862,0.70531249106626,0.9225758181790141,8,0.1224662402760993,0.41400000000000003,0.4114242550799333,8,0.3778323699380814,0.383,0.36153233908436716,0.334,0.31390685659583406
1995,22.56891250536359,0.002347961811493554,0.00437509371115064,0.8623045869754513,0.7981423499758327,1,2.8053457700026283,0.035,0.0005835300581031599,1,24.041719874683295,0.012,0.0005328912920238849,0.057,0.0006404085837998508
1996,22.61993382882559,0.047806868164990544,0.2694490040021817,0.7609105926262837,0.8689466812813117,6,0.7241057895406695,0.09,0.048888355437929715,6,3.474868146224104,0.043000000000000003,0.04623914186654049,0.077,0.04814863542034786
1997,9.101914402780015,0.012607672899034682,0.06450097207170942,0.7281319812010137,0.8223544180885759,3,3.621356220413146,0.148,0.10282351296131159,3,27.753688829731132,0.061,0.08328184839770802,0.23800000000000002,0.132696190128015
1998,17.7167898163064,0.029102269857394197,0.1491071583362841,0.8473209974907132,0.8824728456704978,3,1.0291317734199137,0.108,0.022235217852333566,3,7.682589131748325,0.043000000000000003,0.01914912770816926,0.109,0.022310685405947772
1999,13.15176162850352,0.027556903934693334,0.06275009225152862,0.5939770896368715,0.9092018994529824,6,5.601179720754445,0.083,0.0316535511978511,6,52.06197532467299,0.029,0.026965943840718987,0.17300000000000001,0.04302565853898471
